norm_id;stofnaam;casnummer;aquocode;categorie;compartiment;norm;waarde;eenheid;compartimentcode;compartimentomschrijving;grootheidcode;grootheidomschrijving;hoedanigheidcode;hoedanigheidomschrijving;waardebewerkingsmethodecode;waardebewerkingsmethodeomschrijving
1;1-(3,4-dichloorfenyl)ureum;2327-02-8;134DClFyurum;Milieu;Oppervlaktewater zoet;Landoppervlaktewateren Indicatief MTR (opgelost);100;µg/l;OW;Oppervlaktewater;CONCTTE;(massa)Concentratie;nf;na filtratie (opgeloste fractie);P90;90-Percentiel
2;1-(4-chloorfenyl)ureum;140-38-5;14ClFyurum;Milieu;Oppervlaktewater zoet;Landoppervlaktewateren Indicatief MTR (opgelost);7,2;µg/l;OW;Oppervlaktewater;CONCTTE;(massa)Concentratie;nf;na filtratie (opgeloste fractie);P90;90-Percentiel
4;1-(4-isopropylfenyl)-3-methylureum;34123-57-4;14iC3yFy3C1y;Milieu;Oppervlaktewater zoet;Landoppervlaktewateren Indicatief MTR (opgelost);2,3;µg/l;OW;Oppervlaktewater;CONCTTE;(massa)Concentratie;nf;na filtratie (opgeloste fractie);P90;90-Percentiel
5;1-(4-isopropylfenyl)ureum;56046-17-4;14iC3yFyurum;Milieu;Oppervlaktewater zoet;Landoppervlaktewateren Indicatief MTR (opgelost);2,3;µg/l;OW;Oppervlaktewater;CONCTTE;(massa)Concentratie;nf;na filtratie (opgeloste fractie);P90;90-Percentiel
7;1,1,1-trichloorethaan;71-55-6;111TClC2a;Milieu;Grondwater;Signaleringsparameter  beoordeling grondwatersanering (opgelost);300;µg/l;GW;Grondwater;CONCTTE;(massa)Concentratie;nf;na filtratie;Nee;
12;1,1,1-trichloorethaan;71-55-6;111TClC2a;Milieu;Oppervlaktewater zoet;log Kp l/kg (zwevend stof);1,09;;OW;Oppervlaktewater;NVT;Niet van toepassing;NVT;Niet van toepassing;NVT;Niet van toepassing
23;1,1,1-trichloorethaan;71-55-6;111TClC2a;Milieu;Oppervlaktewater zoet;Landoppervlaktewateren JG-MKN (totaal);21;µg/l;OW;Oppervlaktewater;CONCTTE;(massa)Concentratie;NVT;Niet van toepassing;JGM;Jaargemiddelde
24;1,1,1-trichloorethaan;71-55-6;111TClC2a;Milieu;Oppervlaktewater zoet;Landoppervlaktewateren MAC-MKN (totaal);54;µg/l;OW;Oppervlaktewater;CONCTTE;(massa)Concentratie;NVT;Niet van toepassing;MAX;Maximum
25;1,1,1-trichloorethaan;71-55-6;111TClC2a;Milieu;Oppervlaktewater zout;Andere oppervlaktewateren JG-MKN (totaal);2,1;µg/l;OW;Oppervlaktewater;CONCTTE;(massa)Concentratie;NVT;Niet van toepassing;JGM;Jaargemiddelde
26;1,1,1-trichloorethaan;71-55-6;111TClC2a;Milieu;Oppervlaktewater zout;Andere oppervlaktewateren MAC-MKN (totaal);5,4;µg/l;OW;Oppervlaktewater;CONCTTE;(massa)Concentratie;NVT;Niet van toepassing;MAX;Maximum
29;1,1,1-trichloorethaan;71-55-6;111TClC2a;Milieu;Grondwater;Standaardwaarden grondwater (inclusief AC) (opgelost);0,01;µg/l;GW;Grondwater;CONCTTE;(massa)Concentratie;nf;na filtratie;Nee;
55;1,1,2,2-tetrachloorethaan;79-34-5;1122T4ClC2a;Milieu;Oppervlaktewater zoet;log Kp l/kg (zwevend stof);1,19;;OW;Oppervlaktewater;NVT;Niet van toepassing;NVT;Niet van toepassing;NVT;Niet van toepassing
56;1,1,2,2-tetrachloorethaan;79-34-5;1122T4ClC2a;Milieu;Oppervlaktewater zoet;Landoppervlaktewateren JG-MKN (totaal);8;µg/l;OW;Oppervlaktewater;CONCTTE;(massa)Concentratie;NVT;Niet van toepassing;JGM;Jaargemiddelde
57;1,1,2,2-tetrachloorethaan;79-34-5;1122T4ClC2a;Milieu;Oppervlaktewater zoet;Landoppervlaktewateren MAC-MKN (totaal);84;µg/l;OW;Oppervlaktewater;CONCTTE;(massa)Concentratie;NVT;Niet van toepassing;MAX;Maximum
58;1,1,2,2-tetrachloorethaan;79-34-5;1122T4ClC2a;Milieu;Oppervlaktewater zout;Andere oppervlaktewateren JG-MKN (totaal);0,8;µg/l;OW;Oppervlaktewater;CONCTTE;(massa)Concentratie;NVT;Niet van toepassing;JGM;Jaargemiddelde
59;1,1,2,2-tetrachloorethaan;79-34-5;1122T4ClC2a;Milieu;Oppervlaktewater zout;Andere oppervlaktewateren MAC-MKN (totaal);8,4;µg/l;OW;Oppervlaktewater;CONCTTE;(massa)Concentratie;NVT;Niet van toepassing;MAX;Maximum
61;1,1,2-trichloorethaan;79-00-5;112TClC2a;Milieu;Grondwater;Signaleringsparameter  beoordeling grondwatersanering (opgelost);130;µg/l;GW;Grondwater;CONCTTE;(massa)Concentratie;nf;na filtratie;Nee;
63;1,1,2-trichloorethaan;79-00-5;112TClC2a;Milieu;Oppervlaktewater zoet;log Kp l/kg (zwevend stof);1,02;;OW;Oppervlaktewater;NVT;Niet van toepassing;NVT;Niet van toepassing;NVT;Niet van toepassing
64;1,1,2-trichloorethaan;79-00-5;112TClC2a;Milieu;Oppervlaktewater zoet;Landoppervlaktewateren JG-MKN (totaal);22;µg/l;OW;Oppervlaktewater;CONCTTE;(massa)Concentratie;NVT;Niet van toepassing;JGM;Jaargemiddelde
65;1,1,2-trichloorethaan;79-00-5;112TClC2a;Milieu;Oppervlaktewater zoet;Landoppervlaktewateren MAC-MKN (totaal);300;µg/l;OW;Oppervlaktewater;CONCTTE;(massa)Concentratie;NVT;Niet van toepassing;MAX;Maximum
66;1,1,2-trichloorethaan;79-00-5;112TClC2a;Milieu;Oppervlaktewater zout;Andere oppervlaktewateren JG-MKN (totaal);22;µg/l;OW;Oppervlaktewater;CONCTTE;(massa)Concentratie;NVT;Niet van toepassing;JGM;Jaargemiddelde
67;1,1,2-trichloorethaan;79-00-5;112TClC2a;Milieu;Oppervlaktewater zout;Andere oppervlaktewateren MAC-MKN (totaal);190;µg/l;OW;Oppervlaktewater;CONCTTE;(massa)Concentratie;NVT;Niet van toepassing;MAX;Maximum
68;1,1,2-trichloorethaan;79-00-5;112TClC2a;Milieu;Grondwater;Standaardwaarden grondwater (inclusief AC) (opgelost);0,01;µg/l;GW;Grondwater;CONCTTE;(massa)Concentratie;nf;na filtratie;Nee;
92;1,1,2-trichloortrifluorethaan;76-13-1;CFK113;Milieu;Oppervlaktewater zoet;Landoppervlaktewateren MTR (opgelost);3,7;µg/l;OW;Oppervlaktewater;CONCTTE;(massa)Concentratie;nf;na filtratie (opgeloste fractie);P90;90-Percentiel
96;1,1-dichloorethaan;75-34-3;11DClC2a;Milieu;Grondwater;Signaleringsparameter  beoordeling grondwatersanering (opgelost);900;µg/l;GW;Grondwater;CONCTTE;(massa)Concentratie;nf;na filtratie;Nee;
99;1,1-dichloorethaan;75-34-3;11DClC2a;Milieu;Sediment;Sediment MTR (droge stof);2;mg/kg;BS;Bodem/Sediment;MASSFTE;Massafractie;dg;t.o.v. drooggewicht;;
100;1,1-dichloorethaan;75-34-3;11DClC2a;Milieu;Oppervlaktewater zoet;log Kp l/kg (zwevend stof);0,33;;OW;Oppervlaktewater;NVT;Niet van toepassing;NVT;Niet van toepassing;NVT;Niet van toepassing
103;1,1-dichloorethaan;75-34-3;11DClC2a;Milieu;Oppervlaktewater zoet;Landoppervlaktewateren MTR (totaal);700;µg/l;OW;Oppervlaktewater;CONCTTE;(massa)Concentratie;NVT;Niet van toepassing;P90;90-Percentiel
106;1,1-dichloorethaan;75-34-3;11DClC2a;Milieu;Grondwater;Standaardwaarden grondwater (inclusief AC) (opgelost);7;µg/l;GW;Grondwater;CONCTTE;(massa)Concentratie;nf;na filtratie;Nee;
139;1,1-dichlooretheen (ZZS);75-35-4;11DClC2e;Milieu;Grondwater;Signaleringsparameter  beoordeling grondwatersanering (opgelost);10;µg/l;GW;Grondwater;CONCTTE;(massa)Concentratie;nf;na filtratie;Nee;
142;1,1-dichlooretheen (ZZS);75-35-4;11DClC2e;Milieu;Oppervlaktewater zoet;log Kp l/kg (zwevend stof);0,89;;OW;Oppervlaktewater;NVT;Niet van toepassing;NVT;Niet van toepassing;NVT;Niet van toepassing
143;1,1-dichlooretheen (ZZS);75-35-4;11DClC2e;Milieu;Oppervlaktewater zoet;Landoppervlaktewateren JG-MKN (totaal);9;µg/l;OW;Oppervlaktewater;CONCTTE;(massa)Concentratie;NVT;Niet van toepassing;JGM;Jaargemiddelde
144;1,1-dichlooretheen (ZZS);75-35-4;11DClC2e;Milieu;Oppervlaktewater zoet;Landoppervlaktewateren MAC-MKN (totaal);90;µg/l;OW;Oppervlaktewater;CONCTTE;(massa)Concentratie;NVT;Niet van toepassing;MAX;Maximum
145;1,1-dichlooretheen (ZZS);75-35-4;11DClC2e;Milieu;Oppervlaktewater zout;Andere oppervlaktewateren JG-MKN (totaal);0,9;µg/l;OW;Oppervlaktewater;CONCTTE;(massa)Concentratie;NVT;Niet van toepassing;JGM;Jaargemiddelde
146;1,1-dichlooretheen (ZZS);75-35-4;11DClC2e;Milieu;Oppervlaktewater zout;Andere oppervlaktewateren MAC-MKN (totaal);9;µg/l;OW;Oppervlaktewater;CONCTTE;(massa)Concentratie;NVT;Niet van toepassing;MAX;Maximum
161;1,1-dichlooretheen (ZZS);75-35-4;11DClC2e;Milieu;Grondwater;Standaardwaarden grondwater (inclusief AC) (opgelost);0,01;µg/l;GW;Grondwater;CONCTTE;(massa)Concentratie;nf;na filtratie;Nee;
185;1,2,3,4-tetrachloorbenzeen;634-66-2;1234T4ClBen;Milieu;Sediment;Sediment MTR (droge stof);7;mg/kg;BS;Bodem/Sediment;MASSFTE;Massafractie;dg;t.o.v. drooggewicht;;
186;1,2,3,4-tetrachloorbenzeen;634-66-2;1234T4ClBen;Milieu;Oppervlaktewater zoet;log Kp l/kg (zwevend stof);2,85;;OW;Oppervlaktewater;NVT;Niet van toepassing;NVT;Niet van toepassing;NVT;Niet van toepassing
187;1,2,3,5-tetrachloorbenzeen;634-90-2;1235T4ClBen;Milieu;Sediment;Sediment MTR (droge stof);7;mg/kg;BS;Bodem/Sediment;MASSFTE;Massafractie;dg;t.o.v. drooggewicht;;
188;1,2,3,5-tetrachloorbenzeen;634-90-2;1235T4ClBen;Milieu;Oppervlaktewater zoet;log Kp l/kg (zwevend stof);2,85;;OW;Oppervlaktewater;NVT;Niet van toepassing;NVT;Niet van toepassing;NVT;Niet van toepassing
232;1,2,4,5-tetrachloorbenzeen;95-94-3;1245T4ClBen;Milieu;Sediment;Sediment MTR (droge stof);7;mg/kg;BS;Bodem/Sediment;MASSFTE;Massafractie;dg;t.o.v. drooggewicht;;
233;1,2,4,5-tetrachloorbenzeen;95-94-3;1245T4ClBen;Milieu;Oppervlaktewater zoet;log Kp l/kg (zwevend stof);2,85;;OW;Oppervlaktewater;NVT;Niet van toepassing;NVT;Niet van toepassing;NVT;Niet van toepassing
280;1,2-dibroomethaan (ZZS);106-93-4;12DBrC2a;Milieu;Oppervlaktewater zoet;log Kp l/kg (zwevend stof);0,71;;OW;Oppervlaktewater;NVT;Niet van toepassing;NVT;Niet van toepassing;NVT;Niet van toepassing
281;1,2-dibroomethaan (ZZS);106-93-4;12DBrC2a;Milieu;Oppervlaktewater zoet;Landoppervlaktewateren JG-MKN (totaal);0,0033;µg/l;OW;Oppervlaktewater;CONCTTE;(massa)Concentratie;NVT;Niet van toepassing;JGM;Jaargemiddelde
282;1,2-dibroomethaan (ZZS);106-93-4;12DBrC2a;Milieu;Oppervlaktewater zoet;Landoppervlaktewateren MAC-MKN (totaal);0,4;µg/l;OW;Oppervlaktewater;CONCTTE;(massa)Concentratie;NVT;Niet van toepassing;MAX;Maximum
283;1,2-dibroomethaan (ZZS);106-93-4;12DBrC2a;Milieu;Oppervlaktewater zout;Andere oppervlaktewateren JG-MKN (totaal);0,0033;µg/l;OW;Oppervlaktewater;CONCTTE;(massa)Concentratie;NVT;Niet van toepassing;JGM;Jaargemiddelde
298;2,3-dichloornitrobenzeen;3209-22-1;23DClNO2Ben;Milieu;Oppervlaktewater zoet;Landoppervlaktewateren MTR (opgelost);1,4;µg/l;OW;Oppervlaktewater;CONCTTE;(massa)Concentratie;nf;na filtratie (opgeloste fractie);P90;90-Percentiel
299;3,4-dichloornitrobenzeen;99-54-7;34DClNO2Ben;Milieu;Oppervlaktewater zoet;Landoppervlaktewateren MTR (opgelost);1,4;µg/l;OW;Oppervlaktewater;CONCTTE;(massa)Concentratie;nf;na filtratie (opgeloste fractie);P90;90-Percentiel
302;1,2-dichloorbenzeen;95-50-1;12DClBen;Milieu;Sediment;Sediment MTR (droge stof);6;mg/kg;BS;Bodem/Sediment;MASSFTE;Massafractie;dg;t.o.v. drooggewicht;;
304;1,2-dichloorbenzeen;95-50-1;12DClBen;Milieu;Oppervlaktewater zoet;log Kp l/kg (zwevend stof);1,71;;OW;Oppervlaktewater;NVT;Niet van toepassing;NVT;Niet van toepassing;NVT;Niet van toepassing
309;1,2-dichloorethaan (ZZS);107-06-2;12DClC2a;Milieu;Grondwater;Signaleringsparameter  beoordeling grondwatersanering (opgelost);400;µg/l;GW;Grondwater;CONCTTE;(massa)Concentratie;nf;na filtratie;Nee;
311;1,2-dichloorethaan (ZZS);107-06-2;12DClC2a;Milieu;Oppervlaktewater zoet;Landoppervlaktewateren wettelijk JG-MKN (totaal);10;µg/l;OW;Oppervlaktewater;CONCTTE;(massa)Concentratie;NVT;Niet van toepassing;JGM;Jaargemiddelde
312;1,2-dichloorethaan (ZZS);107-06-2;12DClC2a;Milieu;Oppervlaktewater zout;Andere oppervlaktewateren wettelijk JG-MKN (totaal);10;µg/l;OW;Oppervlaktewater;CONCTTE;(massa)Concentratie;NVT;Niet van toepassing;JGM;Jaargemiddelde
330;1,2-dichloorethaan (ZZS);107-06-2;12DClC2a;Milieu;Grondwater;Standaardwaarden grondwater (inclusief AC) (opgelost);7;µg/l;GW;Grondwater;CONCTTE;(massa)Concentratie;nf;na filtratie;Nee;
355;1,2-dichlooretheen (cis/trans-mengsel);540-59-0;12DClC2e;Milieu;Grondwater;Signaleringsparameter  beoordeling grondwatersanering (opgelost);20;µg/l;GW;Grondwater;CONCTTE;(massa)Concentratie;nf;na filtratie;Nee;
357;1,2-dichlooretheen (cis/trans-mengsel);540-59-0;12DClC2e;Milieu;Oppervlaktewater zoet;log Kp l/kg (zwevend stof);0,68;;OW;Oppervlaktewater;NVT;Niet van toepassing;NVT;Niet van toepassing;NVT;Niet van toepassing
358;1,2-dichlooretheen (cis/trans-mengsel);540-59-0;12DClC2e;Milieu;Oppervlaktewater zoet;Landoppervlaktewateren JG-MKN (totaal);6,8;µg/l;OW;Oppervlaktewater;CONCTTE;(massa)Concentratie;NVT;Niet van toepassing;JGM;Jaargemiddelde
360;1,2-dichlooretheen (cis/trans-mengsel);540-59-0;12DClC2e;Milieu;Oppervlaktewater zout;Andere oppervlaktewateren JG-MKN (totaal);0,68;µg/l;OW;Oppervlaktewater;CONCTTE;(massa)Concentratie;NVT;Niet van toepassing;JGM;Jaargemiddelde
373;1,2-dichlooretheen (cis/trans-mengsel);540-59-0;12DClC2e;Milieu;Grondwater;Standaardwaarden grondwater (inclusief AC) (opgelost);0,01;µg/l;GW;Grondwater;CONCTTE;(massa)Concentratie;nf;na filtratie;Nee;
397;1,2-dichloorpropaan (ZZS);78-87-5;12DClC3a;Milieu;Oppervlaktewater zoet;Landoppervlaktewateren wettelijk JG-MKN (totaal);280;µg/l;OW;Oppervlaktewater;CONCTTE;(massa)Concentratie;NVT;Niet van toepassing;JGM;Jaargemiddelde
398;1,2-dichloorpropaan (ZZS);78-87-5;12DClC3a;Milieu;Oppervlaktewater zout;Andere oppervlaktewateren wettelijk JG-MKN (totaal);28;µg/l;OW;Oppervlaktewater;CONCTTE;(massa)Concentratie;NVT;Niet van toepassing;JGM;Jaargemiddelde
399;1,2-dichloorpropaan (ZZS);78-87-5;12DClC3a;Milieu;Oppervlaktewater zoet;Landoppervlaktewateren wettelijk MAC-MKN (totaal);1300;µg/l;OW;Oppervlaktewater;CONCTTE;(massa)Concentratie;NVT;Niet van toepassing;MAX;Maximum
400;1,2-dichloorpropaan (ZZS);78-87-5;12DClC3a;Milieu;Oppervlaktewater zout;Andere oppervlaktewateren wettelijk MAC-MKN (totaal);130;µg/l;OW;Oppervlaktewater;CONCTTE;(massa)Concentratie;NVT;Niet van toepassing;MAX;Maximum
403;1,2-dichloorpropaan (ZZS);78-87-5;12DClC3a;Milieu;Oppervlaktewater zoet;log Kp l/kg (zwevend stof);0,70;;OW;Oppervlaktewater;NVT;Niet van toepassing;NVT;Niet van toepassing;NVT;Niet van toepassing
407;1,2-dichloorpropaan (ZZS);78-87-5;12DClC3a;Milieu;Oppervlaktewater zoet;Landoppervlaktewateren JG-MKN (opgelost);280;µg/l;OW;Oppervlaktewater;CONCTTE;(massa)Concentratie;nf;na filtratie (opgeloste fractie);JGM;Jaargemiddelde
408;1,2-dichloorpropaan (ZZS);78-87-5;12DClC3a;Milieu;Oppervlaktewater zoet;Landoppervlaktewateren MAC-MKN (opgelost);1300;µg/l;OW;Oppervlaktewater;CONCTTE;(massa)Concentratie;nf;na filtratie (opgeloste fractie);MAX;Maximum
409;1,2-dichloorpropaan (ZZS);78-87-5;12DClC3a;Milieu;Oppervlaktewater zout;Andere oppervlaktewateren JG-MKN (opgelost);28;µg/l;OW;Oppervlaktewater;CONCTTE;(massa)Concentratie;nf;na filtratie (opgeloste fractie);JGM;Jaargemiddelde
410;1,2-dichloorpropaan (ZZS);78-87-5;12DClC3a;Milieu;Oppervlaktewater zout;Andere oppervlaktewateren MAC-MKN (opgelost);130;µg/l;OW;Oppervlaktewater;CONCTTE;(massa)Concentratie;nf;na filtratie (opgeloste fractie);MAX;Maximum
419;2,6-dichloornitrobenzeen;601-88-7;;Milieu;Oppervlaktewater zoet;Landoppervlaktewateren MTR (opgelost);1,4;µg/l;OW;Oppervlaktewater;CONCTTE;(massa)Concentratie;nf;na filtratie (opgeloste fractie);P90;90-Percentiel
420;1,3,5-tribroom-2-(2,3-dibroom-2-methylpropoxy)benzeen (ZZS);36065-30-2;135TBr223DBr;Milieu;Oppervlaktewater zoet;Landoppervlaktewateren Indicatief MTR (opgelost);1,68E-03;µg/l;OW;Oppervlaktewater;CONCTTE;(massa)Concentratie;nf;na filtratie (opgeloste fractie);P90;90-Percentiel
425;1,3-butadieen (ZZS);106-99-0;13butDen;Milieu;Oppervlaktewater zoet;Landoppervlaktewateren JG-MKN (totaal);6,2E-02;µg/l;OW;Oppervlaktewater;CONCTTE;(massa)Concentratie;NVT;Niet van toepassing;JGM;Jaargemiddelde
426;1,3-butadieen (ZZS);106-99-0;13butDen;Milieu;Oppervlaktewater zout;Andere oppervlaktewateren JG-MKN (totaal);6,2E-02;µg/l;OW;Oppervlaktewater;CONCTTE;(massa)Concentratie;NVT;Niet van toepassing;JGM;Jaargemiddelde
427;1,3-butadieen (ZZS);106-99-0;13butDen;Milieu;Oppervlaktewater zoet;Landoppervlaktewateren MAC-MKN (totaal);330;µg/l;OW;Oppervlaktewater;CONCTTE;(massa)Concentratie;NVT;Niet van toepassing;MAX;Maximum
428;1,3-butadieen (ZZS);106-99-0;13butDen;Milieu;Oppervlaktewater zout;Andere oppervlaktewateren MAC-MKN (totaal);33;µg/l;OW;Oppervlaktewater;CONCTTE;(massa)Concentratie;NVT;Niet van toepassing;MAX;Maximum
431;1,3-butadieen (ZZS);106-99-0;13butDen;Milieu;Oppervlaktewater zoet;log Kp l/kg (zwevend stof);0,78;;OW;Oppervlaktewater;NVT;Niet van toepassing;NVT;Niet van toepassing;NVT;Niet van toepassing
445;2,4-dichloornitrobenzeen;611-06-3;24DClNO2Ben;Milieu;Oppervlaktewater zoet;Landoppervlaktewateren MTR (opgelost);1,4;µg/l;OW;Oppervlaktewater;CONCTTE;(massa)Concentratie;nf;na filtratie (opgeloste fractie);P90;90-Percentiel
446;1,3-dichloor-5-nitrobenzeen;618-62-2;13DCl5NO2Ben;Milieu;Oppervlaktewater zoet;Landoppervlaktewateren MTR (opgelost);1,4;µg/l;OW;Oppervlaktewater;CONCTTE;(massa)Concentratie;nf;na filtratie (opgeloste fractie);P90;90-Percentiel
447;1,3-dichloorbenzeen;541-73-1;13DClBen;Milieu;Sediment;Sediment MTR (droge stof);6;mg/kg;BS;Bodem/Sediment;MASSFTE;Massafractie;dg;t.o.v. drooggewicht;;
449;1,3-dichloorbenzeen;541-73-1;13DClBen;Milieu;Oppervlaktewater zoet;log Kp l/kg (zwevend stof);1,71;;OW;Oppervlaktewater;NVT;Niet van toepassing;NVT;Niet van toepassing;NVT;Niet van toepassing
450;1,3-dichloorpropaan;142-28-9;13DClC3a;Milieu;Oppervlaktewater zoet;Landoppervlaktewateren MTR (totaal);76;µg/l;OW;Oppervlaktewater;CONCTTE;(massa)Concentratie;NVT;Niet van toepassing;P90;90-Percentiel
451;1,3-dichloorpropaan;142-28-9;13DClC3a;Milieu;Oppervlaktewater zoet;Landoppervlaktewateren MTR (opgelost);76;µg/l;OW;Oppervlaktewater;CONCTTE;(massa)Concentratie;nf;na filtratie (opgeloste fractie);P90;90-Percentiel
452;1,3-dichloorpropaan;142-28-9;13DClC3a;Milieu;Sediment;Sediment MTR (droge stof);0,2;mg/kg;BS;Bodem/Sediment;MASSFTE;Massafractie;dg;t.o.v. drooggewicht;;
453;1,3-dichloorpropaan;142-28-9;13DClC3a;Milieu;Oppervlaktewater zoet;log Kp l/kg (zwevend stof);0,68;;OW;Oppervlaktewater;NVT;Niet van toepassing;NVT;Niet van toepassing;NVT;Niet van toepassing
456;1,3-dichloorpropeen;542-75-6;13DClC3e;Milieu;Oppervlaktewater zoet;log Kp l/kg (zwevend stof);0,71;;OW;Oppervlaktewater;NVT;Niet van toepassing;NVT;Niet van toepassing;NVT;Niet van toepassing
459;1,3-dichloorpropeen;542-75-6;13DClC3e;Milieu;Oppervlaktewater zoet;Landoppervlaktewateren JG-MKN (totaal);0,18;µg/l;OW;Oppervlaktewater;CONCTTE;(massa)Concentratie;NVT;Niet van toepassing;JGM;Jaargemiddelde
460;1,3-dichloorpropeen;542-75-6;13DClC3e;Milieu;Oppervlaktewater zoet;Landoppervlaktewateren MAC-MKN (totaal);51;µg/l;OW;Oppervlaktewater;CONCTTE;(massa)Concentratie;NVT;Niet van toepassing;MAX;Maximum
461;1,3-dichloorpropeen;542-75-6;13DClC3e;Milieu;Oppervlaktewater zout;Andere oppervlaktewateren JG-MKN (totaal);0,018;µg/l;OW;Oppervlaktewater;CONCTTE;(massa)Concentratie;NVT;Niet van toepassing;JGM;Jaargemiddelde
462;1,3-dichloorpropeen;542-75-6;13DClC3e;Milieu;Oppervlaktewater zout;Andere oppervlaktewateren MAC-MKN (totaal);5,1;µg/l;OW;Oppervlaktewater;CONCTTE;(massa)Concentratie;NVT;Niet van toepassing;MAX;Maximum
472;2,5-dichloornitrobenzeen (ZZS);89-61-2;25DClNO2Ben;Milieu;Oppervlaktewater zoet;Landoppervlaktewateren MTR (opgelost);1,4;µg/l;OW;Oppervlaktewater;CONCTTE;(massa)Concentratie;nf;na filtratie (opgeloste fractie);P90;90-Percentiel
475;1,4-dichloorbenzeen;106-46-7;14DClBen;Milieu;Sediment;Sediment MTR (droge stof);6;mg/kg;BS;Bodem/Sediment;MASSFTE;Massafractie;dg;t.o.v. drooggewicht;;
477;1,4-dichloorbenzeen;106-46-7;14DClBen;Milieu;Oppervlaktewater zoet;log Kp l/kg (zwevend stof);1,71;;OW;Oppervlaktewater;NVT;Niet van toepassing;NVT;Niet van toepassing;NVT;Niet van toepassing
481;1,5,9-cyclododecatrieen (ZZS);4904-61-4;159ccddcten;Milieu;Oppervlaktewater zoet;Landoppervlaktewateren Indicatief MTR (opgelost);1,47E-02;µg/l;OW;Oppervlaktewater;CONCTTE;(massa)Concentratie;nf;na filtratie (opgeloste fractie);P90;90-Percentiel
486;1-broom-3-chloor-5,5-dimethylhydantoine;16079-88-2;BCDMH;Milieu;Oppervlaktewater zoet;Landoppervlaktewateren Indicatief MTR (opgelost);1,1;µg/l;OW;Oppervlaktewater;CONCTTE;(massa)Concentratie;nf;na filtratie (opgeloste fractie);P90;90-Percentiel
487;1-chloor-2,4-dinitrobenzeen;97-00-7;1Cl24DNO2Ben;Milieu;Oppervlaktewater zoet;Landoppervlaktewateren MTR (totaal);0,54;µg/l;OW;Oppervlaktewater;CONCTTE;(massa)Concentratie;NVT;Niet van toepassing;P90;90-Percentiel
488;1-chloor-2-nitrobenzeen;88-73-3;1Cl2NO2Ben;Milieu;Oppervlaktewater zoet;Landoppervlaktewateren MTR (opgelost);29;µg/l;OW;Oppervlaktewater;CONCTTE;(massa)Concentratie;nf;na filtratie (opgeloste fractie);P90;90-Percentiel
489;1-chloor-3-nitrobenzeen;121-73-3;1Cl3NO2Ben;Milieu;Oppervlaktewater zoet;Landoppervlaktewateren MTR (opgelost);0,55;µg/l;OW;Oppervlaktewater;CONCTTE;(massa)Concentratie;nf;na filtratie (opgeloste fractie);P90;90-Percentiel
490;1-chloor-4-nitrobenzeen;100-00-5;1Cl4NO2Ben;Milieu;Oppervlaktewater zoet;Landoppervlaktewateren MTR (opgelost);19;µg/l;OW;Oppervlaktewater;CONCTTE;(massa)Concentratie;nf;na filtratie (opgeloste fractie);P90;90-Percentiel
491;1-chloornaftaleen;90-13-1;1ClNaf;Milieu;Oppervlaktewater zoet;Landoppervlaktewateren MTR (opgelost);0,77;µg/l;OW;Oppervlaktewater;CONCTTE;(massa)Concentratie;nf;na filtratie (opgeloste fractie);P90;90-Percentiel
492;etidronzuur;2809-21-4;HEDP;Milieu;Oppervlaktewater zoet;Landoppervlaktewateren Indicatief MTR (opgelost);1,0;µg/l;OW;Oppervlaktewater;CONCTTE;(massa)Concentratie;nf;na filtratie (opgeloste fractie);P90;90-Percentiel
493;etidronzuur;2809-21-4;HEDP;Milieu;Sediment;Sediment Indicatief MTR (droge stof);2,62;µg/kg;BS;Bodem/Sediment;MASSFTE;Massafractie;dg;t.o.v. drooggewicht;;
502;1-isopropyl-3-methyl-benzeen;535-77-3;1iC3y3C1yBen;Milieu;Oppervlaktewater zoet;Landoppervlaktewateren Indicatief MTR (opgelost);1,15;µg/l;OW;Oppervlaktewater;CONCTTE;(massa)Concentratie;nf;na filtratie (opgeloste fractie);P90;90-Percentiel
508;2-(2-butoxyethoxy)ethanol;112-34-5;22C4oxC2oxC2;Milieu;Oppervlaktewater zoet;Landoppervlaktewateren JG-MKN (totaal);1,0;mg/l;OW;Oppervlaktewater;CONCTTE;(massa)Concentratie;NVT;Niet van toepassing;JGM;Jaargemiddelde
509;2-(2-butoxyethoxy)ethanol;112-34-5;22C4oxC2oxC2;Milieu;Oppervlaktewater zout;Andere oppervlaktewateren JG-MKN (totaal);0,10;mg/l;OW;Oppervlaktewater;CONCTTE;(massa)Concentratie;NVT;Niet van toepassing;JGM;Jaargemiddelde
510;2-(2-butoxyethoxy)ethanol;112-34-5;22C4oxC2oxC2;Milieu;Oppervlaktewater zoet;Landoppervlaktewateren MAC-MKN (totaal);120;mg/l;OW;Oppervlaktewater;CONCTTE;(massa)Concentratie;NVT;Niet van toepassing;MAX;Maximum
511;2-(2-butoxyethoxy)ethanol;112-34-5;22C4oxC2oxC2;Milieu;Oppervlaktewater zout;Andere oppervlaktewateren MAC-MKN (totaal);12;mg/l;OW;Oppervlaktewater;CONCTTE;(massa)Concentratie;NVT;Niet van toepassing;MAX;Maximum
513;2-(2-butoxyethoxy)ethanol;112-34-5;22C4oxC2oxC2;Milieu;Oppervlaktewater zoet;log Kp l/kg (zwevend stof);0,56;;OW;Oppervlaktewater;NVT;Niet van toepassing;NVT;Niet van toepassing;NVT;Niet van toepassing
518;2-(2-methoxyethoxy)ethanol (ZZS);111-77-3;22C1oxC2oxC2;Milieu;Oppervlaktewater zoet;Landoppervlaktewateren JG-MKN (totaal);12;mg/l;OW;Oppervlaktewater;CONCTTE;(massa)Concentratie;NVT;Niet van toepassing;JGM;Jaargemiddelde
519;2-(2-methoxyethoxy)ethanol (ZZS);111-77-3;22C1oxC2oxC2;Milieu;Oppervlaktewater zout;Andere oppervlaktewateren JG-MKN (totaal);1,2;mg/l;OW;Oppervlaktewater;CONCTTE;(massa)Concentratie;NVT;Niet van toepassing;JGM;Jaargemiddelde
520;2-(2-methoxyethoxy)ethanol (ZZS);111-77-3;22C1oxC2oxC2;Milieu;Oppervlaktewater zoet;Landoppervlaktewateren MAC-MKN (totaal);120;mg/l;OW;Oppervlaktewater;CONCTTE;(massa)Concentratie;NVT;Niet van toepassing;MAX;Maximum
521;2-(2-methoxyethoxy)ethanol (ZZS);111-77-3;22C1oxC2oxC2;Milieu;Oppervlaktewater zout;Andere oppervlaktewateren MAC-MKN (totaal);12;mg/l;OW;Oppervlaktewater;CONCTTE;(massa)Concentratie;NVT;Niet van toepassing;MAX;Maximum
523;2-(2-methoxyethoxy)ethanol (ZZS);111-77-3;22C1oxC2oxC2;Milieu;Oppervlaktewater zoet;log Kp l/kg (zwevend stof);-0,45;;OW;Oppervlaktewater;NVT;Niet van toepassing;NVT;Niet van toepassing;NVT;Niet van toepassing
526;2-methylthiobenzothiazool;615-22-5;2C1ytobztazl;Milieu;Oppervlaktewater zoet;Landoppervlaktewateren Indicatief MTR (opgelost);30;µg/l;OW;Oppervlaktewater;CONCTTE;(massa)Concentratie;nf;na filtratie (opgeloste fractie);P90;90-Percentiel
528;2,2,5,5-tetramethyltetrahydrofuran;15045-43-9;2255T4C4yT4H;Milieu;Oppervlaktewater zoet;Landoppervlaktewateren Indicatief MTR (opgelost);4,19;µg/l;OW;Oppervlaktewater;CONCTTE;(massa)Concentratie;nf;na filtratie (opgeloste fractie);P90;90-Percentiel
531;2,2-dibenzothiazyldisulfide;120-78-5;22DbztazDS;Milieu;Oppervlaktewater zoet;Landoppervlaktewateren Indicatief MTR (opgelost);1,5;µg/l;OW;Oppervlaktewater;CONCTTE;(massa)Concentratie;nf;na filtratie (opgeloste fractie);P90;90-Percentiel
535;2,3,4,5-tetrachlooraniline;634-83-3;2345T4ClAn;Milieu;Oppervlaktewater zoet;log Kp l/kg (zwevend stof);2,91;;OW;Oppervlaktewater;NVT;Niet van toepassing;NVT;Niet van toepassing;NVT;Niet van toepassing
536;2,3,4,5-tetrachlooraniline;634-83-3;2345T4ClAn;Milieu;Oppervlaktewater zoet;Landoppervlaktewateren MTR (opgelost);3;µg/l;OW;Oppervlaktewater;CONCTTE;(massa)Concentratie;nf;na filtratie (opgeloste fractie);P90;90-Percentiel
537;2,3,4,5-tetrachlooraniline;634-83-3;2345T4ClAn;Milieu;Oppervlaktewater zoet;Landoppervlaktewateren MTR (totaal);3;µg/l;OW;Oppervlaktewater;CONCTTE;(massa)Concentratie;NVT;Niet van toepassing;P90;90-Percentiel
538;2,3,4,5-tetrachlooraniline;634-83-3;2345T4ClAn;Milieu;Sediment;Sediment MTR (droge stof);1220;µg/kg;BS;Bodem/Sediment;MASSFTE;Massafractie;dg;t.o.v. drooggewicht;;
539;2,3,4,5-tetrachloorfenol;4901-51-3;2345T4ClFol;Milieu;Oppervlaktewater zoet;Landoppervlaktewateren MTR (totaal);1;µg/l;OW;Oppervlaktewater;CONCTTE;(massa)Concentratie;NVT;Niet van toepassing;P90;90-Percentiel
540;2,3,4,5-tetrachloorfenol;4901-51-3;2345T4ClFol;Milieu;Oppervlaktewater zoet;Landoppervlaktewateren MTR (opgelost);1;µg/l;OW;Oppervlaktewater;CONCTTE;(massa)Concentratie;nf;na filtratie (opgeloste fractie);P90;90-Percentiel
541;2,3,4,5-tetrachloorfenol;4901-51-3;2345T4ClFol;Milieu;Sediment;Sediment MTR (droge stof);0,3;mg/kg;BS;Bodem/Sediment;MASSFTE;Massafractie;dg;t.o.v. drooggewicht;;
542;2,3,4,5-tetrachloorfenol;4901-51-3;2345T4ClFol;Milieu;Oppervlaktewater zoet;log Kp l/kg (zwevend stof);2,25;;OW;Oppervlaktewater;NVT;Niet van toepassing;NVT;Niet van toepassing;NVT;Niet van toepassing
543;2,3,4,6-tetrachloorfenol;58-90-2;2346T4ClFol;Milieu;Oppervlaktewater zoet;Landoppervlaktewateren MTR (totaal);1;µg/l;OW;Oppervlaktewater;CONCTTE;(massa)Concentratie;NVT;Niet van toepassing;P90;90-Percentiel
544;2,3,4,6-tetrachloorfenol;58-90-2;2346T4ClFol;Milieu;Oppervlaktewater zoet;Landoppervlaktewateren MTR (opgelost);1;µg/l;OW;Oppervlaktewater;CONCTTE;(massa)Concentratie;nf;na filtratie (opgeloste fractie);P90;90-Percentiel
545;2,3,4,6-tetrachloorfenol;58-90-2;2346T4ClFol;Milieu;Sediment;Sediment MTR (droge stof);0,3;mg/kg;BS;Bodem/Sediment;MASSFTE;Massafractie;dg;t.o.v. drooggewicht;;
546;2,3,4,6-tetrachloorfenol;58-90-2;2346T4ClFol;Milieu;Oppervlaktewater zoet;log Kp l/kg (zwevend stof);2,25;;OW;Oppervlaktewater;NVT;Niet van toepassing;NVT;Niet van toepassing;NVT;Niet van toepassing
547;2,3,4-trichlooraniline;634-67-3;234TClAn;Milieu;Oppervlaktewater zoet;log Kp l/kg (zwevend stof);2,15;;OW;Oppervlaktewater;NVT;Niet van toepassing;NVT;Niet van toepassing;NVT;Niet van toepassing
548;2,3,4-trichlooraniline;634-67-3;234TClAn;Milieu;Oppervlaktewater zoet;Landoppervlaktewateren MTR (opgelost);6;µg/l;OW;Oppervlaktewater;CONCTTE;(massa)Concentratie;nf;na filtratie (opgeloste fractie);P90;90-Percentiel
549;2,3,4-trichlooraniline;634-67-3;234TClAn;Milieu;Oppervlaktewater zoet;Landoppervlaktewateren MTR (totaal);6;µg/l;OW;Oppervlaktewater;CONCTTE;(massa)Concentratie;NVT;Niet van toepassing;P90;90-Percentiel
550;2,3,4-trichlooraniline;634-67-3;234TClAn;Milieu;Sediment;Sediment MTR (droge stof);420;µg/kg;BS;Bodem/Sediment;MASSFTE;Massafractie;dg;t.o.v. drooggewicht;;
551;2,3,4-trichloorfenol;15950-66-0;234TClFol;Milieu;Oppervlaktewater zoet;Landoppervlaktewateren JG-MKN (totaal);0,54;µg/l;OW;Oppervlaktewater;CONCTTE;(massa)Concentratie;NVT;Niet van toepassing;JGM;Jaargemiddelde
552;2,3,4-trichloorfenol;15950-66-0;234TClFol;Milieu;Oppervlaktewater zout;Andere oppervlaktewateren JG-MKN (totaal);0,12;µg/l;OW;Oppervlaktewater;CONCTTE;(massa)Concentratie;NVT;Niet van toepassing;JGM;Jaargemiddelde
553;2,3,4-trichloorfenol;15950-66-0;234TClFol;Milieu;Oppervlaktewater zoet;Landoppervlaktewateren MAC-MKN (totaal);12;µg/l;OW;Oppervlaktewater;CONCTTE;(massa)Concentratie;NVT;Niet van toepassing;MAX;Maximum
554;2,3,4-trichloorfenol;15950-66-0;234TClFol;Milieu;Oppervlaktewater zout;Andere oppervlaktewateren MAC-MKN (totaal);1,2;µg/l;OW;Oppervlaktewater;CONCTTE;(massa)Concentratie;NVT;Niet van toepassing;MAX;Maximum
556;2,3,4-trichloorfenol;15950-66-0;234TClFol;Milieu;Oppervlaktewater zoet;log Kp l/kg (zwevend stof);2,36;;OW;Oppervlaktewater;NVT;Niet van toepassing;NVT;Niet van toepassing;NVT;Niet van toepassing
557;2,3,5,6-tetrachlooraniline;3481-20-7;2356T4ClAn;Milieu;Oppervlaktewater zoet;log Kp l/kg (zwevend stof);2,91;;OW;Oppervlaktewater;NVT;Niet van toepassing;NVT;Niet van toepassing;NVT;Niet van toepassing
558;2,3,5,6-tetrachlooraniline;3481-20-7;2356T4ClAn;Milieu;Oppervlaktewater zoet;Landoppervlaktewateren MTR (opgelost);3;µg/l;OW;Oppervlaktewater;CONCTTE;(massa)Concentratie;nf;na filtratie (opgeloste fractie);P90;90-Percentiel
559;2,3,5,6-tetrachlooraniline;3481-20-7;2356T4ClAn;Milieu;Oppervlaktewater zoet;Landoppervlaktewateren MTR (totaal);3;µg/l;OW;Oppervlaktewater;CONCTTE;(massa)Concentratie;NVT;Niet van toepassing;P90;90-Percentiel
560;2,3,5,6-tetrachlooraniline;3481-20-7;2356T4ClAn;Milieu;Sediment;Sediment MTR (droge stof);1220;µg/kg;BS;Bodem/Sediment;MASSFTE;Massafractie;dg;t.o.v. drooggewicht;;
561;2,3,5,6-tetrachloorfenol;935-95-5;2356T4ClFol;Milieu;Oppervlaktewater zoet;Landoppervlaktewateren MTR (totaal);1;µg/l;OW;Oppervlaktewater;CONCTTE;(massa)Concentratie;NVT;Niet van toepassing;P90;90-Percentiel
562;2,3,5,6-tetrachloorfenol;935-95-5;2356T4ClFol;Milieu;Oppervlaktewater zoet;Landoppervlaktewateren MTR (opgelost);1;µg/l;OW;Oppervlaktewater;CONCTTE;(massa)Concentratie;nf;na filtratie (opgeloste fractie);P90;90-Percentiel
563;2,3,5,6-tetrachloorfenol;935-95-5;2356T4ClFol;Milieu;Sediment;Sediment MTR (droge stof);0,3;mg/kg;BS;Bodem/Sediment;MASSFTE;Massafractie;dg;t.o.v. drooggewicht;;
564;2,3,5,6-tetrachloorfenol;935-95-5;2356T4ClFol;Milieu;Oppervlaktewater zoet;log Kp l/kg (zwevend stof);2,25;;OW;Oppervlaktewater;NVT;Niet van toepassing;NVT;Niet van toepassing;NVT;Niet van toepassing
565;2,3-dichloorpropanol;616-23-9;23DClC3ol;Milieu;Oppervlaktewater zoet;Landoppervlaktewateren Indicatief MTR (opgelost);100;µg/l;OW;Oppervlaktewater;CONCTTE;(massa)Concentratie;nf;na filtratie (opgeloste fractie);P90;90-Percentiel
566;2,3-dichloorpropanol;616-23-9;23DClC3ol;Milieu;Sediment;Sediment Indicatief MTR (droge stof);330;µg/kg;BS;Bodem/Sediment;MASSFTE;Massafractie;dg;t.o.v. drooggewicht;;
569;2,3-dichloorpropeen;78-88-6;23DClC3e;Milieu;Oppervlaktewater zoet;log Kp l/kg (zwevend stof);1,07;;OW;Oppervlaktewater;NVT;Niet van toepassing;NVT;Niet van toepassing;NVT;Niet van toepassing
570;2,3-dichloorpropeen;78-88-6;23DClC3e;Milieu;Oppervlaktewater zoet;Landoppervlaktewateren MTR (totaal);8;µg/l;OW;Oppervlaktewater;CONCTTE;(massa)Concentratie;NVT;Niet van toepassing;P90;90-Percentiel
571;2,3-dimethylfenol;526-75-0;23DC1yFol;Milieu;Oppervlaktewater zoet;Landoppervlaktewateren Indicatief MTR (opgelost);3;µg/l;OW;Oppervlaktewater;CONCTTE;(massa)Concentratie;nf;na filtratie (opgeloste fractie);P90;90-Percentiel
572;2,3-dinitrotolueen (ZZS);602-01-7;23DNO2Tol;Milieu;Oppervlaktewater zoet;Landoppervlaktewateren Indicatief MTR (opgelost);3,00E-01;µg/l;OW;Oppervlaktewater;CONCTTE;(massa)Concentratie;nf;na filtratie (opgeloste fractie);P90;90-Percentiel
575;2,3-epoxypropyl-trimethylammoniumchloride (ZZS);3033-77-0;23epOxC3yTC1;Milieu;Oppervlaktewater zoet;Landoppervlaktewateren Indicatief MTR (opgelost);0,73;µg/l;OW;Oppervlaktewater;CONCTTE;(massa)Concentratie;nf;na filtratie (opgeloste fractie);P90;90-Percentiel
576;2,3-epoxypropyl-trimethylammoniumchloride (ZZS);3033-77-0;23epOxC3yTC1;Milieu;Sediment;Sediment Indicatief MTR (droge stof);4,2;µg/kg;BS;Bodem/Sediment;MASSFTE;Massafractie;dg;t.o.v. drooggewicht;;
577;2,4,5-trichloorfenoxyazijnzuur;93-76-5;245T;Milieu;Sediment;Sediment MTR (droge stof);50;µg/kg;BS;Bodem/Sediment;MASSFTE;Massafractie;dg;t.o.v. drooggewicht;;
578;2,4,5-trichloorfenoxyazijnzuur;93-76-5;245T;Milieu;Oppervlaktewater zoet;log Kp l/kg (zwevend stof);1,06;;OW;Oppervlaktewater;NVT;Niet van toepassing;NVT;Niet van toepassing;NVT;Niet van toepassing
579;2,4,5-trichloorfenoxyazijnzuur;93-76-5;245T;Milieu;Oppervlaktewater zoet;Landoppervlaktewateren MTR (totaal);9;µg/l;OW;Oppervlaktewater;CONCTTE;(massa)Concentratie;NVT;Niet van toepassing;P90;90-Percentiel
580;2,4,5-trichloorfenoxypropaanzuur;93-72-1;245TP;Milieu;Oppervlaktewater zoet;Landoppervlaktewateren Indicatief MTR (opgelost);0,3;µg/l;OW;Oppervlaktewater;CONCTTE;(massa)Concentratie;nf;na filtratie (opgeloste fractie);P90;90-Percentiel
581;2,4,5-trichlooraniline;636-30-6;245TClAn;Milieu;Oppervlaktewater zoet;log Kp l/kg (zwevend stof);2,15;;OW;Oppervlaktewater;NVT;Niet van toepassing;NVT;Niet van toepassing;NVT;Niet van toepassing
582;2,4,5-trichlooraniline;636-30-6;245TClAn;Milieu;Oppervlaktewater zoet;Landoppervlaktewateren MTR (opgelost);6;µg/l;OW;Oppervlaktewater;CONCTTE;(massa)Concentratie;nf;na filtratie (opgeloste fractie);P90;90-Percentiel
583;2,4,5-trichlooraniline;636-30-6;245TClAn;Milieu;Oppervlaktewater zoet;Landoppervlaktewateren MTR (totaal);6;µg/l;OW;Oppervlaktewater;CONCTTE;(massa)Concentratie;NVT;Niet van toepassing;P90;90-Percentiel
584;2,4,5-trichlooraniline;636-30-6;245TClAn;Milieu;Sediment;Sediment MTR (droge stof);420;µg/kg;BS;Bodem/Sediment;MASSFTE;Massafractie;dg;t.o.v. drooggewicht;;
586;2,4,5-trichloorfenol;95-95-4;245TClFol;Milieu;Oppervlaktewater zoet;log Kp l/kg (zwevend stof);2,21;;OW;Oppervlaktewater;NVT;Niet van toepassing;NVT;Niet van toepassing;NVT;Niet van toepassing
587;2,4,5-trichloorfenol;95-95-4;245TClFol;Milieu;Oppervlaktewater zoet;Landoppervlaktewateren JG-MKN (totaal);0,13;µg/l;OW;Oppervlaktewater;CONCTTE;(massa)Concentratie;NVT;Niet van toepassing;JGM;Jaargemiddelde
588;2,4,5-trichloorfenol;95-95-4;245TClFol;Milieu;Oppervlaktewater zoet;Landoppervlaktewateren MAC-MKN (totaal);2,6;µg/l;OW;Oppervlaktewater;CONCTTE;(massa)Concentratie;NVT;Niet van toepassing;MAX;Maximum
589;2,4,5-trichloorfenol;95-95-4;245TClFol;Milieu;Oppervlaktewater zout;Andere oppervlaktewateren JG-MKN (totaal);0,13;µg/l;OW;Oppervlaktewater;CONCTTE;(massa)Concentratie;NVT;Niet van toepassing;JGM;Jaargemiddelde
590;2,4,5-trichloorfenol;95-95-4;245TClFol;Milieu;Oppervlaktewater zout;Andere oppervlaktewateren MAC-MKN (totaal);2;µg/l;OW;Oppervlaktewater;CONCTTE;(massa)Concentratie;NVT;Niet van toepassing;MAX;Maximum
591;2,4,5-trimethylaniline (ZZS);137-17-7;245TC1yAn;Milieu;Oppervlaktewater zoet;log Kp l/kg (zwevend stof);1,54;;OW;Oppervlaktewater;NVT;Niet van toepassing;NVT;Niet van toepassing;NVT;Niet van toepassing
592;2,4,5-trimethylaniline (ZZS);137-17-7;245TC1yAn;Milieu;Oppervlaktewater zoet;Landoppervlaktewateren MTR (opgelost);50;µg/l;OW;Oppervlaktewater;CONCTTE;(massa)Concentratie;nf;na filtratie (opgeloste fractie);P90;90-Percentiel
593;2,4,5-trimethylaniline (ZZS);137-17-7;245TC1yAn;Milieu;Oppervlaktewater zoet;Landoppervlaktewateren MTR (totaal);50;µg/l;OW;Oppervlaktewater;CONCTTE;(massa)Concentratie;NVT;Niet van toepassing;P90;90-Percentiel
594;2,4,5-trimethylaniline (ZZS);137-17-7;245TC1yAn;Milieu;Sediment;Sediment MTR (droge stof);870;µg/kg;BS;Bodem/Sediment;MASSFTE;Massafractie;dg;t.o.v. drooggewicht;;
595;2,4,6-trichlooraniline;634-93-5;246TClAn;Milieu;Oppervlaktewater zoet;log Kp l/kg (zwevend stof);2,15;;OW;Oppervlaktewater;NVT;Niet van toepassing;NVT;Niet van toepassing;NVT;Niet van toepassing
596;2,4,6-trichlooraniline;634-93-5;246TClAn;Milieu;Oppervlaktewater zoet;Landoppervlaktewateren MTR (opgelost);6;µg/l;OW;Oppervlaktewater;CONCTTE;(massa)Concentratie;nf;na filtratie (opgeloste fractie);P90;90-Percentiel
597;2,4,6-trichlooraniline;634-93-5;246TClAn;Milieu;Oppervlaktewater zoet;Landoppervlaktewateren MTR (totaal);6;µg/l;OW;Oppervlaktewater;CONCTTE;(massa)Concentratie;NVT;Niet van toepassing;P90;90-Percentiel
598;2,4,6-trichlooraniline;634-93-5;246TClAn;Milieu;Sediment;Sediment MTR (droge stof);420;µg/kg;BS;Bodem/Sediment;MASSFTE;Massafractie;dg;t.o.v. drooggewicht;;
600;2,4,6-trichloorfenol;88-06-2;246TClFol;Milieu;Oppervlaktewater zoet;log Kp l/kg (zwevend stof);1,85;;OW;Oppervlaktewater;NVT;Niet van toepassing;NVT;Niet van toepassing;NVT;Niet van toepassing
601;2,4,6-trichloorfenol;88-06-2;246TClFol;Milieu;Oppervlaktewater zoet;Landoppervlaktewateren JG-MKN (totaal);0,26;µg/l;OW;Oppervlaktewater;CONCTTE;(massa)Concentratie;NVT;Niet van toepassing;JGM;Jaargemiddelde
602;2,4,6-trichloorfenol;88-06-2;246TClFol;Milieu;Oppervlaktewater zoet;Landoppervlaktewateren MAC-MKN (totaal);32;µg/l;OW;Oppervlaktewater;CONCTTE;(massa)Concentratie;NVT;Niet van toepassing;MAX;Maximum
603;2,4,6-trichloorfenol;88-06-2;246TClFol;Milieu;Oppervlaktewater zout;Andere oppervlaktewateren JG-MKN (totaal);0,26;µg/l;OW;Oppervlaktewater;CONCTTE;(massa)Concentratie;NVT;Niet van toepassing;JGM;Jaargemiddelde
604;2,4,6-trichloorfenol;88-06-2;246TClFol;Milieu;Oppervlaktewater zout;Andere oppervlaktewateren MAC-MKN (totaal);3,2;µg/l;OW;Oppervlaktewater;CONCTTE;(massa)Concentratie;NVT;Niet van toepassing;MAX;Maximum
606;2,4-D;94-75-7;24D;Milieu;Sediment;Sediment MTR (droge stof);35;µg/kg;BS;Bodem/Sediment;MASSFTE;Massafractie;dg;t.o.v. drooggewicht;;
607;2,4-D;94-75-7;24D;Milieu;Oppervlaktewater zoet;log Kp l/kg (zwevend stof);0,73;;OW;Oppervlaktewater;NVT;Niet van toepassing;NVT;Niet van toepassing;NVT;Niet van toepassing
608;2,4-D;94-75-7;24D;Milieu;Oppervlaktewater zoet;Landoppervlaktewateren MTR (totaal);26;µg/l;OW;Oppervlaktewater;CONCTTE;(massa)Concentratie;NVT;Niet van toepassing;P90;90-Percentiel
609;2,4-dichloorfenoxyboterzuur;94-82-6;24DB;Milieu;Oppervlaktewater zoet;Landoppervlaktewateren Indicatief MTR (opgelost);6;µg/l;OW;Oppervlaktewater;CONCTTE;(massa)Concentratie;nf;na filtratie (opgeloste fractie);P90;90-Percentiel
610;2,4-dichlooraniline;554-00-7;24DClAn;Milieu;Oppervlaktewater zoet;log Kp l/kg (zwevend stof);1,92;;OW;Oppervlaktewater;NVT;Niet van toepassing;NVT;Niet van toepassing;NVT;Niet van toepassing
611;2,4-dichlooraniline;554-00-7;24DClAn;Milieu;Sediment;Sediment MTR (droge stof);120;µg/kg;BS;Bodem/Sediment;MASSFTE;Massafractie;dg;t.o.v. drooggewicht;;
612;2,4-dichlooraniline;554-00-7;24DClAn;Milieu;Oppervlaktewater zoet;Landoppervlaktewateren MTR (totaal);3;µg/l;OW;Oppervlaktewater;CONCTTE;(massa)Concentratie;NVT;Niet van toepassing;P90;90-Percentiel
614;2,4-dichloorfenol;120-83-2;24DClFol;Milieu;Oppervlaktewater zoet;log Kp l/kg (zwevend stof);2,16;;OW;Oppervlaktewater;NVT;Niet van toepassing;NVT;Niet van toepassing;NVT;Niet van toepassing
615;2,4-dichloorfenol;120-83-2;24DClFol;Milieu;Oppervlaktewater zoet;Landoppervlaktewateren JG-MKN (totaal);0,54;µg/l;OW;Oppervlaktewater;CONCTTE;(massa)Concentratie;NVT;Niet van toepassing;JGM;Jaargemiddelde
616;2,4-dichloorfenol;120-83-2;24DClFol;Milieu;Oppervlaktewater zoet;Landoppervlaktewateren MAC-MKN (totaal);70;µg/l;OW;Oppervlaktewater;CONCTTE;(massa)Concentratie;NVT;Niet van toepassing;MAX;Maximum
617;2,4-dichloorfenol;120-83-2;24DClFol;Milieu;Oppervlaktewater zout;Andere oppervlaktewateren JG-MKN (totaal);0,16;µg/l;OW;Oppervlaktewater;CONCTTE;(massa)Concentratie;NVT;Niet van toepassing;JGM;Jaargemiddelde
618;2,4-dichloorfenol;120-83-2;24DClFol;Milieu;Oppervlaktewater zout;Andere oppervlaktewateren MAC-MKN (totaal);7;µg/l;OW;Oppervlaktewater;CONCTTE;(massa)Concentratie;NVT;Niet van toepassing;MAX;Maximum
620;2,4-dimethylfenol;105-67-9;24DC1yFol;Milieu;Oppervlaktewater zoet;Landoppervlaktewateren Indicatief MTR (opgelost);0,4;µg/l;OW;Oppervlaktewater;CONCTTE;(massa)Concentratie;nf;na filtratie (opgeloste fractie);P90;90-Percentiel
621;2,4-dinitroaniline;97-02-9;24DNO2An;Milieu;Oppervlaktewater zoet;log Kp l/kg (zwevend stof);1,67;;OW;Oppervlaktewater;NVT;Niet van toepassing;NVT;Niet van toepassing;NVT;Niet van toepassing
622;2,4-dinitroaniline;97-02-9;24DNO2An;Milieu;Oppervlaktewater zoet;Landoppervlaktewateren MTR (opgelost);10;µg/l;OW;Oppervlaktewater;CONCTTE;(massa)Concentratie;nf;na filtratie (opgeloste fractie);P90;90-Percentiel
623;2,4-dinitroaniline;97-02-9;24DNO2An;Milieu;Oppervlaktewater zoet;Landoppervlaktewateren MTR (totaal);10;µg/l;OW;Oppervlaktewater;CONCTTE;(massa)Concentratie;NVT;Niet van toepassing;P90;90-Percentiel
624;2,4-dinitroaniline;97-02-9;24DNO2An;Milieu;Sediment;Sediment MTR (droge stof);230;µg/kg;BS;Bodem/Sediment;MASSFTE;Massafractie;dg;t.o.v. drooggewicht;;
628;2,4-dinitrofenol;51-28-5;24DNO2Fol;Milieu;Oppervlaktewater zoet;Landoppervlaktewateren Indicatief JG-MKN (opgelost);0,1;µg/l;OW;Oppervlaktewater;CONCTTE;(massa)Concentratie;nf;na filtratie (opgeloste fractie);JGM;Jaargemiddelde
629;2,4-dinitrofenol;51-28-5;24DNO2Fol;Milieu;Oppervlaktewater zoet;Landoppervlaktewateren Indicatief JG-MKN (totaal);0,1;µg/l;OW;Oppervlaktewater;CONCTTE;(massa)Concentratie;NVT;Niet van toepassing;JGM;Jaargemiddelde
630;2,4-dinitrofenol;51-28-5;24DNO2Fol;Milieu;Oppervlaktewater zoet;Landoppervlaktewateren Indicatief MAC-MKN (opgelost);1;µg/l;OW;Oppervlaktewater;CONCTTE;(massa)Concentratie;nf;na filtratie (opgeloste fractie);MAX;Maximum
631;2,4-dinitrofenol;51-28-5;24DNO2Fol;Milieu;Oppervlaktewater zoet;Landoppervlaktewateren Indicatief MAC-MKN (totaal);1;µg/l;OW;Oppervlaktewater;CONCTTE;(massa)Concentratie;NVT;Niet van toepassing;MAX;Maximum
632;2,4-dinitrofenol;51-28-5;24DNO2Fol;Milieu;Oppervlaktewater zout;Andere oppervlaktewateren Indicatief JG-MKN (opgelost);0,01;µg/l;OW;Oppervlaktewater;CONCTTE;(massa)Concentratie;nf;na filtratie (opgeloste fractie);JGM;Jaargemiddelde
633;2,4-dinitrofenol;51-28-5;24DNO2Fol;Milieu;Oppervlaktewater zout;Andere oppervlaktewateren Indicatief JG-MKN (totaal);0,01;µg/l;OW;Oppervlaktewater;CONCTTE;(massa)Concentratie;NVT;Niet van toepassing;JGM;Jaargemiddelde
634;2,4-dinitrofenol;51-28-5;24DNO2Fol;Milieu;Oppervlaktewater zout;Andere oppervlaktewateren Indicatief MAC-MKN (opgelost);0,1;µg/l;OW;Oppervlaktewateren;CONCTTE;(massa)Concentratie;nf;na filtratie (opgeloste fractie);MAX;Maximum
635;2,4-dinitrofenol;51-28-5;24DNO2Fol;Milieu;Oppervlaktewater zout;Andere oppervlaktewateren Indicatief MAC-MKN (totaal);0,1;µg/l;OW;Oppervlaktewater;CONCTTE;(massa)Concentratie;NVT;Niet van toepassing;MAX;Maximum
636;2,4-dinitrotolueen (ZZS);121-14-2;24DNO2Tol;Milieu;Oppervlaktewater zoet;Landoppervlaktewateren Indicatief MTR (opgelost);1,18E+02;µg/l;OW;Oppervlaktewater;CONCTTE;(massa)Concentratie;nf;na filtratie (opgeloste fractie);P90;90-Percentiel
639;2,5-dichlooraniline;95-82-9;25DClAn;Milieu;Oppervlaktewater zoet;log Kp l/kg (zwevend stof);1,92;;OW;Oppervlaktewater;NVT;Niet van toepassing;NVT;Niet van toepassing;NVT;Niet van toepassing
640;2,5-dichlooraniline;95-82-9;25DClAn;Milieu;Sediment;Sediment MTR (droge stof);120;µg/kg;BS;Bodem/Sediment;MASSFTE;Massafractie;dg;t.o.v. drooggewicht;;
641;2,5-dichlooraniline;95-82-9;25DClAn;Milieu;Oppervlaktewater zoet;Landoppervlaktewateren MTR (totaal);3;µg/l;OW;Oppervlaktewater;CONCTTE;(massa)Concentratie;NVT;Niet van toepassing;P90;90-Percentiel
642;2,5-dimethylfenol;95-87-4;25DC1yFol;Milieu;Oppervlaktewater zoet;Landoppervlaktewateren Indicatief MTR (opgelost);1,2;µg/l;OW;Oppervlaktewater;CONCTTE;(massa)Concentratie;nf;na filtratie (opgeloste fractie);P90;90-Percentiel
643;2,5-dinitrotolueen (ZZS);619-15-8;25DNO2Tol;Milieu;Oppervlaktewater zoet;Landoppervlaktewateren Indicatief MTR (opgelost);5,99E-01;µg/l;OW;Oppervlaktewater;CONCTTE;(massa)Concentratie;nf;na filtratie (opgeloste fractie);P90;90-Percentiel
646;2,6-dichloor-4-nitroaniline;99-30-9;26DCl4NO2An;Milieu;Oppervlaktewater zoet;log Kp l/kg (zwevend stof);1,81;;OW;Oppervlaktewater;NVT;Niet van toepassing;NVT;Niet van toepassing;NVT;Niet van toepassing
647;2,6-dichloor-4-nitroaniline;99-30-9;26DCl4NO2An;Milieu;Oppervlaktewater zoet;Landoppervlaktewateren MTR (opgelost);2;µg/l;OW;Oppervlaktewater;CONCTTE;(massa)Concentratie;nf;na filtratie (opgeloste fractie);P90;90-Percentiel
648;2,6-dichloor-4-nitroaniline;99-30-9;26DCl4NO2An;Milieu;Oppervlaktewater zoet;Landoppervlaktewateren MTR (totaal);2;µg/l;OW;Oppervlaktewater;CONCTTE;(massa)Concentratie;NVT;Niet van toepassing;P90;90-Percentiel
649;2,6-dichloor-4-nitroaniline;99-30-9;26DCl4NO2An;Milieu;Sediment;Sediment MTR (droge stof);60;µg/kg;BS;Bodem/Sediment;MASSFTE;Massafractie;dg;t.o.v. drooggewicht;;
650;2,6-dichlooraniline;608-31-1;26DClAn;Milieu;Oppervlaktewater zoet;log Kp l/kg (zwevend stof);1,92;;OW;Oppervlaktewater;NVT;Niet van toepassing;NVT;Niet van toepassing;NVT;Niet van toepassing
651;2,6-dichlooraniline;608-31-1;26DClAn;Milieu;Sediment;Sediment MTR (droge stof);120;µg/kg;BS;Bodem/Sediment;MASSFTE;Massafractie;dg;t.o.v. drooggewicht;;
652;2,6-dichlooraniline;608-31-1;26DClAn;Milieu;Oppervlaktewater zoet;Landoppervlaktewateren MTR (totaal);3;µg/l;OW;Oppervlaktewater;CONCTTE;(massa)Concentratie;NVT;Niet van toepassing;P90;90-Percentiel
653;2,6-dichloorbenzamide;2008-58-4;26DClBenAd;Milieu;Oppervlaktewater zoet;Landoppervlaktewateren Indicatief MTR (opgelost);1000;µg/l;OW;Oppervlaktewater;CONCTTE;(massa)Concentratie;nf;na filtratie (opgeloste fractie);P90;90-Percentiel
654;2,6-dichloorbenzamide;2008-58-4;26DClBenAd;Milieu;Oppervlaktewater voor drinkwaterbereiding;Oppervlaktewater voor drinkwaterbereiding (gericht tot het drinkwaterbedrijf);1,0;µg/l;;;;;;;;
656;2,6-dimethylfenol;576-26-1;26DC1yFol;Milieu;Oppervlaktewater zoet;Landoppervlaktewateren Indicatief MTR (opgelost);1,3;µg/l;OW;Oppervlaktewater;CONCTTE;(massa)Concentratie;nf;na filtratie (opgeloste fractie);P90;90-Percentiel
657;2,6-dinitroaniline;606-22-4;26DNO2An;Milieu;Oppervlaktewater zoet;log Kp l/kg (zwevend stof);1,67;;OW;Oppervlaktewater;NVT;Niet van toepassing;NVT;Niet van toepassing;NVT;Niet van toepassing
658;2,6-dinitroaniline;606-22-4;26DNO2An;Milieu;Oppervlaktewater zoet;Landoppervlaktewateren MTR (opgelost);10;µg/l;OW;Oppervlaktewater;CONCTTE;(massa)Concentratie;nf;na filtratie (opgeloste fractie);P90;90-Percentiel
659;2,6-dinitroaniline;606-22-4;26DNO2An;Milieu;Oppervlaktewater zoet;Landoppervlaktewateren MTR (totaal);10;µg/l;OW;Oppervlaktewater;CONCTTE;(massa)Concentratie;NVT;Niet van toepassing;P90;90-Percentiel
660;2,6-dinitroaniline;606-22-4;26DNO2An;Milieu;Sediment;Sediment MTR (droge stof);230;µg/kg;BS;Bodem/Sediment;MASSFTE;Massafractie;dg;t.o.v. drooggewicht;;
661;2,6-dinitrotolueen (ZZS);606-20-2;26DNO2Tol;Milieu;Oppervlaktewater zoet;Landoppervlaktewateren Indicatief MTR (opgelost);8,55E-02;µg/l;OW;Oppervlaktewater;CONCTTE;(massa)Concentratie;nf;na filtratie (opgeloste fractie);P90;90-Percentiel
664;2,6-tolueendiamine;823-40-5;26TolDAe;Milieu;Oppervlaktewater zoet;Landoppervlaktewateren Indicatief MTR (opgelost);6,90E-01;µg/l;OW;Oppervlaktewater;CONCTTE;(massa)Concentratie;nf;na filtratie (opgeloste fractie);P90;90-Percentiel
667;2,6-tolueendiisocyanaat;91-08-7;26TolDiCN;Milieu;Oppervlaktewater zoet;Landoppervlaktewateren Indicatief MTR (opgelost);6,29E-02;µg/l;OW;Oppervlaktewater;CONCTTE;(massa)Concentratie;nf;na filtratie (opgeloste fractie);P90;90-Percentiel
679;2,4,6-tri-tert-butylfenol (ZZS);732-26-3;246TttC4yFol;Milieu;Oppervlaktewater zoet;Landoppervlaktewateren Indicatief MTR (opgelost);1,95E-04;µg/l;OW;Oppervlaktewater;CONCTTE;(massa)Concentratie;nf;na filtratie (opgeloste fractie);P90;90-Percentiel
683;2-amino-4-chloorfenol;95-85-2;2Ao4ClFol;Milieu;Oppervlaktewater zoet;Landoppervlaktewateren MTR (totaal);10;µg/l;OW;Oppervlaktewater;CONCTTE;(massa)Concentratie;NVT;Niet van toepassing;P90;90-Percentiel
689;2-butenal (ZZS);4170-30-3;aclinC1y;Milieu;Oppervlaktewater zoet;Landoppervlaktewateren Indicatief MTR (opgelost);7,13E-01;µg/l;OW;Oppervlaktewater;CONCTTE;(massa)Concentratie;nf;na filtratie (opgeloste fractie);P90;90-Percentiel
712;2-chloorallylalcohol;5976-47-6;2Cl2C3eol;Milieu;Oppervlaktewater zoet;Landoppervlaktewateren Indicatief MTR (opgelost);0,45;µg/l;OW;Oppervlaktewater;CONCTTE;(massa)Concentratie;nf;na filtratie (opgeloste fractie);P90;90-Percentiel
713;2-chloorallylalcohol;5976-47-6;2Cl2C3eol;Milieu;Sediment;Sediment Indicatief MTR (droge stof);1,5;µg/kg;BS;Bodem/Sediment;MASSFTE;Massafractie;dg;t.o.v. drooggewicht;;
715;2-chlooraniline;95-51-2;2ClAn;Milieu;Oppervlaktewater zoet;log Kp l/kg (zwevend stof);1,1;;OW;Oppervlaktewater;NVT;Niet van toepassing;NVT;Niet van toepassing;NVT;Niet van toepassing
716;2-chlooraniline;95-51-2;2ClAn;Milieu;Oppervlaktewater zoet;Landoppervlaktewateren JG-MKN (totaal);0,2;µg/l;OW;Oppervlaktewater;CONCTTE;(massa)Concentratie;NVT;Niet van toepassing;JGM;Jaargemiddelde
717;2-chlooraniline;95-51-2;2ClAn;Milieu;Oppervlaktewater zoet;Landoppervlaktewateren MAC-MKN (totaal);10;µg/l;OW;Oppervlaktewater;CONCTTE;(massa)Concentratie;NVT;Niet van toepassing;MAX;Maximum
718;2-chlooraniline;95-51-2;2ClAn;Milieu;Oppervlaktewater zout;Andere oppervlaktewateren JG-MKN (totaal);0,032;µg/l;OW;Oppervlaktewater;CONCTTE;(massa)Concentratie;NVT;Niet van toepassing;JGM;Jaargemiddelde
719;2-chlooraniline;95-51-2;2ClAn;Milieu;Oppervlaktewater zout;Andere oppervlaktewateren MAC-MKN (totaal);1;µg/l;OW;Oppervlaktewater;CONCTTE;(massa)Concentratie;NVT;Niet van toepassing;MAX;Maximum
720;2-chloorethanol;107-07-3;2ClC2ol;Milieu;Oppervlaktewater zoet;Landoppervlaktewateren MTR (totaal);155;µg/l;OW;Oppervlaktewater;CONCTTE;(massa)Concentratie;NVT;Niet van toepassing;P90;90-Percentiel
732;2-chloorfenol;95-57-8;2ClFol;Milieu;Oppervlaktewater zoet;log Kp l/kg (zwevend stof);2,71;;OW;Oppervlaktewater;NVT;Niet van toepassing;NVT;Niet van toepassing;NVT;Niet van toepassing
733;2-chloorfenol;95-57-8;2ClFol;Milieu;Oppervlaktewater zoet;Landoppervlaktewateren JG-MKN (totaal);35;µg/l;OW;Oppervlaktewater;CONCTTE;(massa)Concentratie;NVT;Niet van toepassing;JGM;Jaargemiddelde
734;2-chloorfenol;95-57-8;2ClFol;Milieu;Oppervlaktewater zoet;Landoppervlaktewateren MAC-MKN (totaal);110;µg/l;OW;Oppervlaktewater;CONCTTE;(massa)Concentratie;NVT;Niet van toepassing;MAX;Maximum
735;2-chloorfenol;95-57-8;2ClFol;Milieu;Oppervlaktewater zout;Andere oppervlaktewateren JG-MKN (totaal);3,5;µg/l;OW;Oppervlaktewater;CONCTTE;(massa)Concentratie;NVT;Niet van toepassing;JGM;Jaargemiddelde
736;2-chloorfenol;95-57-8;2ClFol;Milieu;Oppervlaktewater zout;Andere oppervlaktewateren MAC-MKN (totaal);11;µg/l;OW;Oppervlaktewater;CONCTTE;(massa)Concentratie;NVT;Niet van toepassing;MAX;Maximum
737;2-chloor-4-methylaniline;615-65-6;2Cl4C1yAn;Milieu;Sediment;Sediment MTR (droge stof);20;µg/kg;BS;Bodem/Sediment;MASSFTE;Massafractie;dg;t.o.v. drooggewicht;;
738;2-chloor-4-methylaniline;615-65-6;2Cl4C1yAn;Milieu;Oppervlaktewater zoet;log Kp l/kg (zwevend stof);1,61;;OW;Oppervlaktewater;NVT;Niet van toepassing;NVT;Niet van toepassing;NVT;Niet van toepassing
739;2-chloor-4-methylaniline;615-65-6;2Cl4C1yAn;Milieu;Oppervlaktewater zoet;Landoppervlaktewateren MTR (opgelost);36;µg/l;OW;Oppervlaktewater;CONCTTE;(massa)Concentratie;nf;na filtratie (opgeloste fractie);P90;90-Percentiel
741;2-chloortolueen;95-49-8;2ClTol;Milieu;Oppervlaktewater zoet;log Kp l/kg (zwevend stof);2,33;;OW;Oppervlaktewater;NVT;Niet van toepassing;NVT;Niet van toepassing;NVT;Niet van toepassing
742;2-chloortolueen;95-49-8;2ClTol;Milieu;Oppervlaktewater zoet;Landoppervlaktewateren MTR (totaal);310;µg/l;OW;Oppervlaktewater;CONCTTE;(massa)Concentratie;NVT;Niet van toepassing;P90;90-Percentiel
744;2-ethoxyethanol (ZZS);110-80-5;2C2oxC2ol;Milieu;Oppervlaktewater zoet;Landoppervlaktewateren Indicatief MTR (opgelost);4,84E-01;µg/l;OW;Oppervlaktewater;CONCTTE;(massa)Concentratie;nf;na filtratie (opgeloste fractie);P90;90-Percentiel
760;2-ethoxyethylacetaat (ZZS);111-15-9;C2oxC2yactt;Milieu;Oppervlaktewater zoet;Landoppervlaktewateren Indicatief MTR (opgelost);1,28;µg/l;OW;Oppervlaktewater;CONCTTE;(massa)Concentratie;nf;na filtratie (opgeloste fractie);P90;90-Percentiel
768;2-ethylhexylacrylaat;103-11-7;2C2yC6yaclt;Milieu;Oppervlaktewater zoet;Landoppervlaktewateren JG-MKN (totaal);1,3;µg/l;OW;Oppervlaktewater;CONCTTE;(massa)Concentratie;NVT;Niet van toepassing;JGM;Jaargemiddelde
769;2-ethylhexylacrylaat;103-11-7;2C2yC6yaclt;Milieu;Oppervlaktewater zout;Andere oppervlaktewateren JG-MKN (totaal);0,13;µg/l;OW;Oppervlaktewater;CONCTTE;(massa)Concentratie;NVT;Niet van toepassing;JGM;Jaargemiddelde
770;2-ethylhexylacrylaat;103-11-7;2C2yC6yaclt;Milieu;Oppervlaktewater zoet;Landoppervlaktewateren MAC-MKN (totaal);13;µg/l;OW;Oppervlaktewater;CONCTTE;(massa)Concentratie;NVT;Niet van toepassing;MAX;Maximum
771;2-ethylhexylacrylaat;103-11-7;2C2yC6yaclt;Milieu;Oppervlaktewater zout;Andere oppervlaktewateren MAC-MKN (totaal);1,3;µg/l;OW;Oppervlaktewater;CONCTTE;(massa)Concentratie;NVT;Niet van toepassing;MAX;Maximum
774;2-ethylhexylacrylaat;103-11-7;2C2yC6yaclt;Milieu;Oppervlaktewater zoet;log Kp l/kg (zwevend stof);2,03;;OW;Oppervlaktewater;NVT;Niet van toepassing;NVT;Niet van toepassing;NVT;Niet van toepassing
777;1,3-benzothiazole-2-thiol;149-30-4;2benztazetol;Milieu;Oppervlaktewater zoet;Landoppervlaktewateren Indicatief MTR (opgelost);0,82;µg/l;OW;Oppervlaktewater;CONCTTE;(massa)Concentratie;nf;na filtratie (opgeloste fractie);P90;90-Percentiel
780;2-methoxyethanol (ZZS);109-86-4;2C1oxC2ol;Milieu;Oppervlaktewater zoet;Landoppervlaktewateren Indicatief MTR (opgelost);1,08;µg/l;OW;Oppervlaktewater;CONCTTE;(massa)Concentratie;nf;na filtratie (opgeloste fractie);P90;90-Percentiel
789;2-methoxyethylacetaat (ZZS);110-49-6;2C1oxC2yactt;Milieu;Oppervlaktewater zoet;Landoppervlaktewateren Indicatief MTR (opgelost);1,34;µg/l;OW;Oppervlaktewater;CONCTTE;(massa)Concentratie;nf;na filtratie (opgeloste fractie);P90;90-Percentiel
795;2-methoxypropanol (ZZS);1589-47-5;2C1ox1C3ol;Milieu;Oppervlaktewater zoet;Landoppervlaktewateren Indicatief JG-MKN (opgelost);0,057;mg/l;OW;Oppervlaktewater;CONCTTE;(massa)Concentratie;nf;na filtratie (opgeloste fractie);JGM;Jaargemiddelde
796;2-methoxypropanol (ZZS);1589-47-5;2C1ox1C3ol;Milieu;Oppervlaktewater zoet;Landoppervlaktewateren Indicatief MAC-MKN (opgelost);1,7;mg/l;OW;Oppervlaktewater;CONCTTE;(massa)Concentratie;nf;na filtratie (opgeloste fractie);MAX;Maximum
797;2-methoxypropanol (ZZS);1589-47-5;2C1ox1C3ol;Milieu;Oppervlaktewater zout;Andere oppervlaktewateren Indicatief JG-MKN (opgelost);0,057;mg/l;OW;Oppervlaktewater;CONCTTE;(massa)Concentratie;nf;na filtratie (opgeloste fractie);JGM;Jaargemiddelde
798;2-methoxypropanol (ZZS);1589-47-5;2C1ox1C3ol;Milieu;Oppervlaktewater zout;Andere oppervlaktewateren Indicatief MAC-MKN (opgelost);0,17;mg/l;OW;Oppervlaktewateren;CONCTTE;(massa)Concentratie;nf;na filtratie (opgeloste fractie);MAX;Maximum
801;2-methyl-2H-isothiazool-3-on;2682-20-4;2C1y2Hitaz3o;Milieu;Sediment;Sediment Indicatief MTR (droge stof);0,015;µg/kg;BS;Bodem/Sediment;MASSFTE;Massafractie;dg;t.o.v. drooggewicht;;
803;2-methyl-2H-isothiazool-3-on;2682-20-4;2C1y2Hitaz3o;Milieu;Oppervlaktewater zoet;Landoppervlaktewateren Indicatief JG-MKN (opgelost);3,9;µg/l;OW;Oppervlaktewater;CONCTTE;(massa)Concentratie;nf;na filtratie (opgeloste fractie);JGM;Jaargemiddelde
804;2-methyl-2H-isothiazool-3-on;2682-20-4;2C1y2Hitaz3o;Milieu;Oppervlaktewater zoet;Landoppervlaktewateren Indicatief MAC-MKN (opgelost);7;µg/l;OW;Oppervlaktewater;CONCTTE;(massa)Concentratie;nf;na filtratie (opgeloste fractie);MAX;Maximum
805;2-methyl-2H-isothiazool-3-on;2682-20-4;2C1y2Hitaz3o;Milieu;Oppervlaktewater zoet;Landoppervlaktewateren Indicatief JG-MKN (totaal);3,9;µg/l;OW;Oppervlaktewater;CONCTTE;(massa)Concentratie;NVT;Niet van toepassing;JGM;Jaargemiddelde
806;2-methyl-2H-isothiazool-3-on;2682-20-4;2C1y2Hitaz3o;Milieu;Oppervlaktewater zoet;Landoppervlaktewateren Indicatief MAC-MKN (totaal);7;µg/l;OW;Oppervlaktewater;CONCTTE;(massa)Concentratie;NVT;Niet van toepassing;MAX;Maximum
807;2-methyl-2H-isothiazool-3-on;2682-20-4;2C1y2Hitaz3o;Milieu;Oppervlaktewater zout;Andere oppervlaktewateren Indicatief JG-MKN (totaal);0,39;µg/l;OW;Oppervlaktewater;CONCTTE;(massa)Concentratie;NVT;Niet van toepassing;JGM;Jaargemiddelde
808;2-methyl-2H-isothiazool-3-on;2682-20-4;2C1y2Hitaz3o;Milieu;Oppervlaktewater zout;Andere oppervlaktewateren Indicatief JG-MKN (opgelost);0,39;µg/l;OW;Oppervlaktewater;CONCTTE;(massa)Concentratie;nf;na filtratie (opgeloste fractie);JGM;Jaargemiddelde
809;2-methyl-2H-isothiazool-3-on;2682-20-4;2C1y2Hitaz3o;Milieu;Oppervlaktewater zout;Andere oppervlaktewateren Indicatief MAC-MKN (opgelost);0,7;µg/l;OW;Oppervlaktewateren;CONCTTE;(massa)Concentratie;nf;na filtratie (opgeloste fractie);MAX;Maximum
810;2-methyl-2H-isothiazool-3-on;2682-20-4;2C1y2Hitaz3o;Milieu;Oppervlaktewater zout;Andere oppervlaktewateren Indicatief MAC-MKN (totaal);0,7;µg/l;OW;Oppervlaktewater;CONCTTE;(massa)Concentratie;NVT;Niet van toepassing;MAX;Maximum
811;4,6-dinitro-o-cresol;534-52-1;DNOC;Milieu;Oppervlaktewater zoet;Landoppervlaktewateren JG-MKN (totaal);9,2;µg/l;OW;Oppervlaktewater;CONCTTE;(massa)Concentratie;NVT;Niet van toepassing;JGM;Jaargemiddelde
813;4,6-dinitro-o-cresol;534-52-1;DNOC;Milieu;Oppervlaktewater zoet;Landoppervlaktewateren MAC-MKN (totaal);9,2;µg/l;OW;Oppervlaktewater;CONCTTE;(massa)Concentratie;NVT;Niet van toepassing;MAX;Maximum
814;4,6-dinitro-o-cresol;534-52-1;DNOC;Milieu;Oppervlaktewater zoet;Landoppervlaktewateren MAC-MKN (opgelost);9,2;µg/l;OW;Oppervlaktewater;CONCTTE;(massa)Concentratie;nf;na filtratie (opgeloste fractie);MAX;Maximum
818;4,6-dinitro-o-cresol;534-52-1;DNOC;Milieu;Oppervlaktewater zoet;log Kp l/kg (zwevend stof);1,82;;OW;Oppervlaktewater;NVT;Niet van toepassing;NVT;Niet van toepassing;NVT;Niet van toepassing
833;2-methylnaftaleen (ZZS);91-57-6;2C1yNaf;Milieu;Oppervlaktewater zoet;Landoppervlaktewateren Indicatief MTR (opgelost);0,03;µg/l;OW;Oppervlaktewater;CONCTTE;(massa)Concentratie;nf;na filtratie (opgeloste fractie);P90;90-Percentiel
834;2-morfolino(thio)benzothiazool;102-77-2;2mflntobztaz;Milieu;Oppervlaktewater zoet;Landoppervlaktewateren Indicatief MTR (opgelost);3,5;µg/l;OW;Oppervlaktewater;CONCTTE;(massa)Concentratie;nf;na filtratie (opgeloste fractie);P90;90-Percentiel
836;2-nitroaniline;88-74-4;2NO2An;Milieu;Oppervlaktewater zoet;log Kp l/kg (zwevend stof);0,93;;OW;Oppervlaktewater;NVT;Niet van toepassing;NVT;Niet van toepassing;NVT;Niet van toepassing
837;2-nitroaniline;88-74-4;2NO2An;Milieu;Oppervlaktewater zoet;Landoppervlaktewateren MTR (opgelost);340;µg/l;OW;Oppervlaktewater;CONCTTE;(massa)Concentratie;nf;na filtratie (opgeloste fractie);P90;90-Percentiel
838;2-nitroaniline;88-74-4;2NO2An;Milieu;Oppervlaktewater zoet;Landoppervlaktewateren MTR (totaal);340;µg/l;OW;Oppervlaktewater;CONCTTE;(massa)Concentratie;NVT;Niet van toepassing;P90;90-Percentiel
839;2-nitroaniline;88-74-4;2NO2An;Milieu;Sediment;Sediment MTR (droge stof);1450;µg/kg;BS;Bodem/Sediment;MASSFTE;Massafractie;dg;t.o.v. drooggewicht;;
842;2-nitropropaan (ZZS);79-46-9;2NO2C3a;Milieu;Oppervlaktewater zoet;Landoppervlaktewateren Indicatief MTR (opgelost);2,26E-01;µg/l;OW;Oppervlaktewater;CONCTTE;(massa)Concentratie;nf;na filtratie (opgeloste fractie);P90;90-Percentiel
850;2-propanol;67-63-0;2C3ol;Milieu;Grondwater;Grondwater indicatief niveau voor ernstige verontreiniging (opgelost);31000;µg/l;GW;Grondwater;CONCTTE;(massa)Concentratie;nf;na filtratie;Nee;
851;2-propanol;67-63-0;2C3ol;Milieu;Sediment;Sediment MTR (droge stof);20000;µg/kg;BS;Bodem/Sediment;MASSFTE;Massafractie;dg;t.o.v. drooggewicht;;
852;2-propanol;67-63-0;2C3ol;Milieu;Oppervlaktewater zoet;log Kp l/kg (zwevend stof);-0,4;;OW;Oppervlaktewater;NVT;Niet van toepassing;NVT;Niet van toepassing;NVT;Niet van toepassing
856;2-propanol;67-63-0;2C3ol;Milieu;Oppervlaktewater zoet;Landoppervlaktewateren JG-MKN (opgelost);98;mg/l;OW;Oppervlaktewater;CONCTTE;(massa)Concentratie;nf;na filtratie (opgeloste fractie);JGM;Jaargemiddelde
857;2-propanol;67-63-0;2C3ol;Milieu;Oppervlaktewater zoet;Landoppervlaktewateren JG-MKN (totaal);98;mg/l;OW;Oppervlaktewater;CONCTTE;(massa)Concentratie;NVT;Niet van toepassing;JGM;Jaargemiddelde
858;2-propanol;67-63-0;2C3ol;Milieu;Oppervlaktewater zoet;Landoppervlaktewateren Indicatief MAC-MKN (opgelost);98;mg/l;OW;Oppervlaktewater;CONCTTE;(massa)Concentratie;nf;na filtratie (opgeloste fractie);MAX;Maximum
859;2-propanol;67-63-0;2C3ol;Milieu;Oppervlaktewater zoet;Landoppervlaktewateren Indicatief MAC-MKN (totaal);98;mg/l;OW;Oppervlaktewater;CONCTTE;(massa)Concentratie;NVT;Niet van toepassing;MAX;Maximum
860;2-propanol;67-63-0;2C3ol;Milieu;Oppervlaktewater zout;Andere oppervlaktewateren Indicatief JG-MKN (opgelost);9,8;mg/l;OW;Oppervlaktewater;CONCTTE;(massa)Concentratie;nf;na filtratie (opgeloste fractie);JGM;Jaargemiddelde
861;2-propanol;67-63-0;2C3ol;Milieu;Oppervlaktewater zout;Andere oppervlaktewateren Indicatief JG-MKN (totaal);9,8;mg/l;OW;Oppervlaktewater;CONCTTE;(massa)Concentratie;NVT;Niet van toepassing;JGM;Jaargemiddelde
862;2-propanol;67-63-0;2C3ol;Milieu;Oppervlaktewater zout;Andere oppervlaktewateren Indicatief MAC-MKN (opgelost);9,8;mg/l;OW;Oppervlaktewateren;CONCTTE;(massa)Concentratie;nf;na filtratie (opgeloste fractie);MAX;Maximum
863;2-propanol;67-63-0;2C3ol;Milieu;Oppervlaktewater zout;Andere oppervlaktewateren Indicatief MAC-MKN (totaal);9,8;mg/l;OW;Oppervlaktewater;CONCTTE;(massa)Concentratie;NVT;Niet van toepassing;MAX;Maximum
888;(pentabroomfenyl)methylacrylaat (ZZS);59447-55-1;PeBrFyC1yacl;Milieu;Oppervlaktewater zoet;Landoppervlaktewateren Indicatief MTR (opgelost);8,48E-04;µg/l;OW;Oppervlaktewater;CONCTTE;(massa)Concentratie;nf;na filtratie (opgeloste fractie);P90;90-Percentiel
891;3,3-(ureyleendimethyleen)bis(3,5,5-trimethylcyclohexyl)diisocyanaat (ZZS);55525-54-7;NNb5iCN133TC;Milieu;Oppervlaktewater zoet;Landoppervlaktewateren Indicatief MTR (opgelost);1,86E-03;µg/l;OW;Oppervlaktewater;CONCTTE;(massa)Concentratie;nf;na filtratie (opgeloste fractie);P90;90-Percentiel
894;3,3''-dichloorbenzidine (ZZS);91-94-1;33DClbzdne;Milieu;Sediment;Sediment MTR (standaard Sediment met 10% organisch materiaal);33;µg/kg;BS;Bodem/Sediment;MASSFTE;Massafractie;dg;t.o.v. drooggewicht;;
896;3,3''-dichloorbenzidine (ZZS);91-94-1;33DClbzdne;Milieu;Oppervlaktewater zoet;log Kp l/kg (zwevend stof);3,06;;OW;Oppervlaktewater;NVT;Niet van toepassing;NVT;Niet van toepassing;NVT;Niet van toepassing
897;3,3''-dichloorbenzidine (ZZS);91-94-1;33DClbzdne;Milieu;Oppervlaktewater zoet;Landoppervlaktewateren JG-MKN (totaal);0,0052;ng/l;OW;Oppervlaktewater;CONCTTE;(massa)Concentratie;NVT;Niet van toepassing;JGM;Jaargemiddelde
898;3,3''-dichloorbenzidine (ZZS);91-94-1;33DClbzdne;Milieu;Oppervlaktewater zoet;Landoppervlaktewateren MAC-MKN (totaal);58;ng/l;OW;Oppervlaktewater;CONCTTE;(massa)Concentratie;NVT;Niet van toepassing;MAX;Maximum
899;3,3''-dichloorbenzidine (ZZS);91-94-1;33DClbzdne;Milieu;Oppervlaktewater zout;Andere oppervlaktewateren JG-MKN (totaal);0,0052;ng/l;OW;Oppervlaktewater;CONCTTE;(massa)Concentratie;NVT;Niet van toepassing;JGM;Jaargemiddelde
901;3,4,5-trichloorfenol;609-19-8;345TClFol;Milieu;Oppervlaktewater zoet;Landoppervlaktewateren JG-MKN (totaal);0,20;µg/l;OW;Oppervlaktewater;CONCTTE;(massa)Concentratie;NVT;Niet van toepassing;JGM;Jaargemiddelde
902;3,4,5-trichloorfenol;609-19-8;345TClFol;Milieu;Oppervlaktewater zout;Andere oppervlaktewateren JG-MKN (totaal);2,0E-02;µg/l;OW;Oppervlaktewater;CONCTTE;(massa)Concentratie;NVT;Niet van toepassing;JGM;Jaargemiddelde
903;3,4,5-trichloorfenol;609-19-8;345TClFol;Milieu;Oppervlaktewater zoet;Landoppervlaktewateren MAC-MKN (totaal);2,0;µg/l;OW;Oppervlaktewater;CONCTTE;(massa)Concentratie;NVT;Niet van toepassing;MAX;Maximum
904;3,4,5-trichloorfenol;609-19-8;345TClFol;Milieu;Oppervlaktewater zout;Andere oppervlaktewateren MAC-MKN (totaal);0,20;µg/l;OW;Oppervlaktewater;CONCTTE;(massa)Concentratie;NVT;Niet van toepassing;MAX;Maximum
906;3,4,5-trichloorfenol;609-19-8;345TClFol;Milieu;Oppervlaktewater zoet;log Kp l/kg (zwevend stof);2,50;;OW;Oppervlaktewater;NVT;Niet van toepassing;NVT;Niet van toepassing;NVT;Niet van toepassing
907;3,4-dichlooraniline;95-76-1;34DClAn;Milieu;Oppervlaktewater zoet;log Kp l/kg (zwevend stof);1,92;;OW;Oppervlaktewater;NVT;Niet van toepassing;NVT;Niet van toepassing;NVT;Niet van toepassing
908;3,4-dichlooraniline;95-76-1;34DClAn;Milieu;Sediment;Sediment MTR (droge stof);120;µg/kg;BS;Bodem/Sediment;MASSFTE;Massafractie;dg;t.o.v. drooggewicht;;
909;3,4-dichlooraniline;95-76-1;34DClAn;Milieu;Oppervlaktewater zoet;Landoppervlaktewateren MTR (totaal);3;µg/l;OW;Oppervlaktewater;CONCTTE;(massa)Concentratie;NVT;Niet van toepassing;P90;90-Percentiel
910;3,4-dimethylfenol;95-65-8;34DC1yFol;Milieu;Oppervlaktewater zoet;Landoppervlaktewateren Indicatief MTR (opgelost);0,53;µg/l;OW;Oppervlaktewater;CONCTTE;(massa)Concentratie;nf;na filtratie (opgeloste fractie);P90;90-Percentiel
911;3,5-dichlooraniline;626-43-7;35DClAn;Milieu;Oppervlaktewater zoet;log Kp l/kg (zwevend stof);1,92;;OW;Oppervlaktewater;NVT;Niet van toepassing;NVT;Niet van toepassing;NVT;Niet van toepassing
912;3,5-dichlooraniline;626-43-7;35DClAn;Milieu;Sediment;Sediment MTR (droge stof);120;µg/kg;BS;Bodem/Sediment;MASSFTE;Massafractie;dg;t.o.v. drooggewicht;;
913;3,5-dichlooraniline;626-43-7;35DClAn;Milieu;Oppervlaktewater zoet;Landoppervlaktewateren MTR (totaal);3;µg/l;OW;Oppervlaktewater;CONCTTE;(massa)Concentratie;NVT;Niet van toepassing;P90;90-Percentiel
914;3,5-dimethylfenol;108-68-9;35DC1yFol;Milieu;Oppervlaktewater zoet;Landoppervlaktewateren Indicatief MTR (opgelost);4,3;µg/l;OW;Oppervlaktewater;CONCTTE;(massa)Concentratie;nf;na filtratie (opgeloste fractie);P90;90-Percentiel
915;3,5-dinitroaniline;618-87-1;35DNO2An;Milieu;Oppervlaktewater zoet;log Kp l/kg (zwevend stof);1,67;;OW;Oppervlaktewater;NVT;Niet van toepassing;NVT;Niet van toepassing;NVT;Niet van toepassing
916;3,5-dinitroaniline;618-87-1;35DNO2An;Milieu;Oppervlaktewater zoet;Landoppervlaktewateren MTR (opgelost);10;µg/l;OW;Oppervlaktewater;CONCTTE;(massa)Concentratie;nf;na filtratie (opgeloste fractie);P90;90-Percentiel
917;3,5-dinitroaniline;618-87-1;35DNO2An;Milieu;Oppervlaktewater zoet;Landoppervlaktewateren MTR (totaal);10;µg/l;OW;Oppervlaktewater;CONCTTE;(massa)Concentratie;NVT;Niet van toepassing;P90;90-Percentiel
918;3,5-dinitroaniline;618-87-1;35DNO2An;Milieu;Sediment;Sediment MTR (droge stof);230;µg/kg;BS;Bodem/Sediment;MASSFTE;Massafractie;dg;t.o.v. drooggewicht;;
919;3,5-dinitrotolueen (ZZS);618-85-9;35DNO2Tol;Milieu;Oppervlaktewater zoet;Landoppervlaktewateren Indicatief MTR (opgelost);5,98E-01;µg/l;OW;Oppervlaktewater;CONCTTE;(massa)Concentratie;nf;na filtratie (opgeloste fractie);P90;90-Percentiel
922;3,5-dimethylaniline;108-69-0;35DC1yAn;Milieu;Oppervlaktewater zoet;log Kp l/kg (zwevend stof);1,14;;OW;Oppervlaktewater;NVT;Niet van toepassing;NVT;Niet van toepassing;NVT;Niet van toepassing
923;3,5-dimethylaniline;108-69-0;35DC1yAn;Milieu;Oppervlaktewater zoet;Landoppervlaktewateren MTR (opgelost);50;µg/l;OW;Oppervlaktewater;CONCTTE;(massa)Concentratie;nf;na filtratie (opgeloste fractie);P90;90-Percentiel
924;3,5-dimethylaniline;108-69-0;35DC1yAn;Milieu;Oppervlaktewater zoet;Landoppervlaktewateren MTR (totaal);50;µg/l;OW;Oppervlaktewater;CONCTTE;(massa)Concentratie;NVT;Niet van toepassing;P90;90-Percentiel
925;3,5-dimethylaniline;108-69-0;35DC1yAn;Milieu;Sediment;Sediment MTR (droge stof);350;µg/kg;BS;Bodem/Sediment;MASSFTE;Massafractie;dg;t.o.v. drooggewicht;;
926;3,5-xylylmethylcarbamaat;2655-14-3;XMC;Milieu;Oppervlaktewater zoet;Landoppervlaktewateren Indicatief MTR (opgelost);0,025;µg/l;OW;Oppervlaktewater;CONCTTE;(massa)Concentratie;nf;na filtratie (opgeloste fractie);P90;90-Percentiel
927;dicamba-natriumzout;1982-69-0;DcbNazt;Milieu;Oppervlaktewater zoet;Landoppervlaktewateren Indicatief MTR (opgelost);23;µg/l;OW;Oppervlaktewater;CONCTTE;(massa)Concentratie;nf;na filtratie (opgeloste fractie);P90;90-Percentiel
928;3-chlooraniline;108-42-9;3ClAn;Milieu;Oppervlaktewater zoet;log Kp l/kg (zwevend stof);1,09;;OW;Oppervlaktewater;NVT;Niet van toepassing;NVT;Niet van toepassing;NVT;Niet van toepassing
929;3-chlooraniline;108-42-9;3ClAn;Milieu;Oppervlaktewater zoet;Landoppervlaktewateren JG-MKN (totaal);0,41;µg/l;OW;Oppervlaktewater;CONCTTE;(massa)Concentratie;NVT;Niet van toepassing;JGM;Jaargemiddelde
930;3-chlooraniline;108-42-9;3ClAn;Milieu;Oppervlaktewater zoet;Landoppervlaktewateren MAC-MKN (totaal);4,6;µg/l;OW;Oppervlaktewater;CONCTTE;(massa)Concentratie;NVT;Niet van toepassing;MAX;Maximum
931;3-chlooraniline;108-42-9;3ClAn;Milieu;Oppervlaktewater zout;Andere oppervlaktewateren JG-MKN (totaal);0,46;µg/l;OW;Oppervlaktewater;CONCTTE;(massa)Concentratie;NVT;Niet van toepassing;JGM;Jaargemiddelde
932;3-chlooraniline;108-42-9;3ClAn;Milieu;Oppervlaktewater zout;Andere oppervlaktewateren MAC-MKN (totaal);0,46;µg/l;OW;Oppervlaktewater;CONCTTE;(massa)Concentratie;NVT;Niet van toepassing;MAX;Maximum
934;3-chloorfenol;108-43-0;3ClFol;Milieu;Oppervlaktewater zoet;log Kp l/kg (zwevend stof);1,55;;OW;Oppervlaktewater;NVT;Niet van toepassing;NVT;Niet van toepassing;NVT;Niet van toepassing
935;3-chloorfenol;108-43-0;3ClFol;Milieu;Oppervlaktewater zoet;Landoppervlaktewateren JG-MKN (totaal);4;µg/l;OW;Oppervlaktewater;CONCTTE;(massa)Concentratie;NVT;Niet van toepassing;JGM;Jaargemiddelde
936;3-chloorfenol;108-43-0;3ClFol;Milieu;Oppervlaktewater zoet;Landoppervlaktewateren MAC-MKN (totaal);400;µg/l;OW;Oppervlaktewater;CONCTTE;(massa)Concentratie;NVT;Niet van toepassing;MAX;Maximum
937;3-chloorfenol;108-43-0;3ClFol;Milieu;Oppervlaktewater zout;Andere oppervlaktewateren JG-MKN (totaal);0,4;µg/l;OW;Oppervlaktewater;CONCTTE;(massa)Concentratie;NVT;Niet van toepassing;JGM;Jaargemiddelde
938;3-chloorfenol;108-43-0;3ClFol;Milieu;Oppervlaktewater zout;Andere oppervlaktewateren MAC-MKN (totaal);40;µg/l;OW;Oppervlaktewater;CONCTTE;(massa)Concentratie;NVT;Niet van toepassing;MAX;Maximum
940;3-chloorpropeen;107-05-1;3ClC3e;Milieu;Oppervlaktewater zoet;log Kp l/kg (zwevend stof);0,39;;OW;Oppervlaktewater;NVT;Niet van toepassing;NVT;Niet van toepassing;NVT;Niet van toepassing
951;3-chloorpropeen;107-05-1;3ClC3e;Milieu;Oppervlaktewater zoet;Landoppervlaktewateren JG-MKN (totaal);0,34;µg/l;OW;Oppervlaktewater;CONCTTE;(massa)Concentratie;NVT;Niet van toepassing;JGM;Jaargemiddelde
952;3-chloorpropeen;107-05-1;3ClC3e;Milieu;Oppervlaktewater zoet;Landoppervlaktewateren MAC-MKN (totaal);3,4;µg/l;OW;Oppervlaktewater;CONCTTE;(massa)Concentratie;NVT;Niet van toepassing;MAX;Maximum
953;3-chloorpropeen;107-05-1;3ClC3e;Milieu;Oppervlaktewater zout;Andere oppervlaktewateren JG-MKN (totaal);0,034;µg/l;OW;Oppervlaktewater;CONCTTE;(massa)Concentratie;NVT;Niet van toepassing;JGM;Jaargemiddelde
954;3-chloorpropeen;107-05-1;3ClC3e;Milieu;Oppervlaktewater zout;Andere oppervlaktewateren MAC-MKN (totaal);0,34;µg/l;OW;Oppervlaktewater;CONCTTE;(massa)Concentratie;NVT;Niet van toepassing;MAX;Maximum
955;3-chloor-4-methylaniline;95-74-9;3Cl4C1yAn;Milieu;Sediment;Sediment MTR (droge stof);20;µg/kg;BS;Bodem/Sediment;MASSFTE;Massafractie;dg;t.o.v. drooggewicht;;
956;3-chloor-4-methylaniline;95-74-9;3Cl4C1yAn;Milieu;Oppervlaktewater zoet;log Kp l/kg (zwevend stof);1,61;;OW;Oppervlaktewater;NVT;Niet van toepassing;NVT;Niet van toepassing;NVT;Niet van toepassing
957;3-chloor-4-methylaniline;95-74-9;3Cl4C1yAn;Milieu;Oppervlaktewater zoet;Landoppervlaktewateren MTR (opgelost);6,2;µg/l;OW;Oppervlaktewater;CONCTTE;(massa)Concentratie;nf;na filtratie (opgeloste fractie);P90;90-Percentiel
959;3-chloortolueen;108-41-8;3ClTol;Milieu;Oppervlaktewater zoet;log Kp l/kg (zwevend stof);2,33;;OW;Oppervlaktewater;NVT;Niet van toepassing;NVT;Niet van toepassing;NVT;Niet van toepassing
960;3-chloortolueen;108-41-8;3ClTol;Milieu;Oppervlaktewater zoet;Landoppervlaktewateren MTR (totaal);310;µg/l;OW;Oppervlaktewater;CONCTTE;(massa)Concentratie;NVT;Niet van toepassing;P90;90-Percentiel
961;3-ethyltolueen;620-14-4;3C2yTol;Milieu;Oppervlaktewater zoet;Landoppervlaktewateren Indicatief MTR (opgelost);2,5;µg/l;OW;Oppervlaktewater;CONCTTE;(massa)Concentratie;nf;na filtratie (opgeloste fractie);P90;90-Percentiel
987;3-hydroxycarbofuran;16655-82-6;3HOxcbfrn;Milieu;Oppervlaktewater zoet;Landoppervlaktewateren Indicatief MTR (opgelost);4,3;µg/l;OW;Oppervlaktewater;CONCTTE;(massa)Concentratie;nf;na filtratie (opgeloste fractie);P90;90-Percentiel
988;3-nitroaniline;99-09-2;3NO2An;Milieu;Oppervlaktewater zoet;log Kp l/kg (zwevend stof);0,93;;OW;Oppervlaktewater;NVT;Niet van toepassing;NVT;Niet van toepassing;NVT;Niet van toepassing
989;3-nitroaniline;99-09-2;3NO2An;Milieu;Oppervlaktewater zoet;Landoppervlaktewateren MTR (opgelost);340;µg/l;OW;Oppervlaktewater;CONCTTE;(massa)Concentratie;nf;na filtratie (opgeloste fractie);P90;90-Percentiel
990;3-nitroaniline;99-09-2;3NO2An;Milieu;Oppervlaktewater zoet;Landoppervlaktewateren MTR (totaal);340;µg/l;OW;Oppervlaktewater;CONCTTE;(massa)Concentratie;NVT;Niet van toepassing;P90;90-Percentiel
991;3-nitroaniline;99-09-2;3NO2An;Milieu;Sediment;Sediment MTR (droge stof);1450;µg/kg;BS;Bodem/Sediment;MASSFTE;Massafractie;dg;t.o.v. drooggewicht;;
992;3-pentanol;584-02-1;3C5ol;Milieu;Oppervlaktewater zoet;Landoppervlaktewateren Indicatief MTR (opgelost);130;µg/l;OW;Oppervlaktewater;CONCTTE;(massa)Concentratie;nf;na filtratie (opgeloste fractie);P90;90-Percentiel
993;N-(1,3-dimethylbutyl)-N''-fenyl-1,4-benzeendiamine (ZZS);793-24-8;4DC1yC4yAoDF;Milieu;Oppervlaktewater zoet;Landoppervlaktewateren JG-MKN (totaal);0,48;µg/l;OW;Oppervlaktewater;CONCTTE;(massa)Concentratie;NVT;Niet van toepassing;JGM;Jaargemiddelde
994;N-(1,3-dimethylbutyl)-N''-fenyl-1,4-benzeendiamine (ZZS);793-24-8;4DC1yC4yAoDF;Milieu;Oppervlaktewater zout;Andere oppervlaktewateren JG-MKN (totaal);0,048;µg/l;OW;Oppervlaktewater;CONCTTE;(massa)Concentratie;NVT;Niet van toepassing;JGM;Jaargemiddelde
995;N-(1,3-dimethylbutyl)-N''-fenyl-1,4-benzeendiamine (ZZS);793-24-8;4DC1yC4yAoDF;Milieu;Oppervlaktewater zoet;Landoppervlaktewateren MAC-MKN (totaal);0,48;µg/l;OW;Oppervlaktewater;CONCTTE;(massa)Concentratie;NVT;Niet van toepassing;MAX;Maximum
996;N-(1,3-dimethylbutyl)-N''-fenyl-1,4-benzeendiamine (ZZS);793-24-8;4DC1yC4yAoDF;Milieu;Oppervlaktewater zoet;Landoppervlaktewateren MAC-MKN (opgelost);0,48;µg/l;OW;Oppervlaktewater;CONCTTE;(massa)Concentratie;nf;na filtratie (opgeloste fractie);MAX;Maximum
998;N-(1,3-dimethylbutyl)-N''-fenyl-1,4-benzeendiamine (ZZS);793-24-8;4DC1yC4yAoDF;Milieu;Sediment;Sediment MTR (standaard Sediment met 10% organisch materiaal);850;µg/kg;BS;Bodem/Sediment;MASSFTE;Massafractie;dg;t.o.v. drooggewicht;;
1000;N-(1,3-dimethylbutyl)-N''-fenyl-1,4-benzeendiamine (ZZS);793-24-8;4DC1yC4yAoDF;Milieu;Oppervlaktewater zoet;log Kp l/kg (zwevend stof);3,55;;OW;Oppervlaktewater;NVT;Niet van toepassing;NVT;Niet van toepassing;NVT;Niet van toepassing
1006;4-chloor-2-methylfenol;1570-64-5;4Cl2C1yFol;Milieu;Oppervlaktewater zoet;Landoppervlaktewateren MTR (totaal);50;µg/l;OW;Oppervlaktewater;CONCTTE;(massa)Concentratie;NVT;Niet van toepassing;P90;90-Percentiel
1007;4-chloor-2-methylfenol;1570-64-5;4Cl2C1yFol;Milieu;Oppervlaktewater zoet;Landoppervlaktewateren MTR (opgelost);50;µg/l;OW;Oppervlaktewater;CONCTTE;(massa)Concentratie;nf;na filtratie (opgeloste fractie);P90;90-Percentiel
1008;4-chloor-2-methylfenol;1570-64-5;4Cl2C1yFol;Milieu;Sediment;Sediment MTR (droge stof);1200;µg/kg;BS;Bodem/Sediment;MASSFTE;Massafractie;dg;t.o.v. drooggewicht;;
1009;4-chloor-2-methylfenol;1570-64-5;4Cl2C1yFol;Milieu;Oppervlaktewater zoet;log Kp l/kg (zwevend stof);1,68;;OW;Oppervlaktewater;NVT;Niet van toepassing;NVT;Niet van toepassing;NVT;Niet van toepassing
1012;4-chloor-2-nitroaniline;89-63-4;4Cl2NO2An;Milieu;Oppervlaktewater zoet;log Kp l/kg (zwevend stof);1,4;;OW;Oppervlaktewater;NVT;Niet van toepassing;NVT;Niet van toepassing;NVT;Niet van toepassing
1013;4-chloor-2-nitroaniline;89-63-4;4Cl2NO2An;Milieu;Sediment;Sediment MTR (droge stof);40;µg/kg;BS;Bodem/Sediment;MASSFTE;Massafractie;dg;t.o.v. drooggewicht;;
1014;4-chloor-2-nitroaniline;89-63-4;4Cl2NO2An;Milieu;Oppervlaktewater zoet;Landoppervlaktewateren MTR (totaal);3;µg/l;OW;Oppervlaktewater;CONCTTE;(massa)Concentratie;NVT;Niet van toepassing;P90;90-Percentiel
1015;4-chloor-2-nitrotolueen;89-59-8;4Cl2NO2Tol;Milieu;Oppervlaktewater zoet;Landoppervlaktewateren MTR (opgelost);4;µg/l;OW;Oppervlaktewater;CONCTTE;(massa)Concentratie;nf;na filtratie (opgeloste fractie);P90;90-Percentiel
1017;4-chloor-3-methylfenol;59-50-7;4Cl3C1yFol;Milieu;Oppervlaktewater zoet;log Kp l/kg (zwevend stof);1,92;;OW;Oppervlaktewater;NVT;Niet van toepassing;NVT;Niet van toepassing;NVT;Niet van toepassing
1018;4-chloor-3-methylfenol;59-50-7;4Cl3C1yFol;Milieu;Oppervlaktewater zoet;Landoppervlaktewateren JG-MKN (totaal);6,4;µg/l;OW;Oppervlaktewater;CONCTTE;(massa)Concentratie;NVT;Niet van toepassing;JGM;Jaargemiddelde
1019;4-chloor-3-methylfenol;59-50-7;4Cl3C1yFol;Milieu;Oppervlaktewater zoet;Landoppervlaktewateren MAC-MKN (totaal);64;µg/l;OW;Oppervlaktewater;CONCTTE;(massa)Concentratie;NVT;Niet van toepassing;MAX;Maximum
1020;4-chloor-3-methylfenol;59-50-7;4Cl3C1yFol;Milieu;Oppervlaktewater zout;Andere oppervlaktewateren JG-MKN (totaal);0,64;µg/l;OW;Oppervlaktewater;CONCTTE;(massa)Concentratie;NVT;Niet van toepassing;JGM;Jaargemiddelde
1021;4-chloor-3-methylfenol;59-50-7;4Cl3C1yFol;Milieu;Oppervlaktewater zout;Andere oppervlaktewateren MAC-MKN (totaal);6,4;µg/l;OW;Oppervlaktewater;CONCTTE;(massa)Concentratie;NVT;Niet van toepassing;MAX;Maximum
1024;4-chlooraniline (ZZS);106-47-8;4ClAn;Milieu;Oppervlaktewater zoet;Landoppervlaktewateren wettelijk JG-MKN (totaal);0,22;µg/l;OW;Oppervlaktewater;CONCTTE;(massa)Concentratie;NVT;Niet van toepassing;JGM;Jaargemiddelde
1025;4-chlooraniline (ZZS);106-47-8;4ClAn;Milieu;Oppervlaktewater zout;Andere oppervlaktewateren wettelijk JG-MKN (totaal);0,057;µg/l;OW;Oppervlaktewater;CONCTTE;(massa)Concentratie;NVT;Niet van toepassing;JGM;Jaargemiddelde
1026;4-chlooraniline (ZZS);106-47-8;4ClAn;Milieu;Oppervlaktewater zoet;Landoppervlaktewateren wettelijk MAC-MKN (totaal);1,2;µg/l;OW;Oppervlaktewater;CONCTTE;(massa)Concentratie;NVT;Niet van toepassing;MAX;Maximum
1027;4-chlooraniline (ZZS);106-47-8;4ClAn;Milieu;Oppervlaktewater zout;Andere oppervlaktewateren wettelijk MAC-MKN (totaal);0,12;µg/l;OW;Oppervlaktewater;CONCTTE;(massa)Concentratie;NVT;Niet van toepassing;MAX;Maximum
1029;4-chlooraniline (ZZS);106-47-8;4ClAn;Milieu;Oppervlaktewater zoet;Landoppervlaktewateren JG-MKN (opgelost);0,22;µg/l;OW;Oppervlaktewater;CONCTTE;(massa)Concentratie;nf;na filtratie (opgeloste fractie);JGM;Jaargemiddelde
1030;4-chlooraniline (ZZS);106-47-8;4ClAn;Milieu;Oppervlaktewater zoet;Landoppervlaktewateren MAC-MKN (opgelost);1,2;µg/l;OW;Oppervlaktewater;CONCTTE;(massa)Concentratie;nf;na filtratie (opgeloste fractie);MAX;Maximum
1031;4-chlooraniline (ZZS);106-47-8;4ClAn;Milieu;Oppervlaktewater zout;Andere oppervlaktewateren MTR (opgelost);0,057;µg/l;OW;Oppervlaktewater;CONCTTE;(massa)Concentratie;nf;na filtratie (opgeloste fractie);P90;90-Percentiel
1032;4-chlooraniline (ZZS);106-47-8;4ClAn;Milieu;Oppervlaktewater zout;Andere oppervlaktewateren MAC-MKN (opgelost);0,12;µg/l;OW;Oppervlaktewater;CONCTTE;(massa)Concentratie;nf;na filtratie (opgeloste fractie);MAX;Maximum
1034;4-chloorfenol;106-48-9;4ClFol;Milieu;Oppervlaktewater zoet;log Kp l/kg (zwevend stof);1,48;;OW;Oppervlaktewater;NVT;Niet van toepassing;NVT;Niet van toepassing;NVT;Niet van toepassing
1035;4-chloorfenol;106-48-9;4ClFol;Milieu;Oppervlaktewater zout;Andere oppervlaktewateren MAC-MKN (totaal);18;µg/l;OW;Oppervlaktewater;CONCTTE;(massa)Concentratie;NVT;Niet van toepassing;MAX;Maximum
1036;4-chloorfenol;106-48-9;4ClFol;Milieu;Oppervlaktewater zout;Andere oppervlaktewateren JG-MKN (totaal);3,2;µg/l;OW;Oppervlaktewater;CONCTTE;(massa)Concentratie;NVT;Niet van toepassing;JGM;Jaargemiddelde
1037;4-chloorfenol;106-48-9;4ClFol;Milieu;Oppervlaktewater zoet;Landoppervlaktewateren JG-MKN (totaal);16;µg/l;OW;Oppervlaktewater;CONCTTE;(massa)Concentratie;NVT;Niet van toepassing;JGM;Jaargemiddelde
1038;4-chloorfenol;106-48-9;4ClFol;Milieu;Oppervlaktewater zoet;Landoppervlaktewateren MAC-MKN (totaal);89;µg/l;OW;Oppervlaktewater;CONCTTE;(massa)Concentratie;NVT;Niet van toepassing;MAX;Maximum
1039;4-chloorfenoxyazijnzuur;122-88-3;4CPA;Milieu;Oppervlaktewater zoet;Landoppervlaktewateren Indicatief MTR (opgelost);12,5;µg/l;OW;Oppervlaktewater;CONCTTE;(massa)Concentratie;nf;na filtratie (opgeloste fractie);P90;90-Percentiel
1041;4-chloor-o-toluïdine (ZZS);95-69-2;4Cl2C1yAn;Milieu;Sediment;Sediment MTR (droge stof);20;µg/kg;BS;Bodem/Sediment;MASSFTE;Massafractie;dg;t.o.v. drooggewicht;;
1042;4-chloor-o-toluïdine (ZZS);95-69-2;4Cl2C1yAn;Milieu;Oppervlaktewater zoet;log Kp l/kg (zwevend stof);1,61;;OW;Oppervlaktewater;NVT;Niet van toepassing;NVT;Niet van toepassing;NVT;Niet van toepassing
1043;4-chloor-o-toluïdine (ZZS);95-69-2;4Cl2C1yAn;Milieu;Oppervlaktewater zoet;Landoppervlaktewateren MTR (opgelost);6,2;µg/l;OW;Oppervlaktewater;CONCTTE;(massa)Concentratie;nf;na filtratie (opgeloste fractie);P90;90-Percentiel
1045;4-chloortolueen;106-43-4;4ClTol;Milieu;Oppervlaktewater zoet;log Kp l/kg (zwevend stof);2,33;;OW;Oppervlaktewater;NVT;Niet van toepassing;NVT;Niet van toepassing;NVT;Niet van toepassing
1046;4-chloortolueen;106-43-4;4ClTol;Milieu;Oppervlaktewater zoet;Landoppervlaktewateren MTR (totaal);310;µg/l;OW;Oppervlaktewater;CONCTTE;(massa)Concentratie;NVT;Niet van toepassing;P90;90-Percentiel
1047;4-ethyltolueen;622-96-8;4C2yTol;Milieu;Oppervlaktewater zoet;Landoppervlaktewateren Indicatief MTR (opgelost);2,5;µg/l;OW;Oppervlaktewater;CONCTTE;(massa)Concentratie;nf;na filtratie (opgeloste fractie);P90;90-Percentiel
1073;4-methyl-2-pentanon;108-10-1;4C1y2C5on;Milieu;Oppervlaktewater zoet;Landoppervlaktewateren Indicatief MTR (opgelost);400;µg/l;OW;Oppervlaktewater;CONCTTE;(massa)Concentratie;nf;na filtratie (opgeloste fractie);P90;90-Percentiel
1074;4-methyl-2-pentanon;108-10-1;4C1y2C5on;Milieu;Sediment;Sediment Indicatief MTR (droge stof);2000;µg/kg;BS;Bodem/Sediment;MASSFTE;Massafractie;dg;t.o.v. drooggewicht;;
1078;4-nitroaniline;100-01-6;4NO2An;Milieu;Oppervlaktewater zoet;log Kp l/kg (zwevend stof);0,93;;OW;Oppervlaktewater;NVT;Niet van toepassing;NVT;Niet van toepassing;NVT;Niet van toepassing
1079;4-nitroaniline;100-01-6;4NO2An;Milieu;Oppervlaktewater zoet;Landoppervlaktewateren MTR (opgelost);340;µg/l;OW;Oppervlaktewater;CONCTTE;(massa)Concentratie;nf;na filtratie (opgeloste fractie);P90;90-Percentiel
1080;4-nitroaniline;100-01-6;4NO2An;Milieu;Oppervlaktewater zoet;Landoppervlaktewateren MTR (totaal);340;µg/l;OW;Oppervlaktewater;CONCTTE;(massa)Concentratie;NVT;Niet van toepassing;P90;90-Percentiel
1081;4-nitroaniline;100-01-6;4NO2An;Milieu;Sediment;Sediment MTR (droge stof);1450;µg/kg;BS;Bodem/Sediment;MASSFTE;Massafractie;dg;t.o.v. drooggewicht;;
1082;4-nitro-N-fenylaniline;836-30-6;4NO2DFyAe;Milieu;Oppervlaktewater zoet;log Kp l/kg (zwevend stof);2,55;;OW;Oppervlaktewater;NVT;Niet van toepassing;NVT;Niet van toepassing;NVT;Niet van toepassing
1083;4-nitro-N-fenylaniline;836-30-6;4NO2DFyAe;Milieu;Oppervlaktewater zoet;Landoppervlaktewateren MTR (opgelost);3;µg/l;OW;Oppervlaktewater;CONCTTE;(massa)Concentratie;nf;na filtratie (opgeloste fractie);P90;90-Percentiel
1084;4-nitro-N-fenylaniline;836-30-6;4NO2DFyAe;Milieu;Oppervlaktewater zoet;Landoppervlaktewateren MTR (totaal);3;µg/l;OW;Oppervlaktewater;CONCTTE;(massa)Concentratie;NVT;Niet van toepassing;P90;90-Percentiel
1085;4-nitro-N-fenylaniline;836-30-6;4NO2DFyAe;Milieu;Sediment;Sediment MTR (droge stof);530;µg/kg;BS;Bodem/Sediment;MASSFTE;Massafractie;dg;t.o.v. drooggewicht;;
1086;2-nitro-N-fenylaniline;119-75-5;2NO2DFyAe;Milieu;Oppervlaktewater zoet;log Kp l/kg (zwevend stof);2,55;;OW;Oppervlaktewater;NVT;Niet van toepassing;NVT;Niet van toepassing;NVT;Niet van toepassing
1087;2-nitro-N-fenylaniline;119-75-5;2NO2DFyAe;Milieu;Oppervlaktewater zoet;Landoppervlaktewateren MTR (opgelost);3;µg/l;OW;Oppervlaktewater;CONCTTE;(massa)Concentratie;nf;na filtratie (opgeloste fractie);P90;90-Percentiel
1088;2-nitro-N-fenylaniline;119-75-5;2NO2DFyAe;Milieu;Oppervlaktewater zoet;Landoppervlaktewateren MTR (totaal);3;µg/l;OW;Oppervlaktewater;CONCTTE;(massa)Concentratie;NVT;Niet van toepassing;P90;90-Percentiel
1089;2-nitro-N-fenylaniline;119-75-5;2NO2DFyAe;Milieu;Sediment;Sediment MTR (droge stof);530;µg/kg;BS;Bodem/Sediment;MASSFTE;Massafractie;dg;t.o.v. drooggewicht;;
1090;5,6,6-tridecafluoro-6-iodo-1,1,1,2,2,3,3,4,4,5-hexaan (ZZS);355-43-1;PF1IC6a;Milieu;Oppervlaktewater zoet;Landoppervlaktewateren Indicatief MTR (opgelost);2,07E-03;µg/l;OW;Oppervlaktewater;CONCTTE;(massa)Concentratie;nf;na filtratie (opgeloste fractie);P90;90-Percentiel
1093;5-chloor-2-methyl-2H-isothiazool-3-on;26172-55-4;5Cl2C1y2Hita;Milieu;Oppervlaktewater zoet;Landoppervlaktewateren Indicatief MTR (opgelost);0,28;µg/l;OW;Oppervlaktewater;CONCTTE;(massa)Concentratie;nf;na filtratie (opgeloste fractie);P90;90-Percentiel
1094;5-chloor-2-methyl-2H-isothiazool-3-on;26172-55-4;5Cl2C1y2Hita;Milieu;Sediment;Sediment Indicatief MTR (droge stof);0,95;µg/kg;BS;Bodem/Sediment;MASSFTE;Massafractie;dg;t.o.v. drooggewicht;;
1100;pyridafol;40020-01-7;pyrdfl;Milieu;Oppervlaktewater zoet;Landoppervlaktewateren Indicatief MTR (opgelost);0,00039;µg/l;OW;Oppervlaktewater;CONCTTE;(massa)Concentratie;nf;na filtratie (opgeloste fractie);P90;90-Percentiel
1101;7H-dibenzo[c,g]carbazool (ZZS);194-59-2;7HDbzcgcbzl;Milieu;Oppervlaktewater zoet;Landoppervlaktewateren Indicatief MTR (opgelost);7,15E-03;µg/l;OW;Oppervlaktewater;CONCTTE;(massa)Concentratie;nf;na filtratie (opgeloste fractie);P90;90-Percentiel
1104;abamectine;71751-41-2;abmtne;Milieu;Oppervlaktewater zoet;Landoppervlaktewateren wettelijk JG-MKN (totaal);0,001;µg/l;OW;Oppervlaktewater;CONCTTE;(massa)Concentratie;NVT;Niet van toepassing;JGM;Jaargemiddelde
1105;abamectine;71751-41-2;abmtne;Milieu;Oppervlaktewater zout;Andere oppervlaktewateren wettelijk JG-MKN (totaal);3,5E-06;µg/l;OW;Oppervlaktewater;CONCTTE;(massa)Concentratie;NVT;Niet van toepassing;JGM;Jaargemiddelde
1106;abamectine;71751-41-2;abmtne;Milieu;Oppervlaktewater zoet;Landoppervlaktewateren wettelijk MAC-MKN (totaal);0,018;µg/l;OW;Oppervlaktewater;CONCTTE;(massa)Concentratie;NVT;Niet van toepassing;MAX;Maximum
1107;abamectine;71751-41-2;abmtne;Milieu;Oppervlaktewater zout;Andere oppervlaktewateren wettelijk MAC-MKN (totaal);0,0009;µg/l;OW;Oppervlaktewater;CONCTTE;(massa)Concentratie;NVT;Niet van toepassing;MAX;Maximum
1109;abamectine;71751-41-2;abmtne;Milieu;Oppervlaktewater zoet;log Kp l/kg (zwevend stof);2,82;;OW;Oppervlaktewater;NVT;Niet van toepassing;NVT;Niet van toepassing;NVT;Niet van toepassing
1110;abamectine;71751-41-2;abmtne;Milieu;Oppervlaktewater zoet;Landoppervlaktewateren JG-MKN (opgelost);0,001;µg/l;OW;Oppervlaktewater;CONCTTE;(massa)Concentratie;nf;na filtratie (opgeloste fractie);JGM;Jaargemiddelde
1111;abamectine;71751-41-2;abmtne;Milieu;Oppervlaktewater zout;Andere oppervlaktewateren JG-MKN (opgelost);3,5E-06;µg/l;OW;Oppervlaktewater;CONCTTE;(massa)Concentratie;nf;na filtratie (opgeloste fractie);JGM;Jaargemiddelde
1112;abamectine;71751-41-2;abmtne;Milieu;Oppervlaktewater zout;Andere oppervlaktewateren MAC-MKN (opgelost);0,0009;µg/l;OW;Oppervlaktewater;CONCTTE;(massa)Concentratie;nf;na filtratie (opgeloste fractie);MAX;Maximum
1113;abamectine;71751-41-2;abmtne;Milieu;Oppervlaktewater zoet;Landoppervlaktewateren MAC-MKN (opgelost);0,018;µg/l;OW;Oppervlaktewater;CONCTTE;(massa)Concentratie;nf;na filtratie (opgeloste fractie);MAX;Maximum
1131;acefaat;30560-19-1;acft;Milieu;Oppervlaktewater zoet;Landoppervlaktewateren Indicatief MTR (opgelost);107;µg/l;OW;Oppervlaktewater;CONCTTE;(massa)Concentratie;nf;na filtratie (opgeloste fractie);P90;90-Percentiel
1133;acenaftyleen (ZZS);208-96-8;AcNy;Milieu;Oppervlaktewater zoet;Landoppervlaktewateren JG-MKN (opgelost);0,10;µg/l;OW;Oppervlaktewater;CONCTTE;(massa)Concentratie;nf;na filtratie (opgeloste fractie);JGM;Jaargemiddelde
1134;acenaftyleen (ZZS);208-96-8;AcNy;Milieu;Oppervlaktewater zoet;Landoppervlaktewateren JG-MKN (totaal);0,10;µg/l;OW;Oppervlaktewater;CONCTTE;(massa)Concentratie;NVT;Niet van toepassing;JGM;Jaargemiddelde
1135;acenaftyleen (ZZS);208-96-8;AcNy;Milieu;Oppervlaktewater zoet;Landoppervlaktewateren MAC-MKN (opgelost);33;µg/l;OW;Oppervlaktewater;CONCTTE;(massa)Concentratie;nf;na filtratie (opgeloste fractie);MAX;Maximum
1136;acenaftyleen (ZZS);208-96-8;AcNy;Milieu;Oppervlaktewater zoet;Landoppervlaktewateren MAC-MKN (totaal);33;µg/l;OW;Oppervlaktewater;CONCTTE;(massa)Concentratie;NVT;Niet van toepassing;MAX;Maximum
1137;acenaftyleen (ZZS);208-96-8;AcNy;Milieu;Oppervlaktewater zout;Andere oppervlaktewateren JG-MKN (opgelost);0,10;µg/l;OW;Oppervlaktewater;CONCTTE;(massa)Concentratie;nf;na filtratie (opgeloste fractie);JGM;Jaargemiddelde
1138;acenaftyleen (ZZS);208-96-8;AcNy;Milieu;Oppervlaktewater zout;Andere oppervlaktewateren JG-MKN (totaal);0,10;µg/l;OW;Oppervlaktewater;CONCTTE;(massa)Concentratie;NVT;Niet van toepassing;JGM;Jaargemiddelde
1139;acenaftyleen (ZZS);208-96-8;AcNy;Milieu;Oppervlaktewater zout;Andere oppervlaktewateren MAC-MKN (opgelost);3,3;µg/l;OW;Oppervlaktewater;CONCTTE;(massa)Concentratie;nf;na filtratie (opgeloste fractie);MAX;Maximum
1140;acenaftyleen (ZZS);208-96-8;AcNy;Milieu;Oppervlaktewater zout;Andere oppervlaktewateren MAC-MKN (totaal);3,3;µg/l;OW;Oppervlaktewater;CONCTTE;(massa)Concentratie;NVT;Niet van toepassing;MAX;Maximum
1141;acetamiprid;135410-20-7;actmpd;Milieu;Oppervlaktewater zoet;Landoppervlaktewateren Indicatief MTR (opgelost);0,1;µg/l;OW;Oppervlaktewater;CONCTTE;(massa)Concentratie;nf;na filtratie (opgeloste fractie);P90;90-Percentiel
1142;acetamiprid;135410-20-7;actmpd;Milieu;Sediment;Sediment Indicatief MTR (droge stof);1,1;µg/kg;BS;Bodem/Sediment;MASSFTE;Massafractie;dg;t.o.v. drooggewicht;;
1144;acetofenon;98-86-2;actfnn;Milieu;Oppervlaktewater zoet;Landoppervlaktewateren Indicatief MTR (opgelost);14;µg/l;OW;Oppervlaktewater;CONCTTE;(massa)Concentratie;nf;na filtratie (opgeloste fractie);P90;90-Percentiel
1157;aceton;67-64-1;actn;Milieu;Oppervlaktewater zoet;Landoppervlaktewateren Indicatief MTR (opgelost);340;µg/l;OW;Oppervlaktewater;CONCTTE;(massa)Concentratie;nf;na filtratie (opgeloste fractie);P90;90-Percentiel
1163;acetonitril;75-05-8;actntl;Milieu;Oppervlaktewater zoet;Landoppervlaktewateren Indicatief MTR (opgelost);73;µg/l;OW;Oppervlaktewater;CONCTTE;(massa)Concentratie;nf;na filtratie (opgeloste fractie);P90;90-Percentiel
1175;acibenzolar-S-methyl;135158-54-2;acbzlSC1y;Milieu;Oppervlaktewater zoet;Landoppervlaktewateren Indicatief MTR (opgelost);0,52;µg/l;OW;Oppervlaktewater;CONCTTE;(massa)Concentratie;nf;na filtratie (opgeloste fractie);P90;90-Percentiel
1176;aclonifen;74070-46-5;acnfn;Milieu;Oppervlaktewater zoet;Landoppervlaktewateren wettelijk JG-MKN (totaal);0,12;µg/l;OW;Oppervlaktewater;CONCTTE;(massa)Concentratie;NVT;Niet van toepassing;JGM;Jaargemiddelde
1177;aclonifen;74070-46-5;acnfn;Milieu;Oppervlaktewater zoet;Landoppervlaktewateren wettelijk MAC-MKN (totaal);0,12;µg/l;OW;Oppervlaktewater;CONCTTE;(massa)Concentratie;NVT;Niet van toepassing;MAX;Maximum
1178;aclonifen;74070-46-5;acnfn;Milieu;Oppervlaktewater zout;Andere oppervlaktewateren wettelijk JG-MKN (totaal);0,012;µg/l;OW;Oppervlaktewater;CONCTTE;(massa)Concentratie;NVT;Niet van toepassing;JGM;Jaargemiddelde
1179;aclonifen;74070-46-5;acnfn;Milieu;Oppervlaktewater zout;Andere oppervlaktewateren wettelijk MAC-MKN (totaal);0,012;µg/l;OW;Oppervlaktewater;CONCTTE;(massa)Concentratie;NVT;Niet van toepassing;MAX;Maximum
1181;acrinathrin (ZZS);101007-06-1;acntn;Milieu;Oppervlaktewater zoet;Landoppervlaktewateren Indicatief MTR (opgelost);0,057;µg/l;OW;Oppervlaktewater;CONCTTE;(massa)Concentratie;nf;na filtratie (opgeloste fractie);P90;90-Percentiel
1182;acroleïne;107-02-8;acAh;Milieu;Oppervlaktewater zoet;Landoppervlaktewateren JG-MKN (totaal);0,1;µg/l;OW;Oppervlaktewater;CONCTTE;(massa)Concentratie;NVT;Niet van toepassing;JGM;Jaargemiddelde
1183;acroleïne;107-02-8;acAh;Milieu;Oppervlaktewater zout;Andere oppervlaktewateren JG-MKN (totaal);0,01;µg/l;OW;Oppervlaktewater;CONCTTE;(massa)Concentratie;NVT;Niet van toepassing;JGM;Jaargemiddelde
1184;acroleïne;107-02-8;acAh;Milieu;Oppervlaktewater zoet;Landoppervlaktewateren MAC-MKN (totaal);0,7;µg/l;OW;Oppervlaktewater;CONCTTE;(massa)Concentratie;NVT;Niet van toepassing;MAX;Maximum
1185;acroleïne;107-02-8;acAh;Milieu;Oppervlaktewater zout;Andere oppervlaktewateren MAC-MKN (totaal);0,07;µg/l;OW;Oppervlaktewater;CONCTTE;(massa)Concentratie;NVT;Niet van toepassing;MAX;Maximum
1188;acroleïne;107-02-8;acAh;Milieu;Oppervlaktewater zoet;log Kp l/kg (zwevend stof);0,45;;OW;Oppervlaktewater;NVT;Niet van toepassing;NVT;Niet van toepassing;NVT;Niet van toepassing
1208;acrylonitril (ZZS);107-13-1;aclntl;Milieu;Grondwater;Grondwater indicatief niveau voor ernstige verontreiniging (opgelost);5;µg/l;GW;Grondwater;CONCTTE;(massa)Concentratie;nf;na filtratie;Nee;
1209;acrylonitril (ZZS);107-13-1;aclntl;Milieu;Oppervlaktewater zoet;Landoppervlaktewateren MTR (totaal);8;µg/l;OW;Oppervlaktewater;CONCTTE;(massa)Concentratie;NVT;Niet van toepassing;P90;90-Percentiel
1210;acrylonitril (ZZS);107-13-1;aclntl;Milieu;Oppervlaktewater zoet;Landoppervlaktewateren MTR (opgelost);8;µg/l;OW;Oppervlaktewater;CONCTTE;(massa)Concentratie;nf;na filtratie (opgeloste fractie);P90;90-Percentiel
1211;acrylonitril (ZZS);107-13-1;aclntl;Milieu;Sediment;Sediment MTR (droge stof);0,0007;mg/kg;BS;Bodem/Sediment;MASSFTE;Massafractie;dg;t.o.v. drooggewicht;;
1213;acrylonitril (ZZS);107-13-1;aclntl;Milieu;Oppervlaktewater zoet;log Kp l/kg (zwevend stof);-0,68;;OW;Oppervlaktewater;NVT;Niet van toepassing;NVT;Niet van toepassing;NVT;Niet van toepassing
1225;acrylonitril (ZZS);107-13-1;aclntl;Milieu;Grondwater;Grondwater streefwaarde (opgelost);0,08;µg/l;GW;Grondwater;CONCTTE;(massa)Concentratie;nf;na filtratie;Nee;
1250;alachloor;15972-60-8;alCl;Milieu;Oppervlaktewater zoet;Landoppervlaktewateren wettelijk JG-MKN (totaal);0,3;µg/l;OW;Oppervlaktewater;CONCTTE;(massa)Concentratie;NVT;Niet van toepassing;JGM;Jaargemiddelde
1251;alachloor;15972-60-8;alCl;Milieu;Oppervlaktewater zout;Andere oppervlaktewateren wettelijk JG-MKN (totaal);0,3;µg/l;OW;Oppervlaktewater;CONCTTE;(massa)Concentratie;NVT;Niet van toepassing;JGM;Jaargemiddelde
1252;alachloor;15972-60-8;alCl;Milieu;Oppervlaktewater zoet;Landoppervlaktewateren wettelijk MAC-MKN (totaal);0,7;µg/l;OW;Oppervlaktewater;CONCTTE;(massa)Concentratie;NVT;Niet van toepassing;MAX;Maximum
1253;alachloor;15972-60-8;alCl;Milieu;Oppervlaktewater zout;Andere oppervlaktewateren wettelijk MAC-MKN (totaal);0,7;µg/l;OW;Oppervlaktewater;CONCTTE;(massa)Concentratie;NVT;Niet van toepassing;MAX;Maximum
1254;alachloor;15972-60-8;alCl;Milieu;Sediment;Sediment Indicatief MTR (droge stof);10,7;µg/kg;BS;Bodem/Sediment;MASSFTE;Massafractie;dg;t.o.v. drooggewicht;;
1256;alanycarb;83130-01-2;alncb;Milieu;Oppervlaktewater zoet;Landoppervlaktewateren Indicatief MTR (opgelost);0,33;µg/l;OW;Oppervlaktewater;CONCTTE;(massa)Concentratie;nf;na filtratie (opgeloste fractie);P90;90-Percentiel
1257;aldicarb;116-06-3;alDcb;Milieu;Oppervlaktewater zoet;Landoppervlaktewateren MTR (totaal);0,1;µg/l;OW;Oppervlaktewater;CONCTTE;(massa)Concentratie;NVT;Niet van toepassing;P90;90-Percentiel
1258;aldicarb;116-06-3;alDcb;Milieu;Oppervlaktewater zoet;Landoppervlaktewateren MTR (opgelost);0,1;µg/l;OW;Oppervlaktewater;CONCTTE;(massa)Concentratie;nf;na filtratie (opgeloste fractie);P90;90-Percentiel
1259;aldicarb;116-06-3;alDcb;Milieu;Sediment;Sediment MTR (droge stof);0,1;µg/kg;BS;Bodem/Sediment;MASSFTE;Massafractie;dg;t.o.v. drooggewicht;;
1260;aldicarb;116-06-3;alDcb;Milieu;Oppervlaktewater zoet;log Kp l/kg (zwevend stof);0,29;;OW;Oppervlaktewater;NVT;Niet van toepassing;NVT;Niet van toepassing;NVT;Niet van toepassing
1261;aldicarbsulfon;1646-88-4;alDcsfn;Milieu;Oppervlaktewater zoet;Landoppervlaktewateren Indicatief MTR (opgelost);0,25;µg/l;OW;Oppervlaktewater;CONCTTE;(massa)Concentratie;nf;na filtratie (opgeloste fractie);P90;90-Percentiel
1262;aldicarb-sulfoxide;1646-87-3;alDcSO;Milieu;Oppervlaktewater zoet;Landoppervlaktewateren JG-MKN (totaal);0,69;µg/l;OW;Oppervlaktewater;CONCTTE;(massa)Concentratie;NVT;Niet van toepassing;JGM;Jaargemiddelde
1264;aldicarb-sulfoxide;1646-87-3;alDcSO;Milieu;Oppervlaktewater zoet;Landoppervlaktewateren MAC-MKN (totaal);6,9;µg/l;OW;Oppervlaktewater;CONCTTE;(massa)Concentratie;NVT;Niet van toepassing;MAX;Maximum
1267;aldicarb-sulfoxide;1646-87-3;alDcSO;Milieu;Oppervlaktewater zoet;log Kp l/kg (zwevend stof);0,46;;OW;Oppervlaktewater;NVT;Niet van toepassing;NVT;Niet van toepassing;NVT;Niet van toepassing
1269;aldrin (ZZS);309-00-2;aldn;Milieu;Oppervlaktewater zoet;Landoppervlaktewateren wettelijk JG-MKN (totaal);0,01;µg/l;OW;Oppervlaktewater;CONCTTE;(massa)Concentratie;NVT;Niet van toepassing;JGM;Jaargemiddelde
1270;aldrin (ZZS);309-00-2;aldn;Milieu;Oppervlaktewater zout;Andere oppervlaktewateren wettelijk JG-MKN (totaal);0,005;µg/l;OW;Oppervlaktewater;CONCTTE;(massa)Concentratie;NVT;Niet van toepassing;JGM;Jaargemiddelde
1273;aldrin (ZZS);309-00-2;aldn;Milieu;Sediment;Sediment MTR (droge stof);6;µg/kg;BS;Bodem/Sediment;MASSFTE;Massafractie;dg;t.o.v. drooggewicht;;
1275;aldrin (ZZS);309-00-2;aldn;Milieu;Oppervlaktewater zoet;log Kp l/kg (zwevend stof);4,11;;OW;Oppervlaktewater;NVT;Niet van toepassing;NVT;Niet van toepassing;NVT;Niet van toepassing
1277;aldrin (ZZS);309-00-2;aldn;Milieu;Grondwater;Standaardwaarden grondwater (inclusief AC) (opgelost);0,009;ng/l;GW;Grondwater;CONCTTE;(massa)Concentratie;nf;na filtratie;Nee;
1303;alfa-endosulfan (ZZS);959-98-8;aedsfn;Milieu;Grondwater;Signaleringsparameter  beoordeling grondwatersanering (opgelost);5;µg/l;GW;Grondwater;CONCTTE;(massa)Concentratie;nf;na filtratie;Nee;
1304;alfa-endosulfan (ZZS);959-98-8;aedsfn;Milieu;Grondwater;Standaardwaarden grondwater (inclusief AC) (opgelost);0,2;ng/l;GW;Grondwater;CONCTTE;(massa)Concentratie;nf;na filtratie;Nee;
1330;alfa-hexachloorcyclohexaan (ZZS);319-84-6;aHCH;Milieu;Sediment;Sediment MTR (droge stof);290;µg/kg;BS;Bodem/Sediment;MASSFTE;Massafractie;dg;t.o.v. drooggewicht;;
1331;alfa-hexachloorcyclohexaan (ZZS);319-84-6;aHCH;Milieu;Oppervlaktewater zoet;log Kp l/kg (zwevend stof);2,25;;OW;Oppervlaktewater;NVT;Niet van toepassing;NVT;Niet van toepassing;NVT;Niet van toepassing
1332;alfa-hexachloorcyclohexaan (ZZS);319-84-6;aHCH;Milieu;Grondwater;Standaardwaarden grondwater (inclusief AC) (opgelost);33;ng/l;GW;Grondwater;CONCTTE;(massa)Concentratie;nf;na filtratie;Nee;
1358;alfa-cypermethrin;67375-30-8;acpmtn;Milieu;Oppervlaktewater zoet;Landoppervlaktewateren JG-MKN (opgelost);9E-05;µg/l;OW;Oppervlaktewater;CONCTTE;(massa)Concentratie;nf;na filtratie (opgeloste fractie);JGM;Jaargemiddelde
1359;allethrin;584-79-2;alltn;Milieu;Oppervlaktewater zoet;Landoppervlaktewateren Indicatief MTR (opgelost);0,00017;µg/l;OW;Oppervlaktewater;CONCTTE;(massa)Concentratie;nf;na filtratie (opgeloste fractie);P90;90-Percentiel
1381;ametryn;834-12-8;amtn;Milieu;Oppervlaktewater zoet;Landoppervlaktewateren Indicatief MTR (opgelost);0,01;µg/l;OW;Oppervlaktewater;CONCTTE;(massa)Concentratie;nf;na filtratie (opgeloste fractie);P90;90-Percentiel
1382;amidosulfuron;120923-37-7;amdsfrn;Milieu;Oppervlaktewater zoet;Landoppervlaktewateren Indicatief MTR (opgelost);32;µg/l;OW;Oppervlaktewater;CONCTTE;(massa)Concentratie;nf;na filtratie (opgeloste fractie);P90;90-Percentiel
1385;aminocarb;2032-59-9;Aocb;Milieu;Oppervlaktewater zoet;Landoppervlaktewateren Indicatief MTR (opgelost);0,012;µg/l;OW;Oppervlaktewater;CONCTTE;(massa)Concentratie;nf;na filtratie (opgeloste fractie);P90;90-Percentiel
1386;amisulbrom;348635-87-0;amsbm;Milieu;Oppervlaktewater zoet;Landoppervlaktewateren JG-MKN (opgelost);0,278;µg/l;OW;Oppervlaktewater;CONCTTE;(massa)Concentratie;nf;na filtratie (opgeloste fractie);JGM;Jaargemiddelde
1387;amisulbrom;348635-87-0;amsbm;Milieu;Oppervlaktewater zoet;Landoppervlaktewateren MAC-MKN (opgelost);0,278;µg/l;OW;Oppervlaktewater;CONCTTE;(massa)Concentratie;nf;na filtratie (opgeloste fractie);MAX;Maximum
1388;amitraz;33089-61-1;amtz;Milieu;Oppervlaktewater zoet;Landoppervlaktewateren Indicatief MTR (opgelost);0,035;µg/l;OW;Oppervlaktewater;CONCTTE;(massa)Concentratie;nf;na filtratie (opgeloste fractie);P90;90-Percentiel
1389;amitrol;61-82-5;amtl;Milieu;Oppervlaktewater zoet;Landoppervlaktewateren Indicatief MTR (opgelost);3,2;µg/l;OW;Oppervlaktewater;CONCTTE;(massa)Concentratie;nf;na filtratie (opgeloste fractie);P90;90-Percentiel
1405;ammonium;14798-03-9;NH4;Milieu;Oppervlaktewater zoet;Landoppervlaktewateren wettelijk JG-MKN (totaal);0,304;mg/l;OW;Oppervlaktewater;CONCTTE;(massa)Concentratie;NVT;Niet van toepassing;JGM;Jaargemiddelde
1407;ammonium;14798-03-9;NH4;Milieu;Oppervlaktewater zoet;Landoppervlaktewateren wettelijk MAC-MKN (totaal);0,608;mg/l;OW;Oppervlaktewater;CONCTTE;(massa)Concentratie;NVT;Niet van toepassing;MAX;Maximum
1409;ammonium;14798-03-9;NH4;Milieu;Oppervlaktewater voor drinkwaterbereiding;Oppervlaktewater voor drinkwaterbereiding (gericht op waterbeheerder);1,5;mg/l;;;;;;;;
1410;ammonium;14798-03-9;NH4;Milieu;Oppervlaktewater voor drinkwaterbereiding;Oppervlaktewater voor drinkwaterbereiding (gericht tot het drinkwaterbedrijf);1,5;mg/l;;;;;;;;
1412;ammoniumperchloraat;7790-98-9;NH4ClO4;Milieu;Oppervlaktewater zoet;Landoppervlaktewateren Indicatief MTR (opgelost);7,5;µg/l;OW;Oppervlaktewater;CONCTTE;(massa)Concentratie;nf;na filtratie (opgeloste fractie);P90;90-Percentiel
1414;aminomethylfosfonzuur;1066-51-9;AMPA;Milieu;Oppervlaktewater zoet;Landoppervlaktewateren MTR (totaal);79,7;µg/l;OW;Oppervlaktewater;CONCTTE;(massa)Concentratie;NVT;Niet van toepassing;P90;90-Percentiel
1415;aminomethylfosfonzuur;1066-51-9;AMPA;Milieu;Oppervlaktewater zoet;Landoppervlaktewateren MTR (opgelost);79,7;µg/l;OW;Oppervlaktewater;CONCTTE;(massa)Concentratie;nf;na filtratie (opgeloste fractie);P90;90-Percentiel
1416;aminomethylfosfonzuur;1066-51-9;AMPA;Milieu;Oppervlaktewater voor drinkwaterbereiding;Oppervlaktewater voor drinkwaterbereiding (gericht tot het drinkwaterbedrijf);1,0;µg/l;;;;;;;;
1418;anilazine;101-05-3;anlzne;Milieu;Oppervlaktewater zoet;Landoppervlaktewateren MTR (totaal);85;ng/l;OW;Oppervlaktewater;CONCTTE;(massa)Concentratie;NVT;Niet van toepassing;P90;90-Percentiel
1419;anilazine;101-05-3;anlzne;Milieu;Oppervlaktewater zoet;Landoppervlaktewateren MTR (opgelost);85;ng/l;OW;Oppervlaktewater;CONCTTE;(massa)Concentratie;nf;na filtratie (opgeloste fractie);P90;90-Percentiel
1420;anilazine;101-05-3;anlzne;Milieu;Sediment;Sediment MTR (droge stof);2;µg/kg;BS;Bodem/Sediment;MASSFTE;Massafractie;dg;t.o.v. drooggewicht;;
1421;anilazine;101-05-3;anlzne;Milieu;Oppervlaktewater zoet;log Kp l/kg (zwevend stof);1,71;;OW;Oppervlaktewater;NVT;Niet van toepassing;NVT;Niet van toepassing;NVT;Niet van toepassing
1422;aniline;62-53-3;An;Milieu;Oppervlaktewater zoet;Landoppervlaktewateren JG-MKN (totaal);1,5;µg/l;OW;Oppervlaktewater;CONCTTE;(massa)Concentratie;NVT;Niet van toepassing;JGM;Jaargemiddelde
1423;aniline;62-53-3;An;Milieu;Oppervlaktewater zout;Andere oppervlaktewateren JG-MKN (totaal);0,15;µg/l;OW;Oppervlaktewater;CONCTTE;(massa)Concentratie;NVT;Niet van toepassing;JGM;Jaargemiddelde
1424;aniline;62-53-3;An;Milieu;Oppervlaktewater zoet;Landoppervlaktewateren MAC-MKN (totaal);1,5;µg/l;OW;Oppervlaktewater;CONCTTE;(massa)Concentratie;NVT;Niet van toepassing;MAX;Maximum
1425;aniline;62-53-3;An;Milieu;Oppervlaktewater zoet;Landoppervlaktewateren MAC-MKN (opgelost);1,5;µg/l;OW;Oppervlaktewater;CONCTTE;(massa)Concentratie;nf;na filtratie (opgeloste fractie);MAX;Maximum
1429;aniline;62-53-3;An;Milieu;Oppervlaktewater zoet;log Kp l/kg (zwevend stof);1,68;;OW;Oppervlaktewater;NVT;Niet van toepassing;NVT;Niet van toepassing;NVT;Niet van toepassing
1448;fluoride;16984-48-8;F;Milieu;Oppervlaktewater zoet;Landoppervlaktewateren MTR (opgelost);1,5;mg/l;OW;Oppervlaktewater;CONCTTE;(massa)Concentratie;nf;na filtratie (opgeloste fractie);P90;90-Percentiel
1449;fluoride;16984-48-8;F;Milieu;Oppervlaktewater voor drinkwaterbereiding;Oppervlaktewater voor drinkwaterbereiding (gericht op waterbeheerder);1;mg/l;;;;;;;;
1450;fluoride;16984-48-8;F;Milieu;Oppervlaktewater voor drinkwaterbereiding;Oppervlaktewater voor drinkwaterbereiding (gericht tot het drinkwaterbedrijf);1;mg/l;;;;;;;;
1454;fluoride;16984-48-8;F;Milieu;Grondwater;Standaardwaarden grondwater (inclusief AC) (opgelost);0,5;mg/l;GW;Grondwater;CONCTTE;(massa)Concentratie;nf;na filtratie;Nee;
1456;antimoon;7440-36-0;Sb;Milieu;Grondwater;Grondwater diep landelijke achtergrondconcentratie (AC) (opgelost);0,09;µg/l;GW;Grondwater;CONCTTE;(massa)Concentratie;nf;na filtratie;Nee;
1457;antimoon;7440-36-0;Sb;Milieu;Grondwater;Standaardwaarden grondwater (inclusief AC) (opgelost);0,15;µg/l;GW;Grondwater;CONCTTE;(massa)Concentratie;nf;na filtratie;Nee;
1458;antimoon;7440-36-0;Sb;Milieu;Grondwater;Signaleringsparameter  beoordeling grondwatersanering (opgelost);20;µg/l;GW;Grondwater;CONCTTE;(massa)Concentratie;nf;na filtratie;Nee;
1462;antimoon;7440-36-0;Sb;Milieu;Oppervlaktewater zoet;Landoppervlaktewateren achtergrondconcentratie (opgelost);0,3;µg/l;OW;Oppervlaktewater;CONCTTE;(massa)Concentratie;nf;na filtratie (opgeloste fractie);NVT;Niet van toepassing
1463;antimoon;7440-36-0;Sb;Milieu;Sediment;Sediment MTR (droge stof);15;mg/kg;BS;Bodem/Sediment;MASSFTE;Massafractie;dg;t.o.v. drooggewicht;;
1464;antimoon;7440-36-0;Sb;Milieu;Oppervlaktewater zout;Andere oppervlaktewateren achtergrondconcentratie (opgelost);0,14;µg/l;OW;Oppervlaktewater;CONCTTE;(massa)Concentratie;nf;na filtratie (opgeloste fractie);NVT;Niet van toepassing
1465;antimoon;7440-36-0;Sb;Milieu;Oppervlaktewater zoet;log Kp l/kg (zwevend stof);3,57;;OW;Oppervlaktewater;NVT;Niet van toepassing;NVT;Niet van toepassing;NVT;Niet van toepassing
1466;antimoon;7440-36-0;Sb;Milieu;Oppervlaktewater zoet;Landoppervlaktewateren wettelijk JG-MKN (opgelost);5,6;µg/l;OW;Oppervlaktewater;CONCTTE;(massa)Concentratie;nf;na filtratie (opgeloste fractie);JGM;Jaargemiddelde
1467;antimoon;7440-36-0;Sb;Milieu;Oppervlaktewater zoet;Landoppervlaktewateren wettelijk MAC-MKN (opgelost);200;µg/l;OW;Oppervlaktewater;CONCTTE;(massa)Concentratie;nf;na filtratie (opgeloste fractie);MAX;Maximum
1470;antimoon;7440-36-0;Sb;Milieu;Oppervlaktewater zoet;Landoppervlaktewateren JG-MKN (totaal);12;µg/l;OW;Oppervlaktewater;CONCTTE;(massa)Concentratie;NVT;Niet van toepassing;JGM;Jaargemiddelde
1498;antraceen (ZZS);120-12-7;Ant;Milieu;Grondwater;Signaleringsparameter  beoordeling grondwatersanering (opgelost);5;µg/l;GW;Grondwater;CONCTTE;(massa)Concentratie;nf;na filtratie;Nee;
1499;antraceen (ZZS);120-12-7;Ant;Milieu;Oppervlaktewater zoet;Landoppervlaktewateren wettelijk JG-MKN (totaal);0,1;µg/l;OW;Oppervlaktewater;CONCTTE;(massa)Concentratie;NVT;Niet van toepassing;JGM;Jaargemiddelde
1500;antraceen (ZZS);120-12-7;Ant;Milieu;Oppervlaktewater zout;Andere oppervlaktewateren wettelijk JG-MKN (totaal);0,1;µg/l;OW;Oppervlaktewater;CONCTTE;(massa)Concentratie;NVT;Niet van toepassing;JGM;Jaargemiddelde
1501;antraceen (ZZS);120-12-7;Ant;Milieu;Oppervlaktewater zoet;Landoppervlaktewateren wettelijk MAC-MKN (totaal);0,1;µg/l;OW;Oppervlaktewater;CONCTTE;(massa)Concentratie;NVT;Niet van toepassing;MAX;Maximum
1502;antraceen (ZZS);120-12-7;Ant;Milieu;Oppervlaktewater zout;Andere oppervlaktewateren wettelijk MAC-MKN (totaal);0,1;µg/l;OW;Oppervlaktewater;CONCTTE;(massa)Concentratie;NVT;Niet van toepassing;MAX;Maximum
1503;antraceen (ZZS);120-12-7;Ant;Milieu;Sediment;Sediment MTR (droge stof);0,1;mg/kg;BS;Bodem/Sediment;MASSFTE;Massafractie;dg;t.o.v. drooggewicht;;
1504;antraceen (ZZS);120-12-7;Ant;Milieu;Oppervlaktewater zoet;log Kp l/kg (zwevend stof);3,52;;OW;Oppervlaktewater;NVT;Niet van toepassing;NVT;Niet van toepassing;NVT;Niet van toepassing
1506;antraceen (ZZS);120-12-7;Ant;Milieu;Grondwater;Standaardwaarden grondwater (inclusief AC) (opgelost);0,0007;µg/l;GW;Grondwater;CONCTTE;(massa)Concentratie;nf;na filtratie;Nee;
1531;antrachinon (ZZS);84-65-1;antcnn;Milieu;Oppervlaktewater zoet;Landoppervlaktewateren Indicatief MTR (opgelost);0,075;µg/l;OW;Oppervlaktewater;CONCTTE;(massa)Concentratie;nf;na filtratie (opgeloste fractie);P90;90-Percentiel
1532;antrachinon (ZZS);84-65-1;antcnn;Milieu;Sediment;Sediment Indicatief MTR (droge stof);12,9;µg/kg;BS;Bodem/Sediment;MASSFTE;Massafractie;dg;t.o.v. drooggewicht;;
1535;arseen (ZZS);7440-38-2;As;Milieu;Grondwater;Grondwater streefwaarde ondiep (opgelost);10;µg/l;GW;Grondwater;CONCTTE;(massa)Concentratie;nf;na filtratie;Nee;
1536;arseen (ZZS);7440-38-2;As;Milieu;Grondwater;Grondwater diep landelijke achtergrondconcentratie (AC) (opgelost);7;µg/l;GW;Grondwater;CONCTTE;(massa)Concentratie;nf;na filtratie;Nee;
1537;arseen (ZZS);7440-38-2;As;Milieu;Grondwater;Standaardwaarden grondwater (inclusief AC) (opgelost);7,2;µg/l;GW;Grondwater;CONCTTE;(massa)Concentratie;nf;na filtratie;Nee;
1538;arseen (ZZS);7440-38-2;As;Milieu;Grondwater;Signaleringsparameter  beoordeling grondwatersanering (opgelost);60;µg/l;GW;Grondwater;CONCTTE;(massa)Concentratie;nf;na filtratie;Nee;
1542;arseen (ZZS);7440-38-2;As;Milieu;Oppervlaktewater zoet;Landoppervlaktewateren achtergrondconcentratie (opgelost);0,5;µg/l;OW;Oppervlaktewater;CONCTTE;(massa)Concentratie;nf;na filtratie (opgeloste fractie);NVT;Niet van toepassing
1543;arseen (ZZS);7440-38-2;As;Milieu;Sediment;Sediment MTR (droge stof);55;mg/kg;BS;Bodem/Sediment;MASSFTE;Massafractie;dg;t.o.v. drooggewicht;;
1544;arseen (ZZS);7440-38-2;As;Milieu;Oppervlaktewater zout;Andere oppervlaktewateren achtergrondconcentratie (opgelost);0,62;µg/l;OW;Oppervlaktewater;CONCTTE;(massa)Concentratie;nf;na filtratie (opgeloste fractie);NVT;Niet van toepassing
1545;arseen (ZZS);7440-38-2;As;Milieu;Oppervlaktewater zoet;log Kp l/kg (zwevend stof);4,00;;OW;Oppervlaktewater;NVT;Niet van toepassing;NVT;Niet van toepassing;NVT;Niet van toepassing
1546;arseen (ZZS);7440-38-2;As;Milieu;Grondwater;Omgevingswaarde voor krw-verontreinigende stoffen nationaal (opgelost);13,2 - 18,7;µg/l;;;;;;;;
1548;arseen (ZZS);7440-38-2;As;Milieu;Oppervlaktewater zout;Andere oppervlaktewateren wettelijk JG-MKN (opgelost);0,6;µg/l;OW;Oppervlaktewater;CONCTTE;(massa)Concentratie;nf;na filtratie (opgeloste fractie);JGM;Jaargemiddelde
1549;arseen (ZZS);7440-38-2;As;Milieu;Oppervlaktewater zoet;Landoppervlaktewateren wettelijk MAC-MKN (opgelost);8;µg/l;OW;Oppervlaktewater;CONCTTE;(massa)Concentratie;nf;na filtratie (opgeloste fractie);MAX;Maximum
1550;arseen (ZZS);7440-38-2;As;Milieu;Oppervlaktewater zout;Andere oppervlaktewateren wettelijk MAC-MKN (opgelost);1,1;µg/l;OW;Oppervlaktewater;CONCTTE;(massa)Concentratie;nf;na filtratie (opgeloste fractie);MAX;Maximum
1551;arseen (ZZS);7440-38-2;As;Milieu;Oppervlaktewater zoet;Landoppervlaktewateren wettelijk JG-MKN (opgelost);0,5;µg/l;OW;Oppervlaktewater;CONCTTE;(massa)Concentratie;nf;na filtratie (opgeloste fractie);JGM;Jaargemiddelde
1552;arseen (ZZS);7440-38-2;As;Milieu;Oppervlaktewater voor drinkwaterbereiding;Oppervlaktewater voor drinkwaterbereiding (gericht op waterbeheerder);20;µg/l;;;;;;;;
1554;arseen (ZZS);7440-38-2;As;Milieu;Oppervlaktewater voor drinkwaterbereiding;Oppervlaktewater voor drinkwaterbereiding (gericht tot het drinkwaterbedrijf);20;µg/l;;;;;;;;
1618;asulam (ZZS);3337-71-1;aslm;Milieu;Oppervlaktewater zoet;Landoppervlaktewateren Indicatief MTR (opgelost);1,4;µg/l;OW;Oppervlaktewater;CONCTTE;(massa)Concentratie;nf;na filtratie (opgeloste fractie);P90;90-Percentiel
1619;atraton;1610-17-9;attn;Milieu;Oppervlaktewater zoet;Landoppervlaktewateren Indicatief MTR (opgelost);0,1;µg/l;OW;Oppervlaktewater;CONCTTE;(massa)Concentratie;nf;na filtratie (opgeloste fractie);P90;90-Percentiel
1621;atrazine;1912-24-9;atzne;Milieu;Grondwater;Signaleringsparameter  beoordeling grondwatersanering (opgelost);150;µg/l;GW;Grondwater;CONCTTE;(massa)Concentratie;nf;na filtratie;Nee;
1622;atrazine;1912-24-9;atzne;Milieu;Oppervlaktewater zoet;Landoppervlaktewateren wettelijk JG-MKN (totaal);0,6;µg/l;OW;Oppervlaktewater;CONCTTE;(massa)Concentratie;NVT;Niet van toepassing;JGM;Jaargemiddelde
1623;atrazine;1912-24-9;atzne;Milieu;Oppervlaktewater zout;Andere oppervlaktewateren wettelijk JG-MKN (totaal);0,6;µg/l;OW;Oppervlaktewater;CONCTTE;(massa)Concentratie;NVT;Niet van toepassing;JGM;Jaargemiddelde
1624;atrazine;1912-24-9;atzne;Milieu;Oppervlaktewater zoet;Landoppervlaktewateren wettelijk MAC-MKN (totaal);2,0;µg/l;OW;Oppervlaktewater;CONCTTE;(massa)Concentratie;NVT;Niet van toepassing;MAX;Maximum
1625;atrazine;1912-24-9;atzne;Milieu;Oppervlaktewater zout;Andere oppervlaktewateren wettelijk MAC-MKN (totaal);2,0;µg/l;OW;Oppervlaktewater;CONCTTE;(massa)Concentratie;NVT;Niet van toepassing;MAX;Maximum
1626;atrazine;1912-24-9;atzne;Milieu;Sediment;Sediment MTR (droge stof);5;µg/kg;BS;Bodem/Sediment;MASSFTE;Massafractie;dg;t.o.v. drooggewicht;;
1628;atrazine;1912-24-9;atzne;Milieu;Oppervlaktewater zoet;log Kp l/kg (zwevend stof);1,26;;OW;Oppervlaktewater;NVT;Niet van toepassing;NVT;Niet van toepassing;NVT;Niet van toepassing
1629;atrazine;1912-24-9;atzne;Milieu;Grondwater;Standaardwaarden grondwater (inclusief AC) (opgelost);0,029;µg/l;GW;Grondwater;CONCTTE;(massa)Concentratie;nf;na filtratie;Nee;
1653;azaconazool;60207-31-0;azacnzl;Milieu;Oppervlaktewater zoet;Landoppervlaktewateren Indicatief MTR (opgelost);51;µg/l;OW;Oppervlaktewater;CONCTTE;(massa)Concentratie;nf;na filtratie (opgeloste fractie);P90;90-Percentiel
1654;azamethifos;35575-96-3;azmtfs;Milieu;Oppervlaktewater zoet;Landoppervlaktewateren Indicatief MTR (opgelost);0,000223;µg/l;OW;Oppervlaktewater;CONCTTE;(massa)Concentratie;nf;na filtratie (opgeloste fractie);P90;90-Percentiel
1656;azimsulfuron;120162-55-2;azsfrn;Milieu;Oppervlaktewater zoet;Landoppervlaktewateren Indicatief MTR (opgelost);0,012;µg/l;OW;Oppervlaktewater;CONCTTE;(massa)Concentratie;nf;na filtratie (opgeloste fractie);P90;90-Percentiel
1657;azinfos-ethyl;2642-71-9;C2yazfs;Milieu;Oppervlaktewater zoet;Landoppervlaktewateren wettelijk JG-MKN (totaal);1,1;ng/l;OW;Oppervlaktewater;CONCTTE;(massa)Concentratie;NVT;Niet van toepassing;JGM;Jaargemiddelde
1658;azinfos-ethyl;2642-71-9;C2yazfs;Milieu;Oppervlaktewater zout;Andere oppervlaktewateren wettelijk JG-MKN (totaal);0,11;ng/l;OW;Oppervlaktewater;CONCTTE;(massa)Concentratie;NVT;Niet van toepassing;JGM;Jaargemiddelde
1659;azinfos-ethyl;2642-71-9;C2yazfs;Milieu;Oppervlaktewater zoet;Landoppervlaktewateren wettelijk MAC-MKN (totaal);11;ng/l;OW;Oppervlaktewater;CONCTTE;(massa)Concentratie;NVT;Niet van toepassing;MAX;Maximum
1660;azinfos-ethyl;2642-71-9;C2yazfs;Milieu;Oppervlaktewater zout;Andere oppervlaktewateren wettelijk MAC-MKN (totaal);1,1;ng/l;OW;Oppervlaktewater;CONCTTE;(massa)Concentratie;NVT;Niet van toepassing;MAX;Maximum
1662;azinfos-ethyl;2642-71-9;C2yazfs;Milieu;Oppervlaktewater zoet;log Kp l/kg (zwevend stof);1,47;;OW;Oppervlaktewater;NVT;Niet van toepassing;NVT;Niet van toepassing;NVT;Niet van toepassing
1663;azinfos-ethyl;2642-71-9;C2yazfs;Milieu;Oppervlaktewater zoet;Landoppervlaktewateren JG-MKN (opgelost);1,1;ng/l;OW;Oppervlaktewater;CONCTTE;(massa)Concentratie;nf;na filtratie (opgeloste fractie);JGM;Jaargemiddelde
1664;azinfos-ethyl;2642-71-9;C2yazfs;Milieu;Oppervlaktewater zout;Andere oppervlaktewateren JG-MKN (opgelost);0,11;ng/l;OW;Oppervlaktewater;CONCTTE;(massa)Concentratie;nf;na filtratie (opgeloste fractie);JGM;Jaargemiddelde
1665;azinfos-ethyl;2642-71-9;C2yazfs;Milieu;Oppervlaktewater zoet;Landoppervlaktewateren MAC-MKN (opgelost);11;ng/l;OW;Oppervlaktewater;CONCTTE;(massa)Concentratie;nf;na filtratie (opgeloste fractie);MAX;Maximum
1666;azinfos-ethyl;2642-71-9;C2yazfs;Milieu;Oppervlaktewater zout;Andere oppervlaktewateren MAC-MKN (opgelost);1,1;ng/l;OW;Oppervlaktewater;CONCTTE;(massa)Concentratie;nf;na filtratie (opgeloste fractie);MAX;Maximum
1668;azinfos-methyl;86-50-0;C1yazfs;Milieu;Grondwater;Grondwater indicatief niveau voor ernstige verontreiniging (opgelost);2;µg/l;GW;Grondwater;CONCTTE;(massa)Concentratie;nf;na filtratie;Nee;
1669;azinfos-methyl;86-50-0;C1yazfs;Milieu;Oppervlaktewater zoet;Landoppervlaktewateren wettelijk JG-MKN (totaal);6,5;ng/l;OW;Oppervlaktewater;CONCTTE;(massa)Concentratie;NVT;Niet van toepassing;JGM;Jaargemiddelde
1670;azinfos-methyl;86-50-0;C1yazfs;Milieu;Oppervlaktewater zout;Andere oppervlaktewateren wettelijk JG-MKN (totaal);1,3;ng/l;OW;Oppervlaktewater;CONCTTE;(massa)Concentratie;NVT;Niet van toepassing;JGM;Jaargemiddelde
1671;azinfos-methyl;86-50-0;C1yazfs;Milieu;Oppervlaktewater zoet;Landoppervlaktewateren wettelijk MAC-MKN (totaal);14;ng/l;OW;Oppervlaktewater;CONCTTE;(massa)Concentratie;NVT;Niet van toepassing;MAX;Maximum
1672;azinfos-methyl;86-50-0;C1yazfs;Milieu;Oppervlaktewater zout;Andere oppervlaktewateren wettelijk MAC-MKN (totaal);2,8;ng/l;OW;Oppervlaktewater;CONCTTE;(massa)Concentratie;NVT;Niet van toepassing;MAX;Maximum
1674;azinfos-methyl;86-50-0;C1yazfs;Milieu;Oppervlaktewater zoet;log Kp l/kg (zwevend stof);1,68;;OW;Oppervlaktewater;NVT;Niet van toepassing;NVT;Niet van toepassing;NVT;Niet van toepassing
1675;azinfos-methyl;86-50-0;C1yazfs;Milieu;Oppervlaktewater zoet;Landoppervlaktewateren JG-MKN (opgelost);6,5;ng/l;OW;Oppervlaktewater;CONCTTE;(massa)Concentratie;nf;na filtratie (opgeloste fractie);JGM;Jaargemiddelde
1676;azinfos-methyl;86-50-0;C1yazfs;Milieu;Oppervlaktewater zoet;Landoppervlaktewateren MAC-MKN (opgelost);14;ng/l;OW;Oppervlaktewater;CONCTTE;(massa)Concentratie;nf;na filtratie (opgeloste fractie);MAX;Maximum
1677;azinfos-methyl;86-50-0;C1yazfs;Milieu;Oppervlaktewater zout;Andere oppervlaktewateren JG-MKN (opgelost);1,3;ng/l;OW;Oppervlaktewater;CONCTTE;(massa)Concentratie;nf;na filtratie (opgeloste fractie);JGM;Jaargemiddelde
1678;azinfos-methyl;86-50-0;C1yazfs;Milieu;Oppervlaktewater zout;Andere oppervlaktewateren MAC-MKN (opgelost);2,8;ng/l;OW;Oppervlaktewater;CONCTTE;(massa)Concentratie;nf;na filtratie (opgeloste fractie);MAX;Maximum
1679;azinfos-methyl;86-50-0;C1yazfs;Milieu;Grondwater;Grondwater streefwaarde (opgelost);0,1;ng/l;GW;Grondwater;CONCTTE;(massa)Concentratie;nf;na filtratie;Nee;
1705;aziridine (ZZS);151-56-4;C2yeimne;Milieu;Oppervlaktewater zoet;Landoppervlaktewateren Indicatief MTR (opgelost);2,59E-01;µg/l;OW;Oppervlaktewater;CONCTTE;(massa)Concentratie;nf;na filtratie (opgeloste fractie);P90;90-Percentiel
1721;azoxystrobine;131860-33-8;azoxsbn;Milieu;Oppervlaktewater zoet;Landoppervlaktewateren JG-MKN (opgelost);0,20;µg/l;OW;Oppervlaktewater;CONCTTE;(massa)Concentratie;nf;na filtratie (opgeloste fractie);JGM;Jaargemiddelde
1722;azoxystrobine;131860-33-8;azoxsbn;Milieu;Oppervlaktewater zout;Andere oppervlaktewateren JG-MKN (opgelost);0,020;µg/l;OW;Oppervlaktewater;CONCTTE;(massa)Concentratie;nf;na filtratie (opgeloste fractie);JGM;Jaargemiddelde
1723;azoxystrobine;131860-33-8;azoxsbn;Milieu;Oppervlaktewater zoet;Landoppervlaktewateren MAC-MKN (opgelost);4,1;µg/l;OW;Oppervlaktewater;CONCTTE;(massa)Concentratie;nf;na filtratie (opgeloste fractie);MAX;Maximum
1724;azoxystrobine;131860-33-8;azoxsbn;Milieu;Oppervlaktewater zout;Andere oppervlaktewateren MAC-MKN (opgelost);0,41;µg/l;OW;Oppervlaktewater;CONCTTE;(massa)Concentratie;nf;na filtratie (opgeloste fractie);MAX;Maximum
1725;barium;7440-39-3;Ba;Milieu;Grondwater;Grondwater streefwaarde ondiep (opgelost);50;µg/l;GW;Grondwater;CONCTTE;(massa)Concentratie;nf;na filtratie;Nee;
1726;barium;7440-39-3;Ba;Milieu;Grondwater;Grondwater diep landelijke achtergrondconcentratie (AC) (opgelost);200;µg/l;GW;Grondwater;CONCTTE;(massa)Concentratie;nf;na filtratie;Nee;
1727;barium;7440-39-3;Ba;Milieu;Grondwater;Standaardwaarden grondwater (inclusief AC) (opgelost);200;µg/l;GW;Grondwater;CONCTTE;(massa)Concentratie;nf;na filtratie;Nee;
1728;barium;7440-39-3;Ba;Milieu;Grondwater;Signaleringsparameter  beoordeling grondwatersanering (opgelost);625;µg/l;GW;Grondwater;CONCTTE;(massa)Concentratie;nf;na filtratie;Nee;
1731;barium;7440-39-3;Ba;Milieu;Oppervlaktewater zoet;Landoppervlaktewateren achtergrondconcentratie (opgelost);22;µg/l;OW;Oppervlaktewater;CONCTTE;(massa)Concentratie;nf;na filtratie (opgeloste fractie);NVT;Niet van toepassing
1732;barium;7440-39-3;Ba;Milieu;Oppervlaktewater zoet;Landoppervlaktewateren wettelijk JG-MKN (opgelost);93;µg/l;OW;Oppervlaktewater;CONCTTE;(massa)Concentratie;nf;na filtratie (opgeloste fractie);JGM;Jaargemiddelde
1733;barium;7440-39-3;Ba;Milieu;Oppervlaktewater zoet;Landoppervlaktewateren wettelijk MAC-MKN (opgelost);1100;µg/l;OW;Oppervlaktewater;CONCTTE;(massa)Concentratie;nf;na filtratie (opgeloste fractie);MAX;Maximum
1736;barium;7440-39-3;Ba;Milieu;Sediment;Sediment MTR (standaard Sediment met 10% organisch materiaal);200;mg/kg;BS;Bodem/Sediment;MASSFTE;Massafractie;dg;t.o.v. drooggewicht;;
1737;barium;7440-39-3;Ba;Milieu;Oppervlaktewater zoet;log Kp l/kg (zwevend stof);3,13;;OW;Oppervlaktewater;NVT;Niet van toepassing;NVT;Niet van toepassing;NVT;Niet van toepassing
1738;barium;7440-39-3;Ba;Milieu;Oppervlaktewater voor drinkwaterbereiding;Oppervlaktewater voor drinkwaterbereiding (gericht op waterbeheerder);200;µg/l;;;;;;;;
1739;barium;7440-39-3;Ba;Milieu;Oppervlaktewater voor drinkwaterbereiding;Oppervlaktewater voor drinkwaterbereiding (gericht tot het drinkwaterbedrijf);200;µg/l;;;;;;;;
1740;barium;7440-39-3;Ba;Milieu;Oppervlaktewater zout;Andere oppervlaktewateren achtergrondconcentratie (opgelost);8,9;µg/l;OW;Oppervlaktewater;CONCTTE;(massa)Concentratie;nf;na filtratie (opgeloste fractie);NVT;Niet van toepassing
1767;benalaxyl;71626-11-4;benlxl;Milieu;Oppervlaktewater zoet;Landoppervlaktewateren Indicatief JG-MKN (opgelost);3,0;µg/l;OW;Oppervlaktewater;CONCTTE;(massa)Concentratie;nf;na filtratie (opgeloste fractie);JGM;Jaargemiddelde
1768;benalaxyl;71626-11-4;benlxl;Milieu;Oppervlaktewater zoet;Landoppervlaktewateren Indicatief JG-MKN (totaal);3,0;µg/l;OW;Oppervlaktewater;CONCTTE;(massa)Concentratie;NVT;Niet van toepassing;JGM;Jaargemiddelde
1769;benalaxyl;71626-11-4;benlxl;Milieu;Oppervlaktewater zoet;Landoppervlaktewateren Indicatief MAC-MKN (opgelost);5,9;µg/l;OW;Oppervlaktewater;CONCTTE;(massa)Concentratie;nf;na filtratie (opgeloste fractie);MAX;Maximum
1770;benalaxyl;71626-11-4;benlxl;Milieu;Oppervlaktewater zoet;Landoppervlaktewateren Indicatief MAC-MKN (totaal);5,9;µg/l;OW;Oppervlaktewater;CONCTTE;(massa)Concentratie;NVT;Niet van toepassing;MAX;Maximum
1771;benalaxyl;71626-11-4;benlxl;Milieu;Oppervlaktewater zout;Andere oppervlaktewateren Indicatief JG-MKN (opgelost);0,30;µg/l;OW;Oppervlaktewater;CONCTTE;(massa)Concentratie;nf;na filtratie (opgeloste fractie);JGM;Jaargemiddelde
1772;benalaxyl;71626-11-4;benlxl;Milieu;Oppervlaktewater zout;Andere oppervlaktewateren Indicatief JG-MKN (totaal);0,30;µg/l;OW;Oppervlaktewater;CONCTTE;(massa)Concentratie;NVT;Niet van toepassing;JGM;Jaargemiddelde
1773;benalaxyl;71626-11-4;benlxl;Milieu;Oppervlaktewater zout;Andere oppervlaktewateren Indicatief MAC-MKN (opgelost);0,59;µg/l;OW;Oppervlaktewateren;CONCTTE;(massa)Concentratie;nf;na filtratie (opgeloste fractie);MAX;Maximum
1774;benalaxyl;71626-11-4;benlxl;Milieu;Oppervlaktewater zout;Andere oppervlaktewateren Indicatief MAC-MKN (totaal);0,59;µg/l;OW;Oppervlaktewater;CONCTTE;(massa)Concentratie;NVT;Niet van toepassing;MAX;Maximum
1775;benazolin;3813-05-6;benzln;Milieu;Oppervlaktewater zoet;Landoppervlaktewateren Indicatief MTR (opgelost);325;µg/l;OW;Oppervlaktewater;CONCTTE;(massa)Concentratie;nf;na filtratie (opgeloste fractie);P90;90-Percentiel
1776;bendiocarb;22781-23-3;benDocb;Milieu;Oppervlaktewater zoet;Landoppervlaktewateren Indicatief MTR (opgelost);0,0067;µg/l;OW;Oppervlaktewater;CONCTTE;(massa)Concentratie;nf;na filtratie (opgeloste fractie);P90;90-Percentiel
1777;benfluralin (ZZS);1861-40-1;benfn;Milieu;Oppervlaktewater zoet;Landoppervlaktewateren Indicatief MTR (opgelost);0,01;µg/l;OW;Oppervlaktewater;CONCTTE;(massa)Concentratie;nf;na filtratie (opgeloste fractie);P90;90-Percentiel
1778;benodanil;15310-01-7;benodnl;Milieu;Oppervlaktewater zoet;Landoppervlaktewateren Indicatief MTR (opgelost);0,0365;µg/l;OW;Oppervlaktewater;CONCTTE;(massa)Concentratie;nf;na filtratie (opgeloste fractie);P90;90-Percentiel
1779;benomyl (ZZS);17804-35-2;benml;Milieu;Oppervlaktewater zoet;Landoppervlaktewateren MTR (totaal);150;ng/l;OW;Oppervlaktewater;CONCTTE;(massa)Concentratie;NVT;Niet van toepassing;P90;90-Percentiel
1780;benomyl (ZZS);17804-35-2;benml;Milieu;Oppervlaktewater zoet;Landoppervlaktewateren MTR (opgelost);150;ng/l;OW;Oppervlaktewater;CONCTTE;(massa)Concentratie;nf;na filtratie (opgeloste fractie);P90;90-Percentiel
1781;benomyl (ZZS);17804-35-2;benml;Milieu;Sediment;Sediment MTR (droge stof);0,6;µg/kg;BS;Bodem/Sediment;MASSFTE;Massafractie;dg;t.o.v. drooggewicht;;
1782;benomyl (ZZS);17804-35-2;benml;Milieu;Oppervlaktewater zoet;log Kp l/kg (zwevend stof);0,91;;OW;Oppervlaktewater;NVT;Niet van toepassing;NVT;Niet van toepassing;NVT;Niet van toepassing
1783;bentazon;25057-89-0;bentzn;Milieu;Oppervlaktewater zoet;Landoppervlaktewateren wettelijk JG-MKN (totaal);73;µg/l;OW;Oppervlaktewater;CONCTTE;(massa)Concentratie;NVT;Niet van toepassing;JGM;Jaargemiddelde
1784;bentazon;25057-89-0;bentzn;Milieu;Oppervlaktewater zout;Andere oppervlaktewateren wettelijk JG-MKN (totaal);7,3;µg/l;OW;Oppervlaktewater;CONCTTE;(massa)Concentratie;NVT;Niet van toepassing;JGM;Jaargemiddelde
1785;bentazon;25057-89-0;bentzn;Milieu;Oppervlaktewater zoet;Landoppervlaktewateren wettelijk MAC-MKN (totaal);450;µg/l;OW;Oppervlaktewater;CONCTTE;(massa)Concentratie;NVT;Niet van toepassing;MAX;Maximum
1786;bentazon;25057-89-0;bentzn;Milieu;Oppervlaktewater zout;Andere oppervlaktewateren wettelijk MAC-MKN (totaal);45;µg/l;OW;Oppervlaktewater;CONCTTE;(massa)Concentratie;NVT;Niet van toepassing;MAX;Maximum
1788;bentazon;25057-89-0;bentzn;Milieu;Oppervlaktewater zoet;log Kp l/kg (zwevend stof);0,59;;OW;Oppervlaktewater;NVT;Niet van toepassing;NVT;Niet van toepassing;NVT;Niet van toepassing
1789;bentazon;25057-89-0;bentzn;Milieu;Oppervlaktewater zoet;Landoppervlaktewateren JG-MKN (opgelost);73;µg/l;OW;Oppervlaktewater;CONCTTE;(massa)Concentratie;nf;na filtratie (opgeloste fractie);JGM;Jaargemiddelde
1790;bentazon;25057-89-0;bentzn;Milieu;Oppervlaktewater zoet;Landoppervlaktewateren MAC-MKN (opgelost);450;µg/l;OW;Oppervlaktewater;CONCTTE;(massa)Concentratie;nf;na filtratie (opgeloste fractie);MAX;Maximum
1791;bentazon;25057-89-0;bentzn;Milieu;Oppervlaktewater zout;Andere oppervlaktewateren JG-MKN (opgelost);7,3;µg/l;OW;Oppervlaktewater;CONCTTE;(massa)Concentratie;nf;na filtratie (opgeloste fractie);JGM;Jaargemiddelde
1792;bentazon;25057-89-0;bentzn;Milieu;Oppervlaktewater zout;Andere oppervlaktewateren MAC-MKN (opgelost);45;µg/l;OW;Oppervlaktewater;CONCTTE;(massa)Concentratie;nf;na filtratie (opgeloste fractie);MAX;Maximum
1796;benzaldehyde;100-52-7;BenAh;Milieu;Oppervlaktewater zoet;Landoppervlaktewateren Indicatief MTR (opgelost);7,5;µg/l;OW;Oppervlaktewater;CONCTTE;(massa)Concentratie;nf;na filtratie (opgeloste fractie);P90;90-Percentiel
1799;benzeen (ZZS);71-43-2;Ben;Milieu;Grondwater;Signaleringsparameter  beoordeling grondwatersanering (opgelost);30;µg/l;GW;Grondwater;CONCTTE;(massa)Concentratie;nf;na filtratie;Nee;
1801;benzeen (ZZS);71-43-2;Ben;Milieu;Oppervlaktewater zoet;Landoppervlaktewateren wettelijk JG-MKN (totaal);10;µg/l;OW;Oppervlaktewater;CONCTTE;(massa)Concentratie;NVT;Niet van toepassing;JGM;Jaargemiddelde
1802;benzeen (ZZS);71-43-2;Ben;Milieu;Oppervlaktewater zout;Andere oppervlaktewateren wettelijk JG-MKN (totaal);8;µg/l;OW;Oppervlaktewater;CONCTTE;(massa)Concentratie;NVT;Niet van toepassing;JGM;Jaargemiddelde
1803;benzeen (ZZS);71-43-2;Ben;Milieu;Oppervlaktewater zoet;Landoppervlaktewateren wettelijk MAC-MKN (totaal);50;µg/l;OW;Oppervlaktewater;CONCTTE;(massa)Concentratie;NVT;Niet van toepassing;MAX;Maximum
1804;benzeen (ZZS);71-43-2;Ben;Milieu;Oppervlaktewater zout;Andere oppervlaktewateren wettelijk MAC-MKN (totaal);50;µg/l;OW;Oppervlaktewater;CONCTTE;(massa)Concentratie;NVT;Niet van toepassing;MAX;Maximum
1805;benzeen (ZZS);71-43-2;Ben;Milieu;Sediment;Sediment MTR (droge stof);1;mg/kg;BS;Bodem/Sediment;MASSFTE;Massafractie;dg;t.o.v. drooggewicht;;
1806;benzeen (ZZS);71-43-2;Ben;Milieu;Oppervlaktewater zoet;log Kp l/kg (zwevend stof);0,97;;OW;Oppervlaktewater;NVT;Niet van toepassing;NVT;Niet van toepassing;NVT;Niet van toepassing
1822;benzeen (ZZS);71-43-2;Ben;Milieu;Grondwater;Standaardwaarden grondwater (inclusief AC) (opgelost);0,2;µg/l;GW;Grondwater;CONCTTE;(massa)Concentratie;nf;na filtratie;Nee;
1846;benzidine (ZZS);92-87-5;benzdne;Milieu;Oppervlaktewater zoet;Landoppervlaktewateren MTR (totaal);0,6;µg/l;OW;Oppervlaktewater;CONCTTE;(massa)Concentratie;NVT;Niet van toepassing;P90;90-Percentiel
1847;benzo[a]antraceen (ZZS);56-55-3;BaA;Milieu;Grondwater;Signaleringsparameter  beoordeling grondwatersanering (opgelost);0,5;µg/l;GW;Grondwater;CONCTTE;(massa)Concentratie;nf;na filtratie;Nee;
1848;benzo[a]antraceen (ZZS);56-55-3;BaA;Milieu;Sediment;Sediment MTR (droge stof);0,4;mg/kg;BS;Bodem/Sediment;MASSFTE;Massafractie;dg;t.o.v. drooggewicht;;
1849;benzo[a]antraceen (ZZS);56-55-3;BaA;Milieu;Oppervlaktewater zoet;log Kp l/kg (zwevend stof);4,86;;OW;Oppervlaktewater;NVT;Niet van toepassing;NVT;Niet van toepassing;NVT;Niet van toepassing
1850;benzo[a]antraceen (ZZS);56-55-3;BaA;Milieu;Oppervlaktewater zout;Andere oppervlaktewateren wettelijk JG-MKN (totaal);0,00027;µg/l;OW;Oppervlaktewater;CONCTTE;(massa)Concentratie;NVT;Niet van toepassing;JGM;Jaargemiddelde
1851;benzo[a]antraceen (ZZS);56-55-3;BaA;Milieu;Oppervlaktewater zout;Andere oppervlaktewateren wettelijk MAC-MKN (totaal);0,012;µg/l;OW;Oppervlaktewater;CONCTTE;(massa)Concentratie;NVT;Niet van toepassing;MAX;Maximum
1853;benzo[a]antraceen (ZZS);56-55-3;BaA;Milieu;Oppervlaktewater zoet;Landoppervlaktewateren wettelijk JG-MKN (totaal);0,00064;µg/l;OW;Oppervlaktewater;CONCTTE;(massa)Concentratie;NVT;Niet van toepassing;JGM;Jaargemiddelde
1854;benzo[a]antraceen (ZZS);56-55-3;BaA;Milieu;Oppervlaktewater zoet;Landoppervlaktewateren wettelijk MAC-MKN (totaal);0,28;µg/l;OW;Oppervlaktewater;CONCTTE;(massa)Concentratie;NVT;Niet van toepassing;MAX;Maximum
1855;benzo[a]antraceen (ZZS);56-55-3;BaA;Milieu;Oppervlaktewater zoet;Landoppervlaktewateren JG-MKN (opgelost);0,00023;µg/l;OW;Oppervlaktewater;CONCTTE;(massa)Concentratie;nf;na filtratie (opgeloste fractie);JGM;Jaargemiddelde
1856;benzo[a]antraceen (ZZS);56-55-3;BaA;Milieu;Oppervlaktewater zout;Andere oppervlaktewateren JG-MKN (opgelost);0,00023;µg/l;OW;Oppervlaktewater;CONCTTE;(massa)Concentratie;nf;na filtratie (opgeloste fractie);JGM;Jaargemiddelde
1857;benzo[a]antraceen (ZZS);56-55-3;BaA;Milieu;Oppervlaktewater zoet;Landoppervlaktewateren MAC-MKN (opgelost);0,1;µg/l;OW;Oppervlaktewater;CONCTTE;(massa)Concentratie;nf;na filtratie (opgeloste fractie);MAX;Maximum
1858;benzo[a]antraceen (ZZS);56-55-3;BaA;Milieu;Oppervlaktewater zout;Andere oppervlaktewateren MAC-MKN (opgelost);0,01;µg/l;OW;Oppervlaktewater;CONCTTE;(massa)Concentratie;nf;na filtratie (opgeloste fractie);MAX;Maximum
1861;benzo[a]antraceen (ZZS);56-55-3;BaA;Milieu;Grondwater;Standaardwaarden grondwater (inclusief AC) (opgelost);0,0001;µg/l;GW;Grondwater;CONCTTE;(massa)Concentratie;nf;na filtratie;Nee;
1886;benzo[a]pyreen (ZZS);50-32-8;BaP;Milieu;Grondwater;Signaleringsparameter  beoordeling grondwatersanering (opgelost);0,05;µg/l;GW;Grondwater;CONCTTE;(massa)Concentratie;nf;na filtratie;Nee;
1888;benzo[a]pyreen (ZZS);50-32-8;BaP;Milieu;Oppervlaktewater zoet;Landoppervlaktewateren wettelijk JG-MKN (totaal);1,7E-04;µg/l;OW;Oppervlaktewater;CONCTTE;(massa)Concentratie;NVT;Niet van toepassing;JGM;Jaargemiddelde
1889;benzo[a]pyreen (ZZS);50-32-8;BaP;Milieu;Oppervlaktewater zout;Andere oppervlaktewateren wettelijk JG-MKN (totaal);1,7E-04;µg/l;OW;Oppervlaktewater;CONCTTE;(massa)Concentratie;NVT;Niet van toepassing;JGM;Jaargemiddelde
1890;benzo[a]pyreen (ZZS);50-32-8;BaP;Milieu;Oppervlaktewater zoet;Landoppervlaktewateren wettelijk MAC-MKN (totaal);0,27;µg/l;OW;Oppervlaktewater;CONCTTE;(massa)Concentratie;NVT;Niet van toepassing;MAX;Maximum
1891;benzo[a]pyreen (ZZS);50-32-8;BaP;Milieu;Oppervlaktewater zout;Andere oppervlaktewateren wettelijk MAC-MKN (totaal);0,027;µg/l;OW;Oppervlaktewater;CONCTTE;(massa)Concentratie;NVT;Niet van toepassing;MAX;Maximum
1893;benzo[a]pyreen (ZZS);50-32-8;BaP;Milieu;Sediment;Sediment MTR (droge stof);3;mg/kg;BS;Bodem/Sediment;MASSFTE;Massafractie;dg;t.o.v. drooggewicht;;
1894;benzo[a]pyreen (ZZS);50-32-8;BaP;Milieu;Oppervlaktewater zoet;log Kp l/kg (zwevend stof);5,04;;OW;Oppervlaktewater;NVT;Niet van toepassing;NVT;Niet van toepassing;NVT;Niet van toepassing
1899;benzo[a]pyreen (ZZS);50-32-8;BaP;Milieu;Grondwater;Standaardwaarden grondwater (inclusief AC) (opgelost);0,0005;µg/l;GW;Grondwater;CONCTTE;(massa)Concentratie;nf;na filtratie;Nee;
1926;benzo[b]fluoranteen (ZZS);205-99-2;BbF;Milieu;Oppervlaktewater zoet;Landoppervlaktewateren wettelijk MAC-MKN (totaal);0,017;µg/l;OW;Oppervlaktewater;CONCTTE;(massa)Concentratie;NVT;Niet van toepassing;MAX;Maximum
1927;benzo[b]fluoranteen (ZZS);205-99-2;BbF;Milieu;Oppervlaktewater zout;Andere oppervlaktewateren wettelijk MAC-MKN (totaal);0,017;µg/l;OW;Oppervlaktewater;CONCTTE;(massa)Concentratie;NVT;Niet van toepassing;MAX;Maximum
1928;benzo[b]fluoranteen (ZZS);205-99-2;BbF;Milieu;Sediment;Sediment MTR (standaard Sediment met 10% organisch materiaal);810;µg/kg;BS;Bodem/Sediment;MASSFTE;Massafractie;dg;t.o.v. drooggewicht;;
1929;benzo[b]fluoranteen (ZZS);205-99-2;BbF;Milieu;Oppervlaktewater zoet;log Kp l/kg (zwevend stof);4,98;;OW;Oppervlaktewater;NVT;Niet van toepassing;NVT;Niet van toepassing;NVT;Niet van toepassing
1932;benzo[e]pyreen (ZZS);192-97-2;BeP;Milieu;Oppervlaktewater zoet;Landoppervlaktewateren Indicatief MTR (opgelost);1,47E-03;µg/l;OW;Oppervlaktewater;CONCTTE;(massa)Concentratie;nf;na filtratie (opgeloste fractie);P90;90-Percentiel
1935;benzo[g,h,i]peryleen (ZZS);191-24-2;BghiPe;Milieu;Grondwater;Signaleringsparameter  beoordeling grondwatersanering (opgelost);0,05;µg/l;GW;Grondwater;CONCTTE;(massa)Concentratie;nf;na filtratie;Nee;
1938;benzo[g,h,i]peryleen (ZZS);191-24-2;BghiPe;Milieu;Oppervlaktewater zoet;Landoppervlaktewateren wettelijk MAC-MKN (totaal);8,2E-03;µg/l;OW;Oppervlaktewater;CONCTTE;(massa)Concentratie;NVT;Niet van toepassing;MAX;Maximum
1939;benzo[g,h,i]peryleen (ZZS);191-24-2;BghiPe;Milieu;Oppervlaktewater zout;Andere oppervlaktewateren wettelijk MAC-MKN (totaal);8,2E-04;µg/l;OW;Oppervlaktewater;CONCTTE;(massa)Concentratie;NVT;Niet van toepassing;MAX;Maximum
1941;benzo[g,h,i]peryleen (ZZS);191-24-2;BghiPe;Milieu;Sediment;Sediment MTR (droge stof);8;mg/kg;BS;Bodem/Sediment;MASSFTE;Massafractie;dg;t.o.v. drooggewicht;;
1942;benzo[g,h,i]peryleen (ZZS);191-24-2;BghiPe;Milieu;Oppervlaktewater zoet;log Kp l/kg (zwevend stof);5,7;;OW;Oppervlaktewater;NVT;Niet van toepassing;NVT;Niet van toepassing;NVT;Niet van toepassing
1945;benzo[g,h,i]peryleen (ZZS);191-24-2;BghiPe;Milieu;Grondwater;Standaardwaarden grondwater (inclusief AC) (opgelost);0,0003;µg/l;GW;Grondwater;CONCTTE;(massa)Concentratie;nf;na filtratie;Nee;
1970;benzo[j]fluoranteen (ZZS);205-82-3;BjF;Milieu;Oppervlaktewater zoet;Landoppervlaktewateren Indicatief MTR (opgelost);1,97E-03;µg/l;OW;Oppervlaktewater;CONCTTE;(massa)Concentratie;nf;na filtratie (opgeloste fractie);P90;90-Percentiel
1973;benzo[k]fluoranteen (ZZS);207-08-9;BkF;Milieu;Grondwater;Signaleringsparameter  beoordeling grondwatersanering (opgelost);0,05;µg/l;GW;Grondwater;CONCTTE;(massa)Concentratie;nf;na filtratie;Nee;
1976;benzo[k]fluoranteen (ZZS);207-08-9;BkF;Milieu;Oppervlaktewater zoet;Landoppervlaktewateren wettelijk MAC-MKN (totaal);0,017;µg/l;OW;Oppervlaktewater;CONCTTE;(massa)Concentratie;NVT;Niet van toepassing;MAX;Maximum
1977;benzo[k]fluoranteen (ZZS);207-08-9;BkF;Milieu;Oppervlaktewater zout;Andere oppervlaktewateren wettelijk MAC-MKN (totaal);0,017;µg/l;OW;Oppervlaktewater;CONCTTE;(massa)Concentratie;NVT;Niet van toepassing;MAX;Maximum
1979;benzo[k]fluoranteen (ZZS);207-08-9;BkF;Milieu;Sediment;Sediment MTR (droge stof);2;mg/kg;BS;Bodem/Sediment;MASSFTE;Massafractie;dg;t.o.v. drooggewicht;;
1980;benzo[k]fluoranteen (ZZS);207-08-9;BkF;Milieu;Oppervlaktewater zoet;log Kp l/kg (zwevend stof);5,07;;OW;Oppervlaktewater;NVT;Niet van toepassing;NVT;Niet van toepassing;NVT;Niet van toepassing
1983;benzo[k]fluoranteen (ZZS);207-08-9;BkF;Milieu;Grondwater;Standaardwaarden grondwater (inclusief AC) (opgelost);0,0004;µg/l;GW;Grondwater;CONCTTE;(massa)Concentratie;nf;na filtratie;Nee;
2008;benzonitril;100-47-0;benzntl;Milieu;Oppervlaktewater zoet;Landoppervlaktewateren Indicatief MTR (opgelost);15;µg/l;OW;Oppervlaktewater;CONCTTE;(massa)Concentratie;nf;na filtratie (opgeloste fractie);P90;90-Percentiel
2009;2-aminobenzothiazool;136-95-8;2Aobztzl;Milieu;Oppervlaktewater zoet;Landoppervlaktewateren Indicatief MTR (opgelost);1;µg/l;OW;Oppervlaktewater;CONCTTE;(massa)Concentratie;nf;na filtratie (opgeloste fractie);P90;90-Percentiel
2011;benzothiazool;95-16-9;benztazl;Milieu;Oppervlaktewater zoet;Landoppervlaktewateren Indicatief MTR (opgelost);64;µg/l;OW;Oppervlaktewater;CONCTTE;(massa)Concentratie;nf;na filtratie (opgeloste fractie);P90;90-Percentiel
2013;benzoximaat;29104-30-1;benzxmt;Milieu;Oppervlaktewater zoet;Landoppervlaktewateren Indicatief MTR (opgelost);0,00114;µg/l;OW;Oppervlaktewater;CONCTTE;(massa)Concentratie;nf;na filtratie (opgeloste fractie);P90;90-Percentiel
2014;benzoylprop-ethyl;22212-55-1;benzyppC2y;Milieu;Oppervlaktewater zoet;Landoppervlaktewateren Indicatief MTR (opgelost);0,000282;µg/l;OW;Oppervlaktewater;CONCTTE;(massa)Concentratie;nf;na filtratie (opgeloste fractie);P90;90-Percentiel
2015;fenylmethanol;100-51-6;aHOxTol;Milieu;Oppervlaktewater zoet;Landoppervlaktewateren Indicatief MTR (opgelost);10;µg/l;OW;Oppervlaktewater;CONCTTE;(massa)Concentratie;nf;na filtratie (opgeloste fractie);P90;90-Percentiel
2016;fenylmethanol;100-51-6;aHOxTol;Milieu;Sediment;Sediment Indicatief MTR (droge stof);35,6;µg/kg;BS;Bodem/Sediment;MASSFTE;Massafractie;dg;t.o.v. drooggewicht;;
2019;benzylbutylftalaat (ZZS);85-68-7;benzC4yFt;Milieu;Oppervlaktewater zoet;Landoppervlaktewateren Indicatief MTR (opgelost);7,5;µg/l;OW;Oppervlaktewater;CONCTTE;(massa)Concentratie;nf;na filtratie (opgeloste fractie);P90;90-Percentiel
2020;benzylbutylftalaat (ZZS);85-68-7;benzC4yFt;Milieu;Sediment;Sediment Indicatief MTR (droge stof);4,66E+03;µg/kg;BS;Bodem/Sediment;MASSFTE;Massafractie;dg;t.o.v. drooggewicht;;
2046;beryllium (ZZS);7440-41-7;Be;Milieu;Grondwater;Grondwater streefwaarde diep (opgelost);0,05;µg/l;GW;Grondwater;CONCTTE;(massa)Concentratie;nf;na filtratie;Nee;
2047;beryllium (ZZS);7440-41-7;Be;Milieu;Grondwater;Grondwater indicatief niveau voor ernstige verontreiniging (opgelost);15;µg/l;GW;Grondwater;CONCTTE;(massa)Concentratie;nf;na filtratie;Nee;
2048;beryllium (ZZS);7440-41-7;Be;Milieu;Oppervlaktewater zoet;Landoppervlaktewateren achtergrondconcentratie (opgelost);0,02;µg/l;OW;Oppervlaktewater;CONCTTE;(massa)Concentratie;nf;na filtratie (opgeloste fractie);NVT;Niet van toepassing
2049;beryllium (ZZS);7440-41-7;Be;Milieu;Oppervlaktewater zoet;Landoppervlaktewateren wettelijk JG-MKN (opgelost);0,08;µg/l;OW;Oppervlaktewater;CONCTTE;(massa)Concentratie;nf;na filtratie (opgeloste fractie);JGM;Jaargemiddelde
2050;beryllium (ZZS);7440-41-7;Be;Milieu;Oppervlaktewater zoet;Landoppervlaktewateren wettelijk MAC-MKN (opgelost);0,813;µg/l;OW;Oppervlaktewater;CONCTTE;(massa)Concentratie;nf;na filtratie (opgeloste fractie);MAX;Maximum
2053;beryllium (ZZS);7440-41-7;Be;Milieu;Sediment;Sediment landelijke achtergrondconcentratie (droge stof);1,1;mg/kg;BS;Bodem/Sediment;MASSFTE;Massafractie;dg;t.o.v. drooggewicht;;
2057;beryllium (ZZS);7440-41-7;Be;Milieu;Oppervlaktewater zoet;log Kp l/kg (zwevend stof);2,93;;OW;Oppervlaktewater;NVT;Niet van toepassing;NVT;Niet van toepassing;NVT;Niet van toepassing
2061;beta-broom-beta-nitrostyreen;7166-19-0;bBrbNO2srn;Milieu;Oppervlaktewater zoet;Landoppervlaktewateren Indicatief MTR (opgelost);0,02;µg/l;OW;Oppervlaktewater;CONCTTE;(massa)Concentratie;nf;na filtratie (opgeloste fractie);P90;90-Percentiel
2062;cyfluthrin;68359-37-5;cyftn;Milieu;Oppervlaktewater zoet;Landoppervlaktewateren Indicatief MTR (opgelost);0,0002;µg/l;OW;Oppervlaktewater;CONCTTE;(massa)Concentratie;nf;na filtratie (opgeloste fractie);P90;90-Percentiel
2064;17beta-estradiol;50-28-2;17bestDol;Milieu;Oppervlaktewater zoet;Landoppervlaktewateren Indicatief MTR (opgelost);1,43E-01;µg/l;OW;Oppervlaktewater;CONCTTE;(massa)Concentratie;nf;na filtratie (opgeloste fractie);P90;90-Percentiel
2068;beta-hexachloorcyclohexaan (ZZS);319-85-7;bHCH;Milieu;Sediment;Sediment MTR (droge stof);920;µg/kg;BS;Bodem/Sediment;MASSFTE;Massafractie;dg;t.o.v. drooggewicht;;
2069;beta-hexachloorcyclohexaan (ZZS);319-85-7;bHCH;Milieu;Oppervlaktewater zoet;log Kp l/kg (zwevend stof);3,36;;OW;Oppervlaktewater;NVT;Niet van toepassing;NVT;Niet van toepassing;NVT;Niet van toepassing
2070;beta-hexachloorcyclohexaan (ZZS);319-85-7;bHCH;Milieu;Grondwater;Standaardwaarden grondwater (inclusief AC) (opgelost);8;ng/l;GW;Grondwater;CONCTTE;(massa)Concentratie;nf;na filtratie;Nee;
2096;bifenox;42576-02-3;bfnx;Milieu;Oppervlaktewater zoet;Landoppervlaktewateren wettelijk JG-MKN (totaal);0,012;µg/l;OW;Oppervlaktewater;CONCTTE;(massa)Concentratie;NVT;Niet van toepassing;JGM;Jaargemiddelde
2097;bifenox;42576-02-3;bfnx;Milieu;Oppervlaktewater zoet;Landoppervlaktewateren wettelijk MAC-MKN (totaal);0,04;µg/l;OW;Oppervlaktewater;CONCTTE;(massa)Concentratie;NVT;Niet van toepassing;MAX;Maximum
2098;bifenox;42576-02-3;bfnx;Milieu;Oppervlaktewater zout;Andere oppervlaktewateren wettelijk JG-MKN (totaal);0,0012;µg/l;OW;Oppervlaktewater;CONCTTE;(massa)Concentratie;NVT;Niet van toepassing;JGM;Jaargemiddelde
2099;bifenox;42576-02-3;bfnx;Milieu;Oppervlaktewater zout;Andere oppervlaktewateren wettelijk MAC-MKN (totaal);0,004;µg/l;OW;Oppervlaktewater;CONCTTE;(massa)Concentratie;NVT;Niet van toepassing;MAX;Maximum
2100;bifenyl;92-52-4;biFy;Milieu;Oppervlaktewater zoet;Landoppervlaktewateren MTR (totaal);1,5;µg/l;OW;Oppervlaktewater;CONCTTE;(massa)Concentratie;NVT;Niet van toepassing;P90;90-Percentiel
2111;binapacryl (ZZS);485-31-4;binpcl;Milieu;Oppervlaktewater zoet;Landoppervlaktewateren Indicatief MTR (opgelost);0,00024;µg/l;OW;Oppervlaktewater;CONCTTE;(massa)Concentratie;nf;na filtratie (opgeloste fractie);P90;90-Percentiel
2113;bis(2-ethylhexyl)ftalaat (ZZS);117-81-7;DEHP;Milieu;Oppervlaktewater zoet;Landoppervlaktewateren wettelijk JG-MKN (totaal);1,3;µg/l;OW;Oppervlaktewater;CONCTTE;(massa)Concentratie;NVT;Niet van toepassing;JGM;Jaargemiddelde
2114;bis(2-ethylhexyl)ftalaat (ZZS);117-81-7;DEHP;Milieu;Oppervlaktewater zout;Andere oppervlaktewateren wettelijk JG-MKN (totaal);1,3;µg/l;OW;Oppervlaktewater;CONCTTE;(massa)Concentratie;NVT;Niet van toepassing;JGM;Jaargemiddelde
2117;bis(2-ethylhexyl)ftalaat (ZZS);117-81-7;DEHP;Milieu;Sediment;Sediment Indicatief MTR (droge stof);59000;µg/kg;BS;Bodem/Sediment;MASSFTE;Massafractie;dg;t.o.v. drooggewicht;;
2147;bitertanol;55179-31-2;bittnl;Milieu;Oppervlaktewater zoet;Landoppervlaktewateren Indicatief MTR (opgelost);0,31;µg/l;OW;Oppervlaktewater;CONCTTE;(massa)Concentratie;nf;na filtratie (opgeloste fractie);P90;90-Percentiel
2148;boor;7440-42-8;B;Milieu;Oppervlaktewater zoet;Landoppervlaktewateren achtergrondconcentratie (opgelost);27;µg/l;OW;Oppervlaktewater;CONCTTE;(massa)Concentratie;nf;na filtratie (opgeloste fractie);NVT;Niet van toepassing
2149;boor;7440-42-8;B;Milieu;Oppervlaktewater zout;Andere oppervlaktewateren achtergrondconcentratie (opgelost);3000;µg/l;OW;Oppervlaktewater;CONCTTE;(massa)Concentratie;nf;na filtratie (opgeloste fractie);NVT;Niet van toepassing
2150;boor;7440-42-8;B;Milieu;Sediment;Sediment MTR (droge stof);0,1;mg/kg;BS;Bodem/Sediment;MASSFTE;Massafractie;dg;t.o.v. drooggewicht;;
2151;boor;7440-42-8;B;Milieu;Oppervlaktewater zoet;log Kp l/kg (zwevend stof);1;;OW;Oppervlaktewater;NVT;Niet van toepassing;NVT;Niet van toepassing;NVT;Niet van toepassing
2152;boor;7440-42-8;B;Milieu;Oppervlaktewater zoet;Landoppervlaktewateren wettelijk MAC-MKN (opgelost);450;µg/l;OW;Oppervlaktewater;CONCTTE;(massa)Concentratie;nf;na filtratie (opgeloste fractie);MAX;Maximum
2153;boor;7440-42-8;B;Milieu;Oppervlaktewater zoet;Landoppervlaktewateren wettelijk JG-MKN (opgelost);180;µg/l;OW;Oppervlaktewater;CONCTTE;(massa)Concentratie;nf;na filtratie (opgeloste fractie);JGM;Jaargemiddelde
2157;boor;7440-42-8;B;Milieu;Oppervlaktewater voor drinkwaterbereiding;Oppervlaktewater voor drinkwaterbereiding (gericht op waterbeheerder);1000;µg/l;;;;;;;;
2160;boor;7440-42-8;B;Milieu;Oppervlaktewater voor drinkwaterbereiding;Oppervlaktewater voor drinkwaterbereiding (gericht tot het drinkwaterbedrijf);1000;µg/l;;;;;;;;
2161;boscalid;188425-85-6;boscld;Milieu;Oppervlaktewater zoet;Landoppervlaktewateren Indicatief MTR (opgelost);0,55;µg/l;OW;Oppervlaktewater;CONCTTE;(massa)Concentratie;nf;na filtratie (opgeloste fractie);P90;90-Percentiel
2162;boscalid;188425-85-6;boscld;Milieu;Sediment;Sediment Indicatief MTR (droge stof);26;µg/kg;BS;Bodem/Sediment;MASSFTE;Massafractie;dg;t.o.v. drooggewicht;;
2164;brodifacoum (ZZS);56073-10-0;brodfcm;Milieu;Oppervlaktewater zoet;Landoppervlaktewateren Indicatief MAC-MKN (opgelost);0,20;µg/l;OW;Oppervlaktewater;CONCTTE;(massa)Concentratie;nf;na filtratie (opgeloste fractie);MAX;Maximum
2165;brodifacoum (ZZS);56073-10-0;brodfcm;Milieu;Oppervlaktewater zoet;Landoppervlaktewateren Indicatief JG-MKN (opgelost);1,0E-06;µg/l;OW;Oppervlaktewater;CONCTTE;(massa)Concentratie;nf;na filtratie (opgeloste fractie);JGM;Jaargemiddelde
2166;brodifacoum (ZZS);56073-10-0;brodfcm;Milieu;Oppervlaktewater zout;Andere oppervlaktewateren Indicatief JG-MKN (opgelost);1,0E-06;µg/l;OW;Oppervlaktewater;CONCTTE;(massa)Concentratie;nf;na filtratie (opgeloste fractie);JGM;Jaargemiddelde
2167;brodifacoum (ZZS);56073-10-0;brodfcm;Milieu;Oppervlaktewater zout;Andere oppervlaktewateren Indicatief MAC-MKN (opgelost);0,020;µg/l;OW;Oppervlaktewateren;CONCTTE;(massa)Concentratie;nf;na filtratie (opgeloste fractie);MAX;Maximum
2169;bromaat;15541-45-4;BrO3;Milieu;Oppervlaktewater zoet;Landoppervlaktewateren JG-MKN (opgelost);1;µg/l;OW;Oppervlaktewater;CONCTTE;(massa)Concentratie;nf;na filtratie (opgeloste fractie);JGM;Jaargemiddelde
2170;bromaat;15541-45-4;BrO3;Milieu;Oppervlaktewater zoet;Landoppervlaktewateren JG-MKN (totaal);1;µg/l;OW;Oppervlaktewater;CONCTTE;(massa)Concentratie;NVT;Niet van toepassing;JGM;Jaargemiddelde
2171;bromaat;15541-45-4;BrO3;Milieu;Oppervlaktewater zoet;Landoppervlaktewateren MAC-MKN (opgelost);0,25;mg/l;OW;Oppervlaktewater;CONCTTE;(massa)Concentratie;nf;na filtratie (opgeloste fractie);MAX;Maximum
2172;bromaat;15541-45-4;BrO3;Milieu;Oppervlaktewater zoet;Landoppervlaktewateren MAC-MKN (totaal);0,25;mg/l;OW;Oppervlaktewater;CONCTTE;(massa)Concentratie;NVT;Niet van toepassing;MAX;Maximum
2173;bromacil;314-40-9;bromcl;Milieu;Oppervlaktewater zoet;Landoppervlaktewateren Indicatief MTR (opgelost);0,0068;µg/l;OW;Oppervlaktewater;CONCTTE;(massa)Concentratie;nf;na filtratie (opgeloste fractie);P90;90-Percentiel
2174;bromide;24959-67-9;Br;Milieu;Oppervlaktewater zoet;Landoppervlaktewateren MTR (opgelost);8;mg/l;OW;Oppervlaktewater;CONCTTE;(massa)Concentratie;nf;na filtratie (opgeloste fractie);P90;90-Percentiel
2175;bromide;24959-67-9;Br;Milieu;Grondwater;Standaardwaarden grondwater (inclusief AC) (opgelost);0,3;mg/l;GW;Grondwater;CONCTTE;(massa)Concentratie;nf;na filtratie;Nee;
2177;bromofos-ethyl;4824-78-6;C2yBrfs;Milieu;Oppervlaktewater zoet;Landoppervlaktewateren Indicatief MAC-MKN (opgelost);2,0E-03;µg/l;OW;Oppervlaktewater;CONCTTE;(massa)Concentratie;nf;na filtratie (opgeloste fractie);MAX;Maximum
2178;bromofos-ethyl;4824-78-6;C2yBrfs;Milieu;Oppervlaktewater zoet;Landoppervlaktewateren Indicatief JG-MKN (opgelost);2,0E-04;µg/l;OW;Oppervlaktewater;CONCTTE;(massa)Concentratie;nf;na filtratie (opgeloste fractie);JGM;Jaargemiddelde
2179;bromofos-ethyl;4824-78-6;C2yBrfs;Milieu;Oppervlaktewater zout;Andere oppervlaktewateren Indicatief JG-MKN (opgelost);2,0E-05;µg/l;OW;Oppervlaktewater;CONCTTE;(massa)Concentratie;nf;na filtratie (opgeloste fractie);JGM;Jaargemiddelde
2180;bromofos-ethyl;4824-78-6;C2yBrfs;Milieu;Oppervlaktewater zout;Andere oppervlaktewateren Indicatief MAC-MKN (opgelost);2,0E-04;µg/l;OW;Oppervlaktewateren;CONCTTE;(massa)Concentratie;nf;na filtratie (opgeloste fractie);MAX;Maximum
2181;bromofos-methyl;2104-96-3;C1yBrfs;Milieu;Oppervlaktewater zoet;Landoppervlaktewateren Indicatief MTR (opgelost);0,0022;µg/l;OW;Oppervlaktewater;CONCTTE;(massa)Concentratie;nf;na filtratie (opgeloste fractie);P90;90-Percentiel
2182;bromoxynil fenol;1689-84-5;BrOxnl;Milieu;Oppervlaktewater zoet;Landoppervlaktewateren Indicatief MTR (opgelost);25;µg/l;OW;Oppervlaktewater;CONCTTE;(massa)Concentratie;nf;na filtratie (opgeloste fractie);P90;90-Percentiel
2183;bromoxynil heptanoaat;56634-95-8;BrOxnHpnat;Milieu;Oppervlaktewater zoet;Landoppervlaktewateren Indicatief JG-MKN (opgelost);7,8E-03;µg/l;OW;Oppervlaktewater;CONCTTE;(massa)Concentratie;nf;na filtratie (opgeloste fractie);JGM;Jaargemiddelde
2184;bromoxynil heptanoaat;56634-95-8;BrOxnHpnat;Milieu;Oppervlaktewater zoet;Landoppervlaktewateren Indicatief MAC-MKN (opgelost);0,29;µg/l;OW;Oppervlaktewater;CONCTTE;(massa)Concentratie;nf;na filtratie (opgeloste fractie);MAX;Maximum
2185;bromoxynil heptanoaat;56634-95-8;BrOxnHpnat;Milieu;Oppervlaktewater zout;Andere oppervlaktewateren Indicatief JG-MKN (opgelost);8,0E-03;µg/l;OW;Oppervlaktewater;CONCTTE;(massa)Concentratie;nf;na filtratie (opgeloste fractie);JGM;Jaargemiddelde
2186;bromoxynil heptanoaat;56634-95-8;BrOxnHpnat;Milieu;Oppervlaktewater zout;Andere oppervlaktewateren Indicatief MAC-MKN (opgelost);0,029;µg/l;OW;Oppervlaktewateren;CONCTTE;(massa)Concentratie;nf;na filtratie (opgeloste fractie);MAX;Maximum
2187;bromoxynil octanoaat;1689-99-2;BrOxnOcnat;Milieu;Oppervlaktewater zoet;Landoppervlaktewateren JG-MKN (opgelost);0,25;µg/l;OW;Oppervlaktewater;CONCTTE;(massa)Concentratie;nf;na filtratie (opgeloste fractie);JGM;Jaargemiddelde
2188;bromoxynil octanoaat;1689-99-2;BrOxnOcnat;Milieu;Oppervlaktewater zoet;Landoppervlaktewateren MAC-MKN (opgelost);0,25;µg/l;OW;Oppervlaktewater;CONCTTE;(massa)Concentratie;nf;na filtratie (opgeloste fractie);MAX;Maximum
2189;bromuconazool;116255-48-2;bromcnzl;Milieu;Oppervlaktewater zoet;Landoppervlaktewateren Indicatief MTR (opgelost);0,015;µg/l;OW;Oppervlaktewater;CONCTTE;(massa)Concentratie;nf;na filtratie (opgeloste fractie);P90;90-Percentiel
2191;bromuron;3408-97-7;brmrn;Milieu;Oppervlaktewater zoet;Landoppervlaktewateren Indicatief MTR (opgelost);81;µg/l;OW;Oppervlaktewater;CONCTTE;(massa)Concentratie;nf;na filtratie (opgeloste fractie);P90;90-Percentiel
2208;broomdichloormethaan;75-27-4;DClBrC1a;Milieu;Oppervlaktewater zoet;Landoppervlaktewateren Indicatief MTR (opgelost);0,051;µg/l;OW;Oppervlaktewater;CONCTTE;(massa)Concentratie;nf;na filtratie (opgeloste fractie);P90;90-Percentiel
2211;broomfenoxim;13181-17-4;Brfnxm;Milieu;Oppervlaktewater zoet;Landoppervlaktewateren Indicatief MTR (opgelost);0,09;µg/l;OW;Oppervlaktewater;CONCTTE;(massa)Concentratie;nf;na filtratie (opgeloste fractie);P90;90-Percentiel
2212;broommethaan;74-83-9;BrC1a;Milieu;Oppervlaktewater zoet;Landoppervlaktewateren JG-MKN (totaal);3,2;µg/l;OW;Oppervlaktewater;CONCTTE;(massa)Concentratie;NVT;Niet van toepassing;JGM;Jaargemiddelde
2213;broommethaan;74-83-9;BrC1a;Milieu;Oppervlaktewater zout;Andere oppervlaktewateren JG-MKN (totaal);0,32;µg/l;OW;Oppervlaktewater;CONCTTE;(massa)Concentratie;NVT;Niet van toepassing;JGM;Jaargemiddelde
2214;broommethaan;74-83-9;BrC1a;Milieu;Oppervlaktewater zoet;Landoppervlaktewateren MAC-MKN (totaal);7;µg/l;OW;Oppervlaktewater;CONCTTE;(massa)Concentratie;NVT;Niet van toepassing;MAX;Maximum
2218;broommethaan;74-83-9;BrC1a;Milieu;Oppervlaktewater zoet;log Kp l/kg (zwevend stof);-0,32;;OW;Oppervlaktewater;NVT;Niet van toepassing;NVT;Niet van toepassing;NVT;Niet van toepassing
2229;broompropylaat;18181-80-1;Brpplt;Milieu;Oppervlaktewater zoet;Landoppervlaktewateren Indicatief MTR (opgelost);0,17;µg/l;OW;Oppervlaktewater;CONCTTE;(massa)Concentratie;nf;na filtratie (opgeloste fractie);P90;90-Percentiel
2241;bupirimaat;41483-43-6;buprmt;Milieu;Oppervlaktewater zoet;Landoppervlaktewateren JG-MKN (opgelost);6;µg/l;OW;Oppervlaktewater;CONCTTE;(massa)Concentratie;nf;na filtratie (opgeloste fractie);JGM;Jaargemiddelde
2242;buprofezin;69327-76-0;bupfzn;Milieu;Oppervlaktewater zoet;Landoppervlaktewateren Indicatief MTR (opgelost);0,56;µg/l;OW;Oppervlaktewater;CONCTTE;(massa)Concentratie;nf;na filtratie (opgeloste fractie);P90;90-Percentiel
2243;butachloor;23184-66-9;butCl;Milieu;Oppervlaktewater zoet;Landoppervlaktewateren Indicatief MTR (opgelost);0,00023;µg/l;OW;Oppervlaktewater;CONCTTE;(massa)Concentratie;nf;na filtratie (opgeloste fractie);P90;90-Percentiel
2247;butanon;78-93-3;2C4on;Milieu;Grondwater;Grondwater indicatief niveau voor ernstige verontreiniging (opgelost);6000;µg/l;GW;Grondwater;CONCTTE;(massa)Concentratie;nf;na filtratie;Nee;
2250;butanon;78-93-3;2C4on;Milieu;Sediment;Sediment Indicatief MTR (droge stof);2810;µg/kg;BS;Bodem/Sediment;MASSFTE;Massafractie;dg;t.o.v. drooggewicht;;
2263;butanon;78-93-3;2C4on;Milieu;Oppervlaktewater zoet;Landoppervlaktewateren Indicatief JG-MKN (opgelost);0,19;mg/l;OW;Oppervlaktewater;CONCTTE;(massa)Concentratie;nf;na filtratie (opgeloste fractie);JGM;Jaargemiddelde
2264;butanon;78-93-3;2C4on;Milieu;Oppervlaktewater zoet;Landoppervlaktewateren Indicatief MAC-MKN (opgelost);0,31;mg/l;OW;Oppervlaktewater;CONCTTE;(massa)Concentratie;nf;na filtratie (opgeloste fractie);MAX;Maximum
2265;butanon;78-93-3;2C4on;Milieu;Oppervlaktewater zout;Andere oppervlaktewateren Indicatief JG-MKN (opgelost);0,019;mg/l;OW;Oppervlaktewater;CONCTTE;(massa)Concentratie;nf;na filtratie (opgeloste fractie);JGM;Jaargemiddelde
2266;butanon;78-93-3;2C4on;Milieu;Oppervlaktewater zout;Andere oppervlaktewateren Indicatief MAC-MKN (opgelost);0,031;mg/l;OW;Oppervlaktewateren;CONCTTE;(massa)Concentratie;nf;na filtratie (opgeloste fractie);MAX;Maximum
2294;butocarboxim;34681-10-2;butcbOxm;Milieu;Oppervlaktewater zoet;Landoppervlaktewateren Indicatief MTR (opgelost);3,2;µg/l;OW;Oppervlaktewater;CONCTTE;(massa)Concentratie;nf;na filtratie (opgeloste fractie);P90;90-Percentiel
2295;butocarboximsulfoxide;34681-23-7;butcbOxmsfn;Milieu;Oppervlaktewater zoet;Landoppervlaktewateren Indicatief MTR (opgelost);6670;µg/l;OW;Oppervlaktewater;CONCTTE;(massa)Concentratie;nf;na filtratie (opgeloste fractie);P90;90-Percentiel
2296;butralin;33629-47-9;butln;Milieu;Oppervlaktewater zoet;Landoppervlaktewateren Indicatief MTR (opgelost);0,017;µg/l;OW;Oppervlaktewater;CONCTTE;(massa)Concentratie;nf;na filtratie (opgeloste fractie);P90;90-Percentiel
2298;butylaat;2008-41-5;C4yat;Milieu;Oppervlaktewater zoet;Landoppervlaktewateren Indicatief MTR (opgelost);0,15;µg/l;OW;Oppervlaktewater;CONCTTE;(massa)Concentratie;nf;na filtratie (opgeloste fractie);P90;90-Percentiel
2300;butylacetaat;123-86-4;C4yactt;Milieu;Grondwater;Grondwater indicatief niveau voor ernstige verontreiniging (opgelost);6300;µg/l;GW;Grondwater;CONCTTE;(massa)Concentratie;nf;na filtratie;Nee;
2338;C10-13-chlooralkanen  (ZZS);85535-84-8;;Milieu;Oppervlaktewater zoet;Landoppervlaktewateren wettelijk JG-MKN (totaal);0,4;µg/l;OW;Oppervlaktewater;CONCTTE;(massa)Concentratie;NVT;Niet van toepassing;JGM;Jaargemiddelde
2339;C10-13-chlooralkanen  (ZZS);85535-84-8;;Milieu;Oppervlaktewater zout;Andere oppervlaktewateren wettelijk JG-MKN (totaal);0,4;µg/l;OW;Oppervlaktewater;CONCTTE;(massa)Concentratie;NVT;Niet van toepassing;JGM;Jaargemiddelde
2340;C10-13-chlooralkanen  (ZZS);85535-84-8;;Milieu;Oppervlaktewater zoet;Landoppervlaktewateren wettelijk MAC-MKN (totaal);1,4;µg/l;OW;Oppervlaktewater;CONCTTE;(massa)Concentratie;NVT;Niet van toepassing;MAX;Maximum
2341;C10-13-chlooralkanen  (ZZS);85535-84-8;;Milieu;Oppervlaktewater zout;Andere oppervlaktewateren wettelijk MAC-MKN (totaal);1,4;µg/l;OW;Oppervlaktewater;CONCTTE;(massa)Concentratie;NVT;Niet van toepassing;MAX;Maximum
2343;cadmium (ZZS);7440-43-9;Cd;Milieu;Grondwater;Grondwater streefwaarde ondiep (opgelost);0,4;µg/l;GW;Grondwater;CONCTTE;(massa)Concentratie;nf;na filtratie;Nee;
2344;cadmium (ZZS);7440-43-9;Cd;Milieu;Grondwater;Grondwater diep landelijke achtergrondconcentratie (AC) (opgelost);0,06;µg/l;GW;Grondwater;CONCTTE;(massa)Concentratie;nf;na filtratie;Nee;
2345;cadmium (ZZS);7440-43-9;Cd;Milieu;Grondwater;Standaardwaarden grondwater (inclusief AC) (opgelost);0,06;µg/l;GW;Grondwater;CONCTTE;(massa)Concentratie;nf;na filtratie;Nee;
2346;cadmium (ZZS);7440-43-9;Cd;Milieu;Grondwater;Signaleringsparameter  beoordeling grondwatersanering (opgelost);6;µg/l;GW;Grondwater;CONCTTE;(massa)Concentratie;nf;na filtratie;Nee;
2350;cadmium (ZZS);7440-43-9;Cd;Milieu;Oppervlaktewater zoet;Landoppervlaktewateren achtergrondconcentratie (opgelost);0,08;µg/l;OW;Oppervlaktewater;CONCTTE;(massa)Concentratie;nf;na filtratie (opgeloste fractie);NVT;Niet van toepassing
2351;cadmium (ZZS);7440-43-9;Cd;Milieu;Sediment;Sediment MTR (droge stof);12;mg/kg;BS;Bodem/Sediment;MASSFTE;Massafractie;dg;t.o.v. drooggewicht;;
2352;cadmium (ZZS);7440-43-9;Cd;Milieu;Oppervlaktewater zout;Andere oppervlaktewateren achtergrondconcentratie (opgelost);0,02;µg/l;OW;Oppervlaktewater;CONCTTE;(massa)Concentratie;nf;na filtratie (opgeloste fractie);NVT;Niet van toepassing
2353;cadmium (ZZS);7440-43-9;Cd;Milieu;Oppervlaktewater zoet;Landoppervlaktewateren wettelijk JG-MKN (opgelost);≤ 0,08 µg/l (Klasse 1) 0,08 µg/l (Klasse 2) 0,09 µg/l (Klasse 3) 0,15 µg/l (Klasse 4) 0,25 µg/l (Klasse 5);;OW;Oppervlaktewater;CONCTTE;(massa)Concentratie;nf;na filtratie (opgeloste fractie);JGM;Jaargemiddelde
2354;cadmium (ZZS);7440-43-9;Cd;Milieu;Oppervlaktewater zoet;log Kp l/kg (zwevend stof);5,11;;OW;Oppervlaktewater;NVT;Niet van toepassing;NVT;Niet van toepassing;NVT;Niet van toepassing
2355;cadmium (ZZS);7440-43-9;Cd;Milieu;Grondwater;Omgevingswaarde voor krw-verontreinigende stoffen nationaal (opgelost);0,35;µg/l;;;;;;;;
2356;cadmium (ZZS);7440-43-9;Cd;Milieu;Oppervlaktewater zoet;Landoppervlaktewateren wettelijk MAC-MKN (opgelost);≤ 0,45 µg/l (Klasse 1) 0,45 µg/l (Klasse 2) 0,6 µg/l (Klasse 3) 0,9 µg/l (Klasse 4) 1,5 µg/l (Klasse 5);;OW;Oppervlaktewater;CONCTTE;(massa)Concentratie;nf;na filtratie (opgeloste fractie);MAX;Maximum
2357;cadmium (ZZS);7440-43-9;Cd;Milieu;Oppervlaktewater zout;Andere oppervlaktewateren wettelijk JG-MKN (opgelost);0,2;µg/l;OW;Oppervlaktewater;CONCTTE;(massa)Concentratie;nf;na filtratie (opgeloste fractie);JGM;Jaargemiddelde
2358;cadmium (ZZS);7440-43-9;Cd;Milieu;Oppervlaktewater zout;Andere oppervlaktewateren wettelijk MAC-MKN (opgelost);≤ 0,45 µg/l (Klasse 1) 0,45 µg/l (Klasse 2) 0,6 µg/l (Klasse 3) 0,9 µg/l (Klasse 4) 1,5 µg/l (Klasse 5);;OW;Oppervlaktewater;CONCTTE;(massa)Concentratie;nf;na filtratie (opgeloste fractie);MAX;Maximum
2360;cadmium (ZZS);7440-43-9;Cd;Milieu;Oppervlaktewater voor drinkwaterbereiding;Oppervlaktewater voor drinkwaterbereiding (gericht op waterbeheerder);1,5;µg/l;;;;;;;;
2362;cadmium (ZZS);7440-43-9;Cd;Milieu;Oppervlaktewater voor drinkwaterbereiding;Oppervlaktewater voor drinkwaterbereiding (gericht tot het drinkwaterbedrijf);1,5;µg/l;;;;;;;;
2397;cadusafos;95465-99-9;cadsfs;Milieu;Oppervlaktewater zoet;Landoppervlaktewateren Indicatief JG-MKN (opgelost);0,023;µg/l;OW;Oppervlaktewater;CONCTTE;(massa)Concentratie;nf;na filtratie (opgeloste fractie);JGM;Jaargemiddelde
2398;cadusafos;95465-99-9;cadsfs;Milieu;Oppervlaktewater zoet;Landoppervlaktewateren Indicatief MAC-MKN (opgelost);0,023;µg/l;OW;Oppervlaktewater;CONCTTE;(massa)Concentratie;nf;na filtratie (opgeloste fractie);MAX;Maximum
2399;cadusafos;95465-99-9;cadsfs;Milieu;Oppervlaktewater zout;Andere oppervlaktewateren Indicatief JG-MKN (opgelost);2,3E-03;µg/l;OW;Oppervlaktewater;CONCTTE;(massa)Concentratie;nf;na filtratie (opgeloste fractie);JGM;Jaargemiddelde
2400;cadusafos;95465-99-9;cadsfs;Milieu;Oppervlaktewater zout;Andere oppervlaktewateren Indicatief MAC-MKN (opgelost);2,3E-03;µg/l;OW;Oppervlaktewateren;CONCTTE;(massa)Concentratie;nf;na filtratie (opgeloste fractie);MAX;Maximum
2404;captafol (ZZS);2425-06-1;captfl;Milieu;Oppervlaktewater zoet;Landoppervlaktewateren MTR (totaal);28;ng/l;OW;Oppervlaktewater;CONCTTE;(massa)Concentratie;NVT;Niet van toepassing;P90;90-Percentiel
2405;captafol (ZZS);2425-06-1;captfl;Milieu;Oppervlaktewater zoet;Landoppervlaktewateren MTR (opgelost);28;ng/l;OW;Oppervlaktewater;CONCTTE;(massa)Concentratie;nf;na filtratie (opgeloste fractie);P90;90-Percentiel
2406;captafol (ZZS);2425-06-1;captfl;Milieu;Sediment;Sediment MTR (droge stof);3;µg/kg;BS;Bodem/Sediment;MASSFTE;Massafractie;dg;t.o.v. drooggewicht;;
2407;captafol (ZZS);2425-06-1;captfl;Milieu;Oppervlaktewater zoet;log Kp l/kg (zwevend stof);2,38;;OW;Oppervlaktewater;NVT;Niet van toepassing;NVT;Niet van toepassing;NVT;Niet van toepassing
2408;captan;133-06-2;captn;Milieu;Oppervlaktewater zoet;Landoppervlaktewateren wettelijk JG-MKN (totaal);0,34;µg/l;OW;Oppervlaktewater;CONCTTE;(massa)Concentratie;NVT;Niet van toepassing;JGM;Jaargemiddelde
2410;captan;133-06-2;captn;Milieu;Oppervlaktewater zoet;Landoppervlaktewateren wettelijk MAC-MKN (totaal);0,34;µg/l;OW;Oppervlaktewater;CONCTTE;(massa)Concentratie;NVT;Niet van toepassing;MAX;Maximum
2413;captan;133-06-2;captn;Milieu;Oppervlaktewater zoet;log Kp l/kg (zwevend stof);1,06;;OW;Oppervlaktewater;NVT;Niet van toepassing;NVT;Niet van toepassing;NVT;Niet van toepassing
2414;captan;133-06-2;captn;Milieu;Oppervlaktewater zoet;Landoppervlaktewateren JG-MKN (opgelost);0,34;µg/l;OW;Oppervlaktewater;CONCTTE;(massa)Concentratie;nf;na filtratie (opgeloste fractie);JGM;Jaargemiddelde
2415;captan;133-06-2;captn;Milieu;Oppervlaktewater zoet;Landoppervlaktewateren MAC-MKN (opgelost);0,34;µg/l;OW;Oppervlaktewater;CONCTTE;(massa)Concentratie;nf;na filtratie (opgeloste fractie);MAX;Maximum
2418;carbaryl;63-25-2;carbrl;Milieu;Grondwater;Signaleringsparameter  beoordeling grondwatersanering (opgelost);60;µg/l;GW;Grondwater;CONCTTE;(massa)Concentratie;nf;na filtratie;Nee;
2419;carbaryl;63-25-2;carbrl;Milieu;Oppervlaktewater zoet;Landoppervlaktewateren MTR (totaal);230;ng/l;OW;Oppervlaktewater;CONCTTE;(massa)Concentratie;NVT;Niet van toepassing;P90;90-Percentiel
2420;carbaryl;63-25-2;carbrl;Milieu;Oppervlaktewater zoet;Landoppervlaktewateren MTR (opgelost);230;ng/l;OW;Oppervlaktewater;CONCTTE;(massa)Concentratie;nf;na filtratie (opgeloste fractie);P90;90-Percentiel
2421;carbaryl;63-25-2;carbrl;Milieu;Sediment;Sediment MTR (droge stof);3;µg/kg;BS;Bodem/Sediment;MASSFTE;Massafractie;dg;t.o.v. drooggewicht;;
2422;carbaryl;63-25-2;carbrl;Milieu;Oppervlaktewater zoet;log Kp l/kg (zwevend stof);1,33;;OW;Oppervlaktewater;NVT;Niet van toepassing;NVT;Niet van toepassing;NVT;Niet van toepassing
2423;carbaryl;63-25-2;carbrl;Milieu;Grondwater;Standaardwaarden grondwater (inclusief AC) (opgelost);0,002;µg/l;GW;Grondwater;CONCTTE;(massa)Concentratie;nf;na filtratie;Nee;
2447;carbendazim (ZZS);10605-21-7;carbdzm;Milieu;Oppervlaktewater zoet;Landoppervlaktewateren wettelijk JG-MKN (totaal);0,6;µg/l;OW;Oppervlaktewater;CONCTTE;(massa)Concentratie;NVT;Niet van toepassing;JGM;Jaargemiddelde
2449;carbendazim (ZZS);10605-21-7;carbdzm;Milieu;Oppervlaktewater zoet;Landoppervlaktewateren wettelijk MAC-MKN (totaal);0,6;µg/l;OW;Oppervlaktewater;CONCTTE;(massa)Concentratie;NVT;Niet van toepassing;MAX;Maximum
2452;carbendazim (ZZS);10605-21-7;carbdzm;Milieu;Oppervlaktewater zoet;log Kp l/kg (zwevend stof);1,42;;OW;Oppervlaktewater;NVT;Niet van toepassing;NVT;Niet van toepassing;NVT;Niet van toepassing
2453;carbendazim (ZZS);10605-21-7;carbdzm;Milieu;Oppervlaktewater zoet;Landoppervlaktewateren JG-MKN (opgelost);0,6;µg/l;OW;Oppervlaktewater;CONCTTE;(massa)Concentratie;nf;na filtratie (opgeloste fractie);JGM;Jaargemiddelde
2454;carbendazim (ZZS);10605-21-7;carbdzm;Milieu;Oppervlaktewater zoet;Landoppervlaktewateren MAC-MKN (opgelost);0,6;µg/l;OW;Oppervlaktewater;CONCTTE;(massa)Concentratie;nf;na filtratie (opgeloste fractie);MAX;Maximum
2455;carbetamide (ZZS);16118-49-3;carbtAd;Milieu;Oppervlaktewater zoet;Landoppervlaktewateren Indicatief MTR (opgelost);39,1;µg/l;OW;Oppervlaktewater;CONCTTE;(massa)Concentratie;nf;na filtratie (opgeloste fractie);P90;90-Percentiel
2458;carbofenothion;786-19-6;carbfnton;Milieu;Oppervlaktewater zoet;Landoppervlaktewateren Indicatief MTR (opgelost);0,00012;µg/l;OW;Oppervlaktewater;CONCTTE;(massa)Concentratie;nf;na filtratie (opgeloste fractie);P90;90-Percentiel
2460;carbofuran;1563-66-2;carbfrn;Milieu;Grondwater;Signaleringsparameter  beoordeling grondwatersanering (opgelost);100;µg/l;GW;Grondwater;CONCTTE;(massa)Concentratie;nf;na filtratie;Nee;
2461;carbofuran;1563-66-2;carbfrn;Milieu;Oppervlaktewater zoet;Landoppervlaktewateren MTR (totaal);910;ng/l;OW;Oppervlaktewater;CONCTTE;(massa)Concentratie;NVT;Niet van toepassing;P90;90-Percentiel
2462;carbofuran;1563-66-2;carbfrn;Milieu;Oppervlaktewater zoet;Landoppervlaktewateren MTR (opgelost);910;ng/l;OW;Oppervlaktewater;CONCTTE;(massa)Concentratie;nf;na filtratie (opgeloste fractie);P90;90-Percentiel
2463;carbofuran;1563-66-2;carbfrn;Milieu;Sediment;Sediment MTR (droge stof);2;µg/kg;BS;Bodem/Sediment;MASSFTE;Massafractie;dg;t.o.v. drooggewicht;;
2464;carbofuran;1563-66-2;carbfrn;Milieu;Oppervlaktewater zoet;log Kp l/kg (zwevend stof);0,6;;OW;Oppervlaktewater;NVT;Niet van toepassing;NVT;Niet van toepassing;NVT;Niet van toepassing
2465;carbofuran;1563-66-2;carbfrn;Milieu;Grondwater;Standaardwaarden grondwater (inclusief AC) (opgelost);0,009;µg/l;GW;Grondwater;CONCTTE;(massa)Concentratie;nf;na filtratie;Nee;
2489;carbohydrazide;497-18-7;carbhdzde;Milieu;Oppervlaktewater zoet;Landoppervlaktewateren Indicatief MTR (opgelost);0,74;µg/l;OW;Oppervlaktewater;CONCTTE;(massa)Concentratie;nf;na filtratie (opgeloste fractie);P90;90-Percentiel
2503;carbosulfan;55285-14-8;carbsfn;Milieu;Oppervlaktewater zoet;Landoppervlaktewateren Indicatief MTR (opgelost);0,06;µg/l;OW;Oppervlaktewater;CONCTTE;(massa)Concentratie;nf;na filtratie (opgeloste fractie);P90;90-Percentiel
2504;carboxim;5234-68-4;carbOxn;Milieu;Oppervlaktewater zoet;Landoppervlaktewateren Indicatief MTR (opgelost);12;µg/l;OW;Oppervlaktewater;CONCTTE;(massa)Concentratie;nf;na filtratie (opgeloste fractie);P90;90-Percentiel
2506;carfentrazone-ethyl;128639-02-1;carftznC2y;Milieu;Oppervlaktewater zoet;Landoppervlaktewateren Indicatief MTR (opgelost);1,1;µg/l;OW;Oppervlaktewater;CONCTTE;(massa)Concentratie;nf;na filtratie (opgeloste fractie);P90;90-Percentiel
2507;carpropamide;104030-54-8;carppAd;Milieu;Oppervlaktewater zoet;Landoppervlaktewateren Indicatief MTR (opgelost);2;µg/l;OW;Oppervlaktewater;CONCTTE;(massa)Concentratie;nf;na filtratie (opgeloste fractie);P90;90-Percentiel
2508;carvone;99-49-0;carvn;Milieu;Oppervlaktewater zoet;Landoppervlaktewateren Indicatief MTR (opgelost);41;µg/l;OW;Oppervlaktewater;CONCTTE;(massa)Concentratie;nf;na filtratie (opgeloste fractie);P90;90-Percentiel
2509;catechol (ZZS);120-80-9;12DHOxBen;Milieu;Grondwater;Grondwater indicatief niveau voor ernstige verontreiniging (opgelost);1250;µg/l;GW;Grondwater;CONCTTE;(massa)Concentratie;nf;na filtratie;Nee;
2511;catechol (ZZS);120-80-9;12DHOxBen;Milieu;Grondwater;Standaardwaarden grondwater (inclusief AC) (opgelost);0,2;µg/l;GW;Grondwater;CONCTTE;(massa)Concentratie;nf;na filtratie;Nee;
2515;cerium;7440-45-1;Ce;Milieu;Oppervlaktewater zoet;Landoppervlaktewateren MTR (totaal);580;µg/l;OW;Oppervlaktewater;CONCTTE;(massa)Concentratie;NVT;Niet van toepassing;P90;90-Percentiel
2516;cerium;7440-45-1;Ce;Milieu;Oppervlaktewater zout;Andere oppervlaktewateren MTR (totaal);4;µg/l;OW;Oppervlaktewater;CONCTTE;(massa)Concentratie;NVT;Niet van toepassing;P90;90-Percentiel
2517;cerium;7440-45-1;Ce;Milieu;Oppervlaktewater zoet;Landoppervlaktewateren MTR (opgelost);22;µg/l;OW;Oppervlaktewater;CONCTTE;(massa)Concentratie;nf;na filtratie (opgeloste fractie);P90;90-Percentiel
2518;cerium;7440-45-1;Ce;Milieu;Oppervlaktewater zout;Andere oppervlaktewateren MTR (opgelost);0,2;µg/l;OW;Oppervlaktewater;CONCTTE;(massa)Concentratie;nf;na filtratie (opgeloste fractie);P90;90-Percentiel
2519;cerium;7440-45-1;Ce;Milieu;Sediment;Sediment landelijke achtergrondconcentratie (droge stof);70;mg/kg;BS;Bodem/Sediment;MASSFTE;Massafractie;dg;t.o.v. drooggewicht;;
2520;cerium;7440-45-1;Ce;Milieu;Sediment;Sediment landelijke achtergrondconcentratie, andere oppervlaktewateren (droge stof);90;mg/kg;BS;Bodem/Sediment;MASSFTE;Massafractie;dg;t.o.v. drooggewicht;;
2522;cerium;7440-45-1;Ce;Milieu;Sediment;Sediment MTR (droge stof);19000;mg/kg;BS;Bodem/Sediment;MASSFTE;Massafractie;dg;t.o.v. drooggewicht;;
2523;cerium;7440-45-1;Ce;Milieu;Sediment;Sediment MTR andere oppervlaktewateren (droge stof);200;mg/kg;BS;Bodem/Sediment;MASSFTE;Massafractie;dg;t.o.v. drooggewicht;;
2524;cerium;7440-45-1;Ce;Milieu;Oppervlaktewater zoet;log Kp l/kg (zwevend stof);5,93;;OW;Oppervlaktewater;NVT;Niet van toepassing;NVT;Niet van toepassing;NVT;Niet van toepassing
2526;cesium;7440-46-2;Cs;Milieu;Oppervlaktewater zoet;Landoppervlaktewateren achtergrondconcentratie (opgelost);0,03;µg/l;OW;Oppervlaktewater;CONCTTE;(massa)Concentratie;nf;na filtratie (opgeloste fractie);NVT;Niet van toepassing
2528;clofentezine (ZZS);74115-24-5;chloftzn;Milieu;Oppervlaktewater zoet;Landoppervlaktewateren Indicatief MTR (opgelost);0,3;µg/l;OW;Oppervlaktewater;CONCTTE;(massa)Concentratie;nf;na filtratie (opgeloste fractie);P90;90-Percentiel
2542;chlooraceetaldehyde;107-20-0;ClacAh;Milieu;Oppervlaktewater zoet;Landoppervlaktewateren Indicatief MTR (opgelost);8,39E-03;µg/l;OW;Oppervlaktewater;CONCTTE;(massa)Concentratie;nf;na filtratie (opgeloste fractie);P90;90-Percentiel
2554;chlooralhydraat;302-17-0;Clahdt;Milieu;Oppervlaktewater zoet;Landoppervlaktewateren MTR (totaal);500;µg/l;OW;Oppervlaktewater;CONCTTE;(massa)Concentratie;NVT;Niet van toepassing;P90;90-Percentiel
2556;chloorazijnzuur;79-11-8;ClHAc;Milieu;Oppervlaktewater zoet;log Kp l/kg (zwevend stof);0,50;;OW;Oppervlaktewater;NVT;Niet van toepassing;NVT;Niet van toepassing;NVT;Niet van toepassing
2566;chloorazijnzuur;79-11-8;ClHAc;Milieu;Oppervlaktewater zoet;Landoppervlaktewateren JG-MKN (totaal);0,58;µg/l;OW;Oppervlaktewater;CONCTTE;(massa)Concentratie;NVT;Niet van toepassing;JGM;Jaargemiddelde
2567;chloorazijnzuur;79-11-8;ClHAc;Milieu;Oppervlaktewater zoet;Landoppervlaktewateren MAC-MKN (totaal);0,58;µg/l;OW;Oppervlaktewater;CONCTTE;(massa)Concentratie;NVT;Niet van toepassing;MAX;Maximum
2568;chloorazijnzuur;79-11-8;ClHAc;Milieu;Oppervlaktewater zout;Andere oppervlaktewateren MAC-MKN (totaal);0,058;µg/l;OW;Oppervlaktewater;CONCTTE;(massa)Concentratie;NVT;Niet van toepassing;MAX;Maximum
2569;chloorazijnzuur;79-11-8;ClHAc;Milieu;Oppervlaktewater zout;Andere oppervlaktewateren JG-MKN (totaal);0,058;µg/l;OW;Oppervlaktewater;CONCTTE;(massa)Concentratie;NVT;Niet van toepassing;JGM;Jaargemiddelde
2572;ethyl-4,4''-dichloorbenzilaat;510-15-6;C2y44DClbzlt;Milieu;Oppervlaktewater zoet;Landoppervlaktewateren Indicatief MTR (opgelost);0,092;µg/l;OW;Oppervlaktewater;CONCTTE;(massa)Concentratie;nf;na filtratie (opgeloste fractie);P90;90-Percentiel
2573;natriumhypochloriet;7681-52-9;NaOCl;Milieu;Oppervlaktewater zoet;Landoppervlaktewateren Indicatief MTR (opgelost);0,3;µg/l;OW;Oppervlaktewater;CONCTTE;(massa)Concentratie;nf;na filtratie (opgeloste fractie);P90;90-Percentiel
2574;chloorbromuron;13360-45-7;Clbmrn;Milieu;Oppervlaktewater zoet;Landoppervlaktewateren Indicatief MTR (opgelost);1,7;µg/l;OW;Oppervlaktewater;CONCTTE;(massa)Concentratie;nf;na filtratie (opgeloste fractie);P90;90-Percentiel
2575;chloorbufam;1967-16-4;Clbfm;Milieu;Oppervlaktewater zoet;Landoppervlaktewateren Indicatief MTR (opgelost);0,0005;µg/l;OW;Oppervlaktewater;CONCTTE;(massa)Concentratie;nf;na filtratie (opgeloste fractie);P90;90-Percentiel
2577;chloordaan (ZZS);57-74-9;Cldn;Milieu;Grondwater;Signaleringsparameter  beoordeling grondwatersanering (opgelost);0,2;µg/l;GW;Grondwater;CONCTTE;(massa)Concentratie;nf;na filtratie;Nee;
2578;chloordaan (ZZS);57-74-9;Cldn;Milieu;Sediment;Sediment MTR (droge stof);3;µg/kg;BS;Bodem/Sediment;MASSFTE;Massafractie;dg;t.o.v. drooggewicht;;
2580;chloordaan (ZZS);57-74-9;Cldn;Milieu;Oppervlaktewater zoet;Landoppervlaktewateren MTR (totaal);0,002;µg/l;OW;Oppervlaktewater;CONCTTE;(massa)Concentratie;NVT;Niet van toepassing;P90;90-Percentiel
2581;chloordaan (ZZS);57-74-9;Cldn;Milieu;Grondwater;Standaardwaarden grondwater (inclusief AC) (opgelost);0,02;ng/l;GW;Grondwater;CONCTTE;(massa)Concentratie;nf;na filtratie;Nee;
2606;chloordecon (ZZS);143-50-0;cldcne;Milieu;Oppervlaktewater zoet;Landoppervlaktewateren Indicatief MTR (opgelost);8,98E-07;µg/l;OW;Oppervlaktewater;CONCTTE;(massa)Concentratie;nf;na filtratie (opgeloste fractie);P90;90-Percentiel
2620;chloordimethylbenzeen;95-72-7;2Cl14C1yBen;Milieu;Oppervlaktewater zoet;Landoppervlaktewateren Indicatief MTR (opgelost);2,1;µg/l;OW;Oppervlaktewater;CONCTTE;(massa)Concentratie;nf;na filtratie (opgeloste fractie);P90;90-Percentiel
2636;chloorfenapyr (ZZS);122453-73-0;Clfapr;Milieu;Oppervlaktewater zoet;Landoppervlaktewateren Indicatief MTR (opgelost);0,002;µg/l;OW;Oppervlaktewater;CONCTTE;(massa)Concentratie;nf;na filtratie (opgeloste fractie);P90;90-Percentiel
2638;chloorfenson;80-33-1;Clfsn;Milieu;Oppervlaktewater zoet;Landoppervlaktewateren Indicatief MTR (opgelost);0,1;µg/l;OW;Oppervlaktewater;CONCTTE;(massa)Concentratie;nf;na filtratie (opgeloste fractie);P90;90-Percentiel
2639;chloorfenvinfos (ZZS);470-90-6;Clfvfs;Milieu;Oppervlaktewater zoet;Landoppervlaktewateren wettelijk JG-MKN (totaal);0,1;µg/l;OW;Oppervlaktewater;CONCTTE;(massa)Concentratie;NVT;Niet van toepassing;JGM;Jaargemiddelde
2640;chloorfenvinfos (ZZS);470-90-6;Clfvfs;Milieu;Oppervlaktewater zout;Andere oppervlaktewateren wettelijk JG-MKN (totaal);0,1;µg/l;OW;Oppervlaktewater;CONCTTE;(massa)Concentratie;NVT;Niet van toepassing;JGM;Jaargemiddelde
2641;chloorfenvinfos (ZZS);470-90-6;Clfvfs;Milieu;Oppervlaktewater zoet;Landoppervlaktewateren wettelijk MAC-MKN (totaal);0,3;µg/l;OW;Oppervlaktewater;CONCTTE;(massa)Concentratie;NVT;Niet van toepassing;MAX;Maximum
2642;chloorfenvinfos (ZZS);470-90-6;Clfvfs;Milieu;Oppervlaktewater zout;Andere oppervlaktewateren wettelijk MAC-MKN (totaal);0,3;µg/l;OW;Oppervlaktewater;CONCTTE;(massa)Concentratie;NVT;Niet van toepassing;MAX;Maximum
2643;chloorfenvinfos (ZZS);470-90-6;Clfvfs;Milieu;Sediment;Sediment MTR (droge stof);0,06;µg/kg;BS;Bodem/Sediment;MASSFTE;Massafractie;dg;t.o.v. drooggewicht;;
2645;chloorfenvinfos (ZZS);470-90-6;Clfvfs;Milieu;Oppervlaktewater zoet;log Kp l/kg (zwevend stof);2,19;;OW;Oppervlaktewater;NVT;Niet van toepassing;NVT;Niet van toepassing;NVT;Niet van toepassing
2646;chloorfluazuron (ZZS);71422-67-8;Clfazrn;Milieu;Oppervlaktewater zoet;Landoppervlaktewateren Indicatief MTR (opgelost);0,0003;µg/l;OW;Oppervlaktewater;CONCTTE;(massa)Concentratie;nf;na filtratie (opgeloste fractie);P90;90-Percentiel
2649;chloormequat;7003-89-6;clmqat;Milieu;Oppervlaktewater zoet;Landoppervlaktewateren Indicatief MTR (opgelost);500;µg/l;OW;Oppervlaktewater;CONCTTE;(massa)Concentratie;nf;na filtratie (opgeloste fractie);P90;90-Percentiel
2651;benzylchloride (ZZS);100-44-7;benzCl;Milieu;Oppervlaktewater zout;Andere oppervlaktewateren wettelijk JG-MKN (totaal);0,02;µg/l;OW;Oppervlaktewater;CONCTTE;(massa)Concentratie;NVT;Niet van toepassing;JGM;Jaargemiddelde
2662;benzylchloride (ZZS);100-44-7;benzCl;Milieu;Oppervlaktewater zoet;Landoppervlaktewateren wettelijk JG-MKN (totaal);0,02;µg/l;OW;Oppervlaktewater;CONCTTE;(massa)Concentratie;NVT;Niet van toepassing;JGM;Jaargemiddelde
2663;benzylchloride (ZZS);100-44-7;benzCl;Milieu;Oppervlaktewater zoet;Landoppervlaktewateren JG-MKN (opgelost);0,02;µg/l;OW;Oppervlaktewater;CONCTTE;(massa)Concentratie;nf;na filtratie (opgeloste fractie);JGM;Jaargemiddelde
2664;benzylchloride (ZZS);100-44-7;benzCl;Milieu;Oppervlaktewater zout;Andere oppervlaktewateren JG-MKN (opgelost);0,02;µg/l;OW;Oppervlaktewater;CONCTTE;(massa)Concentratie;nf;na filtratie (opgeloste fractie);JGM;Jaargemiddelde
2668;chloorprofam;101-21-3;Clpfm;Milieu;Oppervlaktewater zoet;Landoppervlaktewateren wettelijk MAC-MKN (totaal);43;µg/l;OW;Oppervlaktewater;CONCTTE;(massa)Concentratie;NVT;Niet van toepassing;MAX;Maximum
2669;chloorprofam;101-21-3;Clpfm;Milieu;Oppervlaktewater zout;Andere oppervlaktewateren wettelijk JG-MKN (totaal);0,8;µg/l;OW;Oppervlaktewater;CONCTTE;(massa)Concentratie;NVT;Niet van toepassing;JGM;Jaargemiddelde
2670;chloorprofam;101-21-3;Clpfm;Milieu;Oppervlaktewater zout;Andere oppervlaktewateren wettelijk MAC-MKN (totaal);4,3;µg/l;OW;Oppervlaktewater;CONCTTE;(massa)Concentratie;NVT;Niet van toepassing;MAX;Maximum
2671;chloorprofam;101-21-3;Clpfm;Milieu;Oppervlaktewater zoet;Landoppervlaktewateren wettelijk JG-MKN (totaal);4,0;µg/l;OW;Oppervlaktewater;CONCTTE;(massa)Concentratie;NVT;Niet van toepassing;JGM;Jaargemiddelde
2672;chloorprofam;101-21-3;Clpfm;Milieu;Oppervlaktewater zoet;Landoppervlaktewateren JG-MKN (opgelost);4,0;µg/l;OW;Oppervlaktewater;CONCTTE;(massa)Concentratie;nf;na filtratie (opgeloste fractie);JGM;Jaargemiddelde
2673;chloorprofam;101-21-3;Clpfm;Milieu;Oppervlaktewater zoet;Landoppervlaktewateren MAC-MKN (opgelost);43;µg/l;OW;Oppervlaktewater;CONCTTE;(massa)Concentratie;nf;na filtratie (opgeloste fractie);MAX;Maximum
2674;chloorprofam;101-21-3;Clpfm;Milieu;Oppervlaktewater zout;Andere oppervlaktewateren JG-MKN (opgelost);0,8;µg/l;OW;Oppervlaktewater;CONCTTE;(massa)Concentratie;nf;na filtratie (opgeloste fractie);JGM;Jaargemiddelde
2675;chloorprofam;101-21-3;Clpfm;Milieu;Oppervlaktewater zout;Andere oppervlaktewateren MAC-MKN (opgelost);4,3;µg/l;OW;Oppervlaktewater;CONCTTE;(massa)Concentratie;nf;na filtratie (opgeloste fractie);MAX;Maximum
2679;chloorpyrifos;2921-88-2;C2yClprfs;Milieu;Oppervlaktewater zoet;Landoppervlaktewateren wettelijk JG-MKN (totaal);0,03;µg/l;OW;Oppervlaktewater;CONCTTE;(massa)Concentratie;NVT;Niet van toepassing;JGM;Jaargemiddelde
2680;chloorpyrifos;2921-88-2;C2yClprfs;Milieu;Oppervlaktewater zout;Andere oppervlaktewateren wettelijk JG-MKN (totaal);0,03;µg/l;OW;Oppervlaktewater;CONCTTE;(massa)Concentratie;NVT;Niet van toepassing;JGM;Jaargemiddelde
2681;chloorpyrifos;2921-88-2;C2yClprfs;Milieu;Oppervlaktewater zoet;Landoppervlaktewateren wettelijk MAC-MKN (totaal);0,1;µg/l;OW;Oppervlaktewater;CONCTTE;(massa)Concentratie;NVT;Niet van toepassing;MAX;Maximum
2682;chloorpyrifos;2921-88-2;C2yClprfs;Milieu;Oppervlaktewater zout;Andere oppervlaktewateren wettelijk MAC-MKN (totaal);0,1;µg/l;OW;Oppervlaktewater;CONCTTE;(massa)Concentratie;NVT;Niet van toepassing;MAX;Maximum
2683;chloorpyrifos;2921-88-2;C2yClprfs;Milieu;Sediment;Sediment MTR (droge stof);1;µg/kg;BS;Bodem/Sediment;MASSFTE;Massafractie;dg;t.o.v. drooggewicht;;
2685;chloorpyrifos;2921-88-2;C2yClprfs;Milieu;Oppervlaktewater zoet;log Kp l/kg (zwevend stof);2,88;;OW;Oppervlaktewater;NVT;Niet van toepassing;NVT;Niet van toepassing;NVT;Niet van toepassing
2686;chloorquinebisfosfaat;50-63-5;ClqnDFO4;Milieu;Oppervlaktewater zoet;Landoppervlaktewateren Indicatief MTR (opgelost);5,72E-02;µg/l;OW;Oppervlaktewater;CONCTTE;(massa)Concentratie;nf;na filtratie (opgeloste fractie);P90;90-Percentiel
2689;chloorsulfuron;64902-72-3;Clsfrn;Milieu;Oppervlaktewater zoet;Landoppervlaktewateren Indicatief MTR (opgelost);0,0011;µg/l;OW;Oppervlaktewater;CONCTTE;(massa)Concentratie;nf;na filtratie (opgeloste fractie);P90;90-Percentiel
2690;chloorthaldimethyl;1861-32-1;cltDC1y;Milieu;Oppervlaktewater zoet;Landoppervlaktewateren Indicatief MTR (opgelost);0,05;µg/l;OW;Oppervlaktewater;CONCTTE;(massa)Concentratie;nf;na filtratie (opgeloste fractie);P90;90-Percentiel
2691;chloorthalonil;1897-45-6;Cltlnl;Milieu;Oppervlaktewater zoet;Landoppervlaktewateren JG-MKN (opgelost);0,06;µg/l;OW;Oppervlaktewater;CONCTTE;(massa)Concentratie;nf;na filtratie (opgeloste fractie);JGM;Jaargemiddelde
2692;chloorthalonil;1897-45-6;Cltlnl;Milieu;Sediment;Sediment MTR (droge stof);80;µg/kg;BS;Bodem/Sediment;MASSFTE;Massafractie;dg;t.o.v. drooggewicht;;
2693;chloorthalonil;1897-45-6;Cltlnl;Milieu;Oppervlaktewater zoet;log Kp l/kg (zwevend stof);2,29;;OW;Oppervlaktewater;NVT;Niet van toepassing;NVT;Niet van toepassing;NVT;Niet van toepassing
2695;chloorthiamide;1918-13-4;CltaAd;Milieu;Oppervlaktewater zoet;Landoppervlaktewateren Indicatief MTR (opgelost);11;µg/l;OW;Oppervlaktewater;CONCTTE;(massa)Concentratie;nf;na filtratie (opgeloste fractie);P90;90-Percentiel
2696;chloorthiofos;60238-56-4;cltofs;Milieu;Oppervlaktewater zoet;Landoppervlaktewateren Indicatief MTR (opgelost);1,1e-006;µg/l;OW;Oppervlaktewater;CONCTTE;(massa)Concentratie;nf;na filtratie (opgeloste fractie);P90;90-Percentiel
2697;chloortoluron;15545-48-9;Cltlrn;Milieu;Oppervlaktewater zoet;Landoppervlaktewateren wettelijk JG-MKN (totaal);0,4;µg/l;OW;Oppervlaktewater;CONCTTE;(massa)Concentratie;NVT;Niet van toepassing;JGM;Jaargemiddelde
2698;chloortoluron;15545-48-9;Cltlrn;Milieu;Oppervlaktewater zout;Andere oppervlaktewateren wettelijk JG-MKN (totaal);0,04;µg/l;OW;Oppervlaktewater;CONCTTE;(massa)Concentratie;NVT;Niet van toepassing;JGM;Jaargemiddelde
2699;chloortoluron;15545-48-9;Cltlrn;Milieu;Oppervlaktewater zoet;Landoppervlaktewateren wettelijk MAC-MKN (totaal);2,3;µg/l;OW;Oppervlaktewater;CONCTTE;(massa)Concentratie;NVT;Niet van toepassing;MAX;Maximum
2700;chloortoluron;15545-48-9;Cltlrn;Milieu;Oppervlaktewater zout;Andere oppervlaktewateren wettelijk MAC-MKN (totaal);0,23;µg/l;OW;Oppervlaktewater;CONCTTE;(massa)Concentratie;NVT;Niet van toepassing;MAX;Maximum
2702;chloortoluron;15545-48-9;Cltlrn;Milieu;Oppervlaktewater zoet;Landoppervlaktewateren JG-MKN (opgelost);0,4;µg/l;OW;Oppervlaktewater;CONCTTE;(massa)Concentratie;nf;na filtratie (opgeloste fractie);JGM;Jaargemiddelde
2703;chloortoluron;15545-48-9;Cltlrn;Milieu;Oppervlaktewater zoet;Landoppervlaktewateren MAC-MKN (opgelost);2,3;µg/l;OW;Oppervlaktewater;CONCTTE;(massa)Concentratie;nf;na filtratie (opgeloste fractie);MAX;Maximum
2704;chloortoluron;15545-48-9;Cltlrn;Milieu;Oppervlaktewater zout;Andere oppervlaktewateren JG-MKN (opgelost);0,04;µg/l;OW;Oppervlaktewater;CONCTTE;(massa)Concentratie;nf;na filtratie (opgeloste fractie);JGM;Jaargemiddelde
2705;chloortoluron;15545-48-9;Cltlrn;Milieu;Oppervlaktewater zout;Andere oppervlaktewateren MAC-MKN (opgelost);0,23;µg/l;OW;Oppervlaktewater;CONCTTE;(massa)Concentratie;nf;na filtratie (opgeloste fractie);MAX;Maximum
2706;chloortrimethylbenzeen;1667-04-5;ClTC1yBen;Milieu;Oppervlaktewater zoet;Landoppervlaktewateren Indicatief MTR (opgelost);0,3;µg/l;OW;Oppervlaktewater;CONCTTE;(massa)Concentratie;nf;na filtratie (opgeloste fractie);P90;90-Percentiel
2708;chloraat;14866-68-3;ClO3;Milieu;Oppervlaktewater zoet;Landoppervlaktewateren Indicatief MTR (opgelost);1420;µg/l;OW;Oppervlaktewater;CONCTTE;(massa)Concentratie;nf;na filtratie (opgeloste fractie);P90;90-Percentiel
2711;chlorantraniliprole;500008-45-7;chloratnlpl;Milieu;Oppervlaktewater zoet;Landoppervlaktewateren JG-MKN (opgelost);0,195;µg/l;OW;Oppervlaktewater;CONCTTE;(massa)Concentratie;nf;na filtratie (opgeloste fractie);JGM;Jaargemiddelde
2712;chlorantraniliprole;500008-45-7;chloratnlpl;Milieu;Oppervlaktewater zoet;Landoppervlaktewateren MAC-MKN (opgelost);0,97;µg/l;OW;Oppervlaktewater;CONCTTE;(massa)Concentratie;nf;na filtratie (opgeloste fractie);MAX;Maximum
2713;chloridazon;1698-60-8;Clidzn;Milieu;Oppervlaktewater zoet;Landoppervlaktewateren wettelijk JG-MKN (totaal);27;µg/l;OW;Oppervlaktewater;CONCTTE;(massa)Concentratie;NVT;Niet van toepassing;JGM;Jaargemiddelde
2714;chloridazon;1698-60-8;Clidzn;Milieu;Oppervlaktewater zoet;Landoppervlaktewateren wettelijk MAC-MKN (totaal);190;µg/l;OW;Oppervlaktewater;CONCTTE;(massa)Concentratie;NVT;Niet van toepassing;MAX;Maximum
2715;chloridazon;1698-60-8;Clidzn;Milieu;Sediment;Sediment MTR (droge stof);350;µg/kg;BS;Bodem/Sediment;MASSFTE;Massafractie;dg;t.o.v. drooggewicht;;
2716;chloridazon;1698-60-8;Clidzn;Milieu;Oppervlaktewater zoet;log Kp l/kg (zwevend stof);0,98;;OW;Oppervlaktewater;NVT;Niet van toepassing;NVT;Niet van toepassing;NVT;Niet van toepassing
2717;chloridazon;1698-60-8;Clidzn;Milieu;Oppervlaktewater zoet;Landoppervlaktewateren JG-MKN (opgelost);27;µg/l;OW;Oppervlaktewater;CONCTTE;(massa)Concentratie;nf;na filtratie (opgeloste fractie);JGM;Jaargemiddelde
2718;chloridazon;1698-60-8;Clidzn;Milieu;Oppervlaktewater zoet;Landoppervlaktewateren MAC-MKN (opgelost);190;µg/l;OW;Oppervlaktewater;CONCTTE;(massa)Concentratie;nf;na filtratie (opgeloste fractie);MAX;Maximum
2721;chloride;16887-00-6;Cl;Milieu;Oppervlaktewater zoet;Landoppervlaktewateren MTR (opgelost);200;mg/l;OW;Oppervlaktewater;CONCTTE;(massa)Concentratie;nf;na filtratie (opgeloste fractie);P90;90-Percentiel
2722;chloride;16887-00-6;Cl;Milieu;Grondwater;Omgevingswaarde voor krw-verontreinigende stoffen nationaal (opgelost);160;mg/l;;;;;;;;
2723;chloride;16887-00-6;Cl;Milieu;Oppervlaktewater voor drinkwaterbereiding;Oppervlaktewater voor drinkwaterbereiding (gericht op waterbeheerder);150;mg/l;;;;;;;;
2724;chloride;16887-00-6;Cl;Milieu;Oppervlaktewater voor drinkwaterbereiding;Oppervlaktewater voor drinkwaterbereiding (gericht tot het drinkwaterbedrijf);150;mg/l;;;;;;;;
2726;chloride;16887-00-6;Cl;Milieu;Grondwater;Standaardwaarden grondwater (inclusief AC) (opgelost);100;mg/l;GW;Grondwater;CONCTTE;(massa)Concentratie;nf;na filtratie;Nee;
2750;chlorofyl-a;479-61-8;CHLFa;Milieu;Oppervlaktewater zoet;Landoppervlaktewateren MTR (totaal);100;µg/l;OW;Oppervlaktewater;CONCTTE;(massa)Concentratie;NVT;Niet van toepassing;P90;90-Percentiel
2752;chloropreen (ZZS);126-99-8;Clpn;Milieu;Oppervlaktewater zoet;log Kp l/kg (zwevend stof);0,92;;OW;Oppervlaktewater;NVT;Niet van toepassing;NVT;Niet van toepassing;NVT;Niet van toepassing
2756;chloropreen (ZZS);126-99-8;Clpn;Milieu;Oppervlaktewater zoet;Landoppervlaktewateren MAC-MKN (opgelost);0,19;µg/l;OW;Oppervlaktewater;CONCTTE;(massa)Concentratie;nf;na filtratie (opgeloste fractie);MAX;Maximum
2757;chloropreen (ZZS);126-99-8;Clpn;Milieu;Oppervlaktewater zout;Andere oppervlaktewateren MAC-MKN (opgelost);0,19;µg/l;OW;Oppervlaktewater;CONCTTE;(massa)Concentratie;nf;na filtratie (opgeloste fractie);MAX;Maximum
2766;chlooroxuron;1982-47-4;Cloxrn;Milieu;Oppervlaktewater zoet;Landoppervlaktewateren Indicatief MTR (opgelost);0,12;µg/l;OW;Oppervlaktewater;CONCTTE;(massa)Concentratie;nf;na filtratie (opgeloste fractie);P90;90-Percentiel
2768;chlooroxynil;1891-95-8;ClOxnl;Milieu;Oppervlaktewater zoet;Landoppervlaktewateren Indicatief MTR (opgelost);2,43;µg/l;OW;Oppervlaktewater;CONCTTE;(massa)Concentratie;nf;na filtratie (opgeloste fractie);P90;90-Percentiel
2769;chloorpyrifos-methyl;5598-13-0;C1yClprfs;Milieu;Oppervlaktewater zoet;Landoppervlaktewateren Indicatief MTR (opgelost);0,0002;µg/l;OW;Oppervlaktewater;CONCTTE;(massa)Concentratie;nf;na filtratie (opgeloste fractie);P90;90-Percentiel
2770;chloorpyrifos-methyl;5598-13-0;C1yClprfs;Milieu;Sediment;Sediment Indicatief MTR (droge stof);0,036;µg/kg;BS;Bodem/Sediment;MASSFTE;Massafractie;dg;t.o.v. drooggewicht;;
2772;chlozolinaat;72391-46-9;chlozlnt;Milieu;Oppervlaktewater zoet;Landoppervlaktewateren Indicatief MTR (opgelost);1,2;µg/l;OW;Oppervlaktewater;CONCTTE;(massa)Concentratie;nf;na filtratie (opgeloste fractie);P90;90-Percentiel
2775;chroom;7440-47-3;Cr;Milieu;Grondwater;Grondwater streefwaarde ondiep (opgelost);1;µg/l;GW;Grondwater;CONCTTE;(massa)Concentratie;nf;na filtratie;Nee;
2776;chroom;7440-47-3;Cr;Milieu;Grondwater;Grondwater diep landelijke achtergrondconcentratie (AC) (opgelost);2,4;µg/l;GW;Grondwater;CONCTTE;(massa)Concentratie;nf;na filtratie;Nee;
2777;chroom;7440-47-3;Cr;Milieu;Grondwater;Standaardwaarden grondwater (inclusief AC) (opgelost);2,5;µg/l;GW;Grondwater;CONCTTE;(massa)Concentratie;nf;na filtratie;Nee;
2778;chroom;7440-47-3;Cr;Milieu;Grondwater;Signaleringsparameter  beoordeling grondwatersanering (opgelost);30;µg/l;GW;Grondwater;CONCTTE;(massa)Concentratie;nf;na filtratie;Nee;
2782;chroom;7440-47-3;Cr;Milieu;Oppervlaktewater zoet;Landoppervlaktewateren achtergrondconcentratie (opgelost);0,2;µg/l;OW;Oppervlaktewater;CONCTTE;(massa)Concentratie;nf;na filtratie (opgeloste fractie);NVT;Niet van toepassing
2783;chroom;7440-47-3;Cr;Milieu;Sediment;Sediment MTR (droge stof);380;mg/kg;BS;Bodem/Sediment;MASSFTE;Massafractie;dg;t.o.v. drooggewicht;;
2784;chroom;7440-47-3;Cr;Milieu;Oppervlaktewater zoet;Landoppervlaktewateren wettelijk JG-MKN (opgelost);3,4;µg/l;OW;Oppervlaktewater;CONCTTE;(massa)Concentratie;nf;na filtratie (opgeloste fractie);JGM;Jaargemiddelde
2787;chroom;7440-47-3;Cr;Milieu;Oppervlaktewater zoet;log Kp l/kg (zwevend stof);5,46;;OW;Oppervlaktewater;NVT;Niet van toepassing;NVT;Niet van toepassing;NVT;Niet van toepassing
2788;chroom;7440-47-3;Cr;Milieu;Oppervlaktewater zout;Andere oppervlaktewateren wettelijk JG-MKN (opgelost);0,6;µg/l;OW;Oppervlaktewater;CONCTTE;(massa)Concentratie;nf;na filtratie (opgeloste fractie);JGM;Jaargemiddelde
2789;chroom;7440-47-3;Cr;Milieu;Oppervlaktewater voor drinkwaterbereiding;Oppervlaktewater voor drinkwaterbereiding (gericht op waterbeheerder);20;µg/l;;;;;;;;
2791;chroom;7440-47-3;Cr;Milieu;Oppervlaktewater voor drinkwaterbereiding;Oppervlaktewater voor drinkwaterbereiding (gericht tot het drinkwaterbedrijf);20;µg/l;;;;;;;;
2831;chryseen (ZZS);218-01-9;Chr;Milieu;Grondwater;Signaleringsparameter  beoordeling grondwatersanering (opgelost);0,2;µg/l;GW;Grondwater;CONCTTE;(massa)Concentratie;nf;na filtratie;Nee;
2832;chryseen (ZZS);218-01-9;Chr;Milieu;Sediment;Sediment MTR (droge stof);11;mg/kg;BS;Bodem/Sediment;MASSFTE;Massafractie;dg;t.o.v. drooggewicht;;
2833;chryseen (ZZS);218-01-9;Chr;Milieu;Oppervlaktewater zoet;log Kp l/kg (zwevend stof);4,8;;OW;Oppervlaktewater;NVT;Niet van toepassing;NVT;Niet van toepassing;NVT;Niet van toepassing
2834;chryseen (ZZS);218-01-9;Chr;Milieu;Oppervlaktewater zoet;Landoppervlaktewateren wettelijk MAC-MKN (totaal);0,17;µg/l;OW;Oppervlaktewater;CONCTTE;(massa)Concentratie;NVT;Niet van toepassing;MAX;Maximum
2835;chryseen (ZZS);218-01-9;Chr;Milieu;Oppervlaktewater zout;Andere oppervlaktewateren wettelijk JG-MKN (totaal);0,0014;µg/l;OW;Oppervlaktewater;CONCTTE;(massa)Concentratie;NVT;Niet van toepassing;JGM;Jaargemiddelde
2836;chryseen (ZZS);218-01-9;Chr;Milieu;Oppervlaktewater zout;Andere oppervlaktewateren wettelijk MAC-MKN (totaal);0,008;µg/l;OW;Oppervlaktewater;CONCTTE;(massa)Concentratie;NVT;Niet van toepassing;MAX;Maximum
2838;chryseen (ZZS);218-01-9;Chr;Milieu;Oppervlaktewater zoet;Landoppervlaktewateren wettelijk JG-MKN (totaal);0,0029;µg/l;OW;Oppervlaktewater;CONCTTE;(massa)Concentratie;NVT;Niet van toepassing;JGM;Jaargemiddelde
2840;chryseen (ZZS);218-01-9;Chr;Milieu;Oppervlaktewater zoet;Landoppervlaktewateren JG-MKN (opgelost);0,0012;µg/l;OW;Oppervlaktewater;CONCTTE;(massa)Concentratie;nf;na filtratie (opgeloste fractie);JGM;Jaargemiddelde
2841;chryseen (ZZS);218-01-9;Chr;Milieu;Oppervlaktewater zoet;Landoppervlaktewateren MAC-MKN (opgelost);0,07;µg/l;OW;Oppervlaktewater;CONCTTE;(massa)Concentratie;nf;na filtratie (opgeloste fractie);MAX;Maximum
2842;chryseen (ZZS);218-01-9;Chr;Milieu;Oppervlaktewater zout;Andere oppervlaktewateren JG-MKN (opgelost);0,0012;µg/l;OW;Oppervlaktewater;CONCTTE;(massa)Concentratie;nf;na filtratie (opgeloste fractie);JGM;Jaargemiddelde
2843;chryseen (ZZS);218-01-9;Chr;Milieu;Oppervlaktewater zout;Andere oppervlaktewateren MAC-MKN (opgelost);0,007;µg/l;OW;Oppervlaktewater;CONCTTE;(massa)Concentratie;nf;na filtratie (opgeloste fractie);MAX;Maximum
2845;chryseen (ZZS);218-01-9;Chr;Milieu;Grondwater;Standaardwaarden grondwater (inclusief AC) (opgelost);0,003;µg/l;GW;Grondwater;CONCTTE;(massa)Concentratie;nf;na filtratie;Nee;
2870;cinidon-ethyl;142891-20-1;cindnC2y;Milieu;Oppervlaktewater zoet;Landoppervlaktewateren Indicatief MTR (opgelost);1,1;µg/l;OW;Oppervlaktewater;CONCTTE;(massa)Concentratie;nf;na filtratie (opgeloste fractie);P90;90-Percentiel
2871;cinnamaldehyde;104-55-2;cinnAh;Milieu;Oppervlaktewater zoet;Landoppervlaktewateren Indicatief MTR (opgelost);3;µg/l;OW;Oppervlaktewater;CONCTTE;(massa)Concentratie;nf;na filtratie (opgeloste fractie);P90;90-Percentiel
2872;cinnamaldehyde;104-55-2;cinnAh;Milieu;Sediment;Sediment Indicatief MTR (droge stof);24,5;µg/kg;BS;Bodem/Sediment;MASSFTE;Massafractie;dg;t.o.v. drooggewicht;;
2875;citral;5392-40-5;citl;Milieu;Oppervlaktewater zoet;Landoppervlaktewateren Indicatief MTR (opgelost);10;µg/l;OW;Oppervlaktewater;CONCTTE;(massa)Concentratie;nf;na filtratie (opgeloste fractie);P90;90-Percentiel
2876;citral;5392-40-5;citl;Milieu;Sediment;Sediment Indicatief MTR (droge stof);230;µg/kg;BS;Bodem/Sediment;MASSFTE;Massafractie;dg;t.o.v. drooggewicht;;
2878;citronellol;106-22-9;citnll;Milieu;Oppervlaktewater zoet;Landoppervlaktewateren Indicatief MTR (opgelost);3,05;µg/l;OW;Oppervlaktewater;CONCTTE;(massa)Concentratie;nf;na filtratie (opgeloste fractie);P90;90-Percentiel
2879;citronellol;106-22-9;citnll;Milieu;Sediment;Sediment Indicatief MTR (droge stof);208;µg/kg;BS;Bodem/Sediment;MASSFTE;Massafractie;dg;t.o.v. drooggewicht;;
2881;clodinafop-propargyl;105512-06-9;clodnfppgl;Milieu;Oppervlaktewater zoet;Landoppervlaktewateren Indicatief MTR (opgelost);0,39;µg/l;OW;Oppervlaktewater;CONCTTE;(massa)Concentratie;nf;na filtratie (opgeloste fractie);P90;90-Percentiel
2882;clofibrinezuur;882-09-7;clofbnzr;Milieu;Oppervlaktewater zoet;Landoppervlaktewateren Indicatief MTR (opgelost);29;µg/l;OW;Oppervlaktewater;CONCTTE;(massa)Concentratie;nf;na filtratie (opgeloste fractie);P90;90-Percentiel
2883;clomazon;81777-89-1;clomzn;Milieu;Oppervlaktewater zoet;Landoppervlaktewateren Indicatief MTR (opgelost);0,56;µg/l;OW;Oppervlaktewater;CONCTTE;(massa)Concentratie;nf;na filtratie (opgeloste fractie);P90;90-Percentiel
2884;clomazon;81777-89-1;clomzn;Milieu;Sediment;Sediment Indicatief MTR (droge stof);8,1;µg/kg;BS;Bodem/Sediment;MASSFTE;Massafractie;dg;t.o.v. drooggewicht;;
2886;clopyralid;1702-17-6;cloprld;Milieu;Oppervlaktewater zoet;Landoppervlaktewateren Indicatief MTR (opgelost);75;µg/l;OW;Oppervlaktewater;CONCTTE;(massa)Concentratie;nf;na filtratie (opgeloste fractie);P90;90-Percentiel
2887;cloquintoceet-mexyl;99607-70-2;cloqtcmxl;Milieu;Oppervlaktewater zoet;Landoppervlaktewateren Indicatief MTR (opgelost);0,038;µg/l;OW;Oppervlaktewater;CONCTTE;(massa)Concentratie;nf;na filtratie (opgeloste fractie);P90;90-Percentiel
2888;clothianidine;210880-92-5;clotandne;Milieu;Oppervlaktewater zoet;Landoppervlaktewateren Indicatief MTR (opgelost);14;µg/l;OW;Oppervlaktewater;CONCTTE;(massa)Concentratie;nf;na filtratie (opgeloste fractie);P90;90-Percentiel
2889;clotrimazol (ZZS);23593-75-1;clotmzl;Milieu;Oppervlaktewater zoet;Landoppervlaktewateren Indicatief MTR (opgelost);1,87E-02;µg/l;OW;Oppervlaktewater;CONCTTE;(massa)Concentratie;nf;na filtratie (opgeloste fractie);P90;90-Percentiel
2892;codlemon;33956-49-9;codlmn;Milieu;Oppervlaktewater zoet;Landoppervlaktewateren Indicatief MTR (opgelost);0,32;µg/l;OW;Oppervlaktewater;CONCTTE;(massa)Concentratie;nf;na filtratie (opgeloste fractie);P90;90-Percentiel
2893;crimidine;535-89-7;crimdne;Milieu;Oppervlaktewater zoet;Landoppervlaktewateren Indicatief MTR (opgelost);0,00567;µg/l;OW;Oppervlaktewater;CONCTTE;(massa)Concentratie;nf;na filtratie (opgeloste fractie);P90;90-Percentiel
2897;crufomaat;299-86-5;crfmt;Milieu;Oppervlaktewater zoet;Landoppervlaktewateren Indicatief MTR (opgelost);0,08;µg/l;OW;Oppervlaktewater;CONCTTE;(massa)Concentratie;nf;na filtratie (opgeloste fractie);P90;90-Percentiel
2899;cumafos;56-72-4;cumfs;Milieu;Oppervlaktewater zoet;log Kp l/kg (zwevend stof);2,67-3,17;;OW;Oppervlaktewater;NVT;Niet van toepassing;NVT;Niet van toepassing;NVT;Niet van toepassing
2900;cumafos;56-72-4;cumfs;Milieu;Oppervlaktewater zoet;Landoppervlaktewateren JG-MKN (totaal);3,4;ng/l;OW;Oppervlaktewater;CONCTTE;(massa)Concentratie;NVT;Niet van toepassing;JGM;Jaargemiddelde
2901;cumafos;56-72-4;cumfs;Milieu;Oppervlaktewater zoet;Landoppervlaktewateren MAC-MKN (totaal);3,4;ng/l;OW;Oppervlaktewater;CONCTTE;(massa)Concentratie;NVT;Niet van toepassing;MAX;Maximum
2902;cumafos;56-72-4;cumfs;Milieu;Oppervlaktewater zout;Andere oppervlaktewateren JG-MKN (totaal);0,68;ng/l;OW;Oppervlaktewater;CONCTTE;(massa)Concentratie;NVT;Niet van toepassing;JGM;Jaargemiddelde
2903;cumafos;56-72-4;cumfs;Milieu;Oppervlaktewater zout;Andere oppervlaktewateren MAC-MKN (totaal);0,68;ng/l;OW;Oppervlaktewater;CONCTTE;(massa)Concentratie;NVT;Niet van toepassing;MAX;Maximum
2906;cumeen (ZZS);98-82-8;cumn;Milieu;Oppervlaktewater zoet;Landoppervlaktewateren JG-MKN (totaal);22;µg/l;OW;Oppervlaktewater;CONCTTE;(massa)Concentratie;NVT;Niet van toepassing;JGM;Jaargemiddelde
2907;cumeen (ZZS);98-82-8;cumn;Milieu;Oppervlaktewater zout;Andere oppervlaktewateren JG-MKN (totaal);2,2;µg/l;OW;Oppervlaktewater;CONCTTE;(massa)Concentratie;NVT;Niet van toepassing;JGM;Jaargemiddelde
2908;cumeen (ZZS);98-82-8;cumn;Milieu;Oppervlaktewater zoet;Landoppervlaktewateren MAC-MKN (totaal);22;µg/l;OW;Oppervlaktewater;CONCTTE;(massa)Concentratie;NVT;Niet van toepassing;MAX;Maximum
2909;cumeen (ZZS);98-82-8;cumn;Milieu;Oppervlaktewater zout;Andere oppervlaktewateren MAC-MKN (totaal);2,2;µg/l;OW;Oppervlaktewater;CONCTTE;(massa)Concentratie;NVT;Niet van toepassing;MAX;Maximum
2912;cumeen (ZZS);98-82-8;cumn;Milieu;Oppervlaktewater zoet;log Kp l/kg (zwevend stof);2,02;;OW;Oppervlaktewater;NVT;Niet van toepassing;NVT;Niet van toepassing;NVT;Niet van toepassing
2949;cyanuurchloride;108-77-0;CNuzCl;Milieu;Oppervlaktewater zoet;Landoppervlaktewateren MTR (totaal);0,1;µg/l;OW;Oppervlaktewater;CONCTTE;(massa)Concentratie;NVT;Niet van toepassing;P90;90-Percentiel
2953;cyanazine;21725-46-2;CNazne;Milieu;Oppervlaktewater zoet;Landoppervlaktewateren MTR (totaal);190;ng/l;OW;Oppervlaktewater;CONCTTE;(massa)Concentratie;NVT;Niet van toepassing;P90;90-Percentiel
2954;cyanazine;21725-46-2;CNazne;Milieu;Oppervlaktewater zoet;Landoppervlaktewateren MTR (opgelost);190;ng/l;OW;Oppervlaktewater;CONCTTE;(massa)Concentratie;nf;na filtratie (opgeloste fractie);P90;90-Percentiel
2955;cyanazine;21725-46-2;CNazne;Milieu;Sediment;Sediment MTR (droge stof);2;µg/kg;BS;Bodem/Sediment;MASSFTE;Massafractie;dg;t.o.v. drooggewicht;;
2956;cyanazine;21725-46-2;CNazne;Milieu;Oppervlaktewater zoet;log Kp l/kg (zwevend stof);1,33;;OW;Oppervlaktewater;NVT;Niet van toepassing;NVT;Niet van toepassing;NVT;Niet van toepassing
2958;cyanide;57-12-5;CN;Milieu;Grondwater;Signaleringsparameter  beoordeling grondwatersanering (opgelost);1500;µg/l;GW;Grondwater;CONCTTE;(massa)Concentratie;nf;na filtratie;Nee;
2960;cyanide;57-12-5;CN;Milieu;Oppervlaktewater voor drinkwaterbereiding;Oppervlaktewater voor drinkwaterbereiding (gericht op waterbeheerder);50;µg/l;;;;;;;;
2961;cyanide;57-12-5;CN;Milieu;Oppervlaktewater voor drinkwaterbereiding;Oppervlaktewater voor drinkwaterbereiding (gericht tot het drinkwaterbedrijf);50;µg/l;;;;;;;;
2962;cyanide;57-12-5;CN;Milieu;Grondwater;Standaardwaarden grondwater (inclusief AC) (opgelost);5;µg/l;GW;Grondwater;CONCTTE;(massa)Concentratie;nf;na filtratie;Nee;
2987;cyanofenfos;13067-93-1;cyanffs;Milieu;Oppervlaktewater zoet;Landoppervlaktewateren Indicatief MTR (opgelost);0,066;µg/l;OW;Oppervlaktewater;CONCTTE;(massa)Concentratie;nf;na filtratie (opgeloste fractie);P90;90-Percentiel
2988;cyanofos;2636-26-2;cyanfs;Milieu;Oppervlaktewater zoet;Landoppervlaktewateren Indicatief MTR (opgelost);0,013;µg/l;OW;Oppervlaktewater;CONCTTE;(massa)Concentratie;nf;na filtratie (opgeloste fractie);P90;90-Percentiel
2989;cyazofamide;120116-88-3;cyazfAd;Milieu;Oppervlaktewater zoet;Landoppervlaktewateren Indicatief MTR (opgelost);0,13;µg/l;OW;Oppervlaktewater;CONCTTE;(massa)Concentratie;nf;na filtratie (opgeloste fractie);P90;90-Percentiel
2992;cyclanilide;113136-77-9;cycnlde;Milieu;Oppervlaktewater zoet;Landoppervlaktewateren Indicatief MTR (opgelost);4,4;µg/l;OW;Oppervlaktewater;CONCTTE;(massa)Concentratie;nf;na filtratie (opgeloste fractie);P90;90-Percentiel
2993;cycloaat;1134-23-2;cycat;Milieu;Oppervlaktewater zoet;Landoppervlaktewateren Indicatief MTR (opgelost);0,25;µg/l;OW;Oppervlaktewater;CONCTTE;(massa)Concentratie;nf;na filtratie (opgeloste fractie);P90;90-Percentiel
2994;cyclododecaan (ZZS);294-62-2;cycC12a;Milieu;Oppervlaktewater zoet;Landoppervlaktewateren Indicatief MTR (opgelost);3,08E-04;µg/l;OW;Oppervlaktewater;CONCTTE;(massa)Concentratie;nf;na filtratie (opgeloste fractie);P90;90-Percentiel
2998;cyclohexaan;110-82-7;cycC6a;Milieu;Oppervlaktewater zoet;Landoppervlaktewateren Indicatief MTR (opgelost);1,2;µg/l;OW;Oppervlaktewater;CONCTTE;(massa)Concentratie;nf;na filtratie (opgeloste fractie);P90;90-Percentiel
3005;cyclohexanon;108-94-1;cycC6on;Milieu;Grondwater;Signaleringsparameter  beoordeling grondwatersanering (opgelost);15000;µg/l;GW;Grondwater;CONCTTE;(massa)Concentratie;nf;na filtratie;Nee;
3013;cyclohexanon;108-94-1;cycC6on;Milieu;Grondwater;Standaardwaarden grondwater (inclusief AC) (opgelost);0,5;µg/l;GW;Grondwater;CONCTTE;(massa)Concentratie;nf;na filtratie;Nee;
3038;cyhalofop-butyl;122008-85-9;cyhlfC4y;Milieu;Oppervlaktewater zoet;Landoppervlaktewateren Indicatief MTR (opgelost);0,79;µg/l;OW;Oppervlaktewater;CONCTTE;(massa)Concentratie;nf;na filtratie (opgeloste fractie);P90;90-Percentiel
3039;cyhexatin (ZZS);13121-70-5;cyhxtn;Milieu;Oppervlaktewater zoet;Landoppervlaktewateren Indicatief MTR (opgelost);0,0002;µg/l;OW;Oppervlaktewater;CONCTTE;(massa)Concentratie;nf;na filtratie (opgeloste fractie);P90;90-Percentiel
3040;cymiazool;61676-87-7;cymazl;Milieu;Oppervlaktewater zoet;Landoppervlaktewateren Indicatief JG-MKN (opgelost);0,046;µg/l;OW;Oppervlaktewater;CONCTTE;(massa)Concentratie;nf;na filtratie (opgeloste fractie);JGM;Jaargemiddelde
3041;cymiazool;61676-87-7;cymazl;Milieu;Oppervlaktewater zoet;Landoppervlaktewateren Indicatief MAC-MKN (opgelost);12;µg/l;OW;Oppervlaktewater;CONCTTE;(massa)Concentratie;nf;na filtratie (opgeloste fractie);MAX;Maximum
3042;cymiazool;61676-87-7;cymazl;Milieu;Oppervlaktewater zout;Andere oppervlaktewateren Indicatief JG-MKN (opgelost);0,046;µg/l;OW;Oppervlaktewater;CONCTTE;(massa)Concentratie;nf;na filtratie (opgeloste fractie);JGM;Jaargemiddelde
3043;cymiazool;61676-87-7;cymazl;Milieu;Oppervlaktewater zout;Andere oppervlaktewateren Indicatief MAC-MKN (opgelost);1,2;µg/l;OW;Oppervlaktewateren;CONCTTE;(massa)Concentratie;nf;na filtratie (opgeloste fractie);MAX;Maximum
3044;cymoxanil;57966-95-7;cymOanl;Milieu;Oppervlaktewater zoet;Landoppervlaktewateren Indicatief MTR (opgelost);1,5;µg/l;OW;Oppervlaktewater;CONCTTE;(massa)Concentratie;nf;na filtratie (opgeloste fractie);P90;90-Percentiel
3045;cypermethrin;52315-07-8;cypmtn;Milieu;Sediment;Sediment MTR (droge stof);0,4;µg/kg;BS;Bodem/Sediment;MASSFTE;Massafractie;dg;t.o.v. drooggewicht;;
3046;cypermethrin;52315-07-8;cypmtn;Milieu;Oppervlaktewater zoet;log Kp l/kg (zwevend stof);3,94;;OW;Oppervlaktewater;NVT;Niet van toepassing;NVT;Niet van toepassing;NVT;Niet van toepassing
3047;cypermethrin;52315-07-8;cypmtn;Milieu;Oppervlaktewater zoet;Landoppervlaktewateren wettelijk JG-MKN (totaal);8E-05;µg/l;OW;Oppervlaktewater;CONCTTE;(massa)Concentratie;NVT;Niet van toepassing;JGM;Jaargemiddelde
3048;cypermethrin;52315-07-8;cypmtn;Milieu;Oppervlaktewater zoet;Landoppervlaktewateren wettelijk MAC-MKN (totaal);6E-04;µg/l;OW;Oppervlaktewater;CONCTTE;(massa)Concentratie;NVT;Niet van toepassing;MAX;Maximum
3049;cypermethrin;52315-07-8;cypmtn;Milieu;Oppervlaktewater zout;Andere oppervlaktewateren wettelijk JG-MKN (totaal);8E-06;µg/l;OW;Oppervlaktewater;CONCTTE;(massa)Concentratie;NVT;Niet van toepassing;JGM;Jaargemiddelde
3050;cypermethrin;52315-07-8;cypmtn;Milieu;Oppervlaktewater zout;Andere oppervlaktewateren wettelijk MAC-MKN (totaal);6E-05;µg/l;OW;Oppervlaktewater;CONCTTE;(massa)Concentratie;NVT;Niet van toepassing;MAX;Maximum
3051;cyproconazool (ZZS);94361-06-5;cypcnzl;Milieu;Oppervlaktewater zoet;Landoppervlaktewateren Indicatief MTR (opgelost);1,5;µg/l;OW;Oppervlaktewater;CONCTTE;(massa)Concentratie;nf;na filtratie (opgeloste fractie);P90;90-Percentiel
3052;cyprodinil;121552-61-2;cypdnl;Milieu;Oppervlaktewater zoet;Landoppervlaktewateren JG-MKN (opgelost);0,16;µg/l;OW;Oppervlaktewater;CONCTTE;(massa)Concentratie;nf;na filtratie (opgeloste fractie);JGM;Jaargemiddelde
3053;cyprodinil;121552-61-2;cypdnl;Milieu;Oppervlaktewater zoet;Landoppervlaktewateren MAC-MKN (opgelost);0,46;µg/l;OW;Oppervlaktewater;CONCTTE;(massa)Concentratie;nf;na filtratie (opgeloste fractie);MAX;Maximum
3054;cyprofuram;69581-33-5;cypfrm;Milieu;Oppervlaktewater zoet;Landoppervlaktewateren Indicatief MTR (opgelost);0,92;µg/l;OW;Oppervlaktewater;CONCTTE;(massa)Concentratie;nf;na filtratie (opgeloste fractie);P90;90-Percentiel
3056;cyromazin;66215-27-8;cyrmzne;Milieu;Oppervlaktewater zoet;Landoppervlaktewateren Indicatief MTR (opgelost);1,9;µg/l;OW;Oppervlaktewater;CONCTTE;(massa)Concentratie;nf;na filtratie (opgeloste fractie);P90;90-Percentiel
3057;cythioaat;115-93-5;cytoat;Milieu;Oppervlaktewater zoet;Landoppervlaktewateren Indicatief MTR (opgelost);0,59;µg/l;OW;Oppervlaktewater;CONCTTE;(massa)Concentratie;nf;na filtratie (opgeloste fractie);P90;90-Percentiel
3059;2,2-dichloorpropaanzuur;75-99-0;22DClppozr;Milieu;Oppervlaktewater zoet;Landoppervlaktewateren Indicatief MTR (opgelost);60;µg/l;OW;Oppervlaktewater;CONCTTE;(massa)Concentratie;nf;na filtratie (opgeloste fractie);P90;90-Percentiel
3060;daminozide;1596-84-5;damnzde;Milieu;Oppervlaktewater zoet;Landoppervlaktewateren MTR (totaal);76;µg/l;OW;Oppervlaktewater;CONCTTE;(massa)Concentratie;NVT;Niet van toepassing;P90;90-Percentiel
3061;daminozide;1596-84-5;damnzde;Milieu;Oppervlaktewater zoet;Landoppervlaktewateren MTR (opgelost);76;µg/l;OW;Oppervlaktewater;CONCTTE;(massa)Concentratie;nf;na filtratie (opgeloste fractie);P90;90-Percentiel
3062;daminozide;1596-84-5;damnzde;Milieu;Sediment;Sediment MTR (droge stof);110;µg/kg;BS;Bodem/Sediment;MASSFTE;Massafractie;dg;t.o.v. drooggewicht;;
3063;daminozide;1596-84-5;damnzde;Milieu;Oppervlaktewater zoet;log Kp l/kg (zwevend stof);0,45;;OW;Oppervlaktewater;NVT;Niet van toepassing;NVT;Niet van toepassing;NVT;Niet van toepassing
3064;dazomet;533-74-4;dazmt;Milieu;Oppervlaktewater zoet;Landoppervlaktewateren Indicatief MTR (opgelost);0,038;µg/l;OW;Oppervlaktewater;CONCTTE;(massa)Concentratie;nf;na filtratie (opgeloste fractie);P90;90-Percentiel
3065;DDD, 2,4''-isomeer;53-19-0;24DDD;Milieu;Oppervlaktewater zoet;Landoppervlaktewateren Indicatief MTR (opgelost);3,94E-03;µg/l;OW;Oppervlaktewater;CONCTTE;(massa)Concentratie;nf;na filtratie (opgeloste fractie);P90;90-Percentiel
3071;DDD, 4,4''-isomeer;72-54-8;44DDD;Milieu;Sediment;Sediment MTR (droge stof);2;µg/kg;BS;Bodem/Sediment;MASSFTE;Massafractie;dg;t.o.v. drooggewicht;;
3073;DDD, 4,4''-isomeer;72-54-8;44DDD;Milieu;Oppervlaktewater zoet;log Kp l/kg (zwevend stof);3,91;;OW;Oppervlaktewater;NVT;Niet van toepassing;NVT;Niet van toepassing;NVT;Niet van toepassing
3074;DDD, 4,4''-isomeer;72-54-8;44DDD;Milieu;Oppervlaktewater zoet;Landoppervlaktewateren wettelijk JG-MKN (totaal);0,025;µg/l;OW;Oppervlaktewater;CONCTTE;(massa)Concentratie;NVT;Niet van toepassing;JGM;Jaargemiddelde
3075;DDD, 4,4''-isomeer;72-54-8;44DDD;Milieu;Oppervlaktewater zout;Andere oppervlaktewateren wettelijk JG-MKN (totaal);0,025;µg/l;OW;Oppervlaktewater;CONCTTE;(massa)Concentratie;NVT;Niet van toepassing;JGM;Jaargemiddelde
3079;DDE, 2,4''-isomeer (ZZS);3424-82-6;24DDE;Milieu;Oppervlaktewater zoet;Landoppervlaktewateren Indicatief MTR (opgelost);7,55E-04;µg/l;OW;Oppervlaktewater;CONCTTE;(massa)Concentratie;nf;na filtratie (opgeloste fractie);P90;90-Percentiel
3085;DDE, 4,4''-isomeer;72-55-9;44DDE;Milieu;Sediment;Sediment MTR (droge stof);1;µg/kg;BS;Bodem/Sediment;MASSFTE;Massafractie;dg;t.o.v. drooggewicht;;
3087;DDE, 4,4''-isomeer;72-55-9;44DDE;Milieu;Oppervlaktewater zoet;log Kp l/kg (zwevend stof);3,82;;OW;Oppervlaktewater;NVT;Niet van toepassing;NVT;Niet van toepassing;NVT;Niet van toepassing
3088;DDE, 4,4''-isomeer;72-55-9;44DDE;Milieu;Oppervlaktewater zoet;Landoppervlaktewateren wettelijk JG-MKN (totaal);0,025;µg/l;OW;Oppervlaktewater;CONCTTE;(massa)Concentratie;NVT;Niet van toepassing;JGM;Jaargemiddelde
3089;DDE, 4,4''-isomeer;72-55-9;44DDE;Milieu;Oppervlaktewater zout;Andere oppervlaktewateren wettelijk JG-MKN (totaal);0,025;µg/l;OW;Oppervlaktewater;CONCTTE;(massa)Concentratie;NVT;Niet van toepassing;JGM;Jaargemiddelde
3094;DDT, 2,4''-isomeer (ZZS);789-02-6;24DDT;Milieu;Oppervlaktewater zoet;Landoppervlaktewateren wettelijk JG-MKN (totaal);0,025;µg/l;OW;Oppervlaktewater;CONCTTE;(massa)Concentratie;NVT;Niet van toepassing;JGM;Jaargemiddelde
3095;DDT, 2,4''-isomeer (ZZS);789-02-6;24DDT;Milieu;Oppervlaktewater zout;Andere oppervlaktewateren wettelijk JG-MKN (totaal);0,025;µg/l;OW;Oppervlaktewater;CONCTTE;(massa)Concentratie;NVT;Niet van toepassing;JGM;Jaargemiddelde
3099;DDT, 4,4''-isomeer (ZZS);50-29-3;44DDT;Milieu;Oppervlaktewater zoet;Landoppervlaktewateren wettelijk JG-MKN (totaal);0,01;µg/l;OW;Oppervlaktewater;CONCTTE;(massa)Concentratie;NVT;Niet van toepassing;JGM;Jaargemiddelde
3100;DDT, 4,4''-isomeer (ZZS);50-29-3;44DDT;Milieu;Oppervlaktewater zout;Andere oppervlaktewateren wettelijk JG-MKN (totaal);0,01;µg/l;OW;Oppervlaktewater;CONCTTE;(massa)Concentratie;NVT;Niet van toepassing;JGM;Jaargemiddelde
3103;DDT, 4,4''-isomeer (ZZS);50-29-3;44DDT;Milieu;Sediment;Sediment MTR (droge stof);9;µg/kg;BS;Bodem/Sediment;MASSFTE;Massafractie;dg;t.o.v. drooggewicht;;
3105;DDT, 4,4''-isomeer (ZZS);50-29-3;44DDT;Milieu;Oppervlaktewater zoet;log Kp l/kg (zwevend stof);4,63;;OW;Oppervlaktewater;NVT;Niet van toepassing;NVT;Niet van toepassing;NVT;Niet van toepassing
3109;diethyltoluamide;134-62-3;DEET;Milieu;Oppervlaktewater zoet;Landoppervlaktewateren Indicatief MTR (opgelost);0,11;µg/l;OW;Oppervlaktewater;CONCTTE;(massa)Concentratie;nf;na filtratie (opgeloste fractie);P90;90-Percentiel
3136;deltamethrin;52918-63-5;dmtn;Milieu;Oppervlaktewater zoet;Landoppervlaktewateren wettelijk JG-MKN (totaal);0,0031;ng/l;OW;Oppervlaktewater;CONCTTE;(massa)Concentratie;NVT;Niet van toepassing;JGM;Jaargemiddelde
3138;deltamethrin;52918-63-5;dmtn;Milieu;Oppervlaktewater zoet;Landoppervlaktewateren wettelijk MAC-MKN (totaal);0,31;ng/l;OW;Oppervlaktewater;CONCTTE;(massa)Concentratie;NVT;Niet van toepassing;MAX;Maximum
3140;deltamethrin;52918-63-5;dmtn;Milieu;Sediment;Sediment MTR (standaard Sediment met 10% organisch materiaal);5,4E-1;µg/kg;BS;Bodem/Sediment;MASSFTE;Massafractie;dg;t.o.v. drooggewicht;;
3141;deltamethrin;52918-63-5;dmtn;Milieu;Oppervlaktewater zoet;log Kp l/kg (zwevend stof);6,08;;OW;Oppervlaktewater;NVT;Niet van toepassing;NVT;Niet van toepassing;NVT;Niet van toepassing
3142;deltamethrin;52918-63-5;dmtn;Milieu;Oppervlaktewater zoet;Landoppervlaktewateren JG-MKN (opgelost);0,0031;ng/l;OW;Oppervlaktewater;CONCTTE;(massa)Concentratie;nf;na filtratie (opgeloste fractie);JGM;Jaargemiddelde
3143;deltamethrin;52918-63-5;dmtn;Milieu;Oppervlaktewater zoet;Landoppervlaktewateren MAC-MKN (opgelost);0,31;ng/l;OW;Oppervlaktewater;CONCTTE;(massa)Concentratie;nf;na filtratie (opgeloste fractie);MAX;Maximum
3144;demeton;8065-48-3;;Milieu;Oppervlaktewater zoet;Landoppervlaktewateren MTR (totaal);0,14;µg/l;OW;Oppervlaktewater;CONCTTE;(massa)Concentratie;NVT;Niet van toepassing;P90;90-Percentiel
3145;demeton-S;126-75-0;demtnS;Milieu;Oppervlaktewater zoet;Landoppervlaktewateren Indicatief MTR (opgelost);0,031;µg/l;OW;Oppervlaktewater;CONCTTE;(massa)Concentratie;nf;na filtratie (opgeloste fractie);P90;90-Percentiel
3148;demeton-s-methyl;919-86-8;demtSC1y;Milieu;Oppervlaktewater zoet;Landoppervlaktewateren Indicatief MTR (opgelost);2,8;µg/l;OW;Oppervlaktewater;CONCTTE;(massa)Concentratie;nf;na filtratie (opgeloste fractie);P90;90-Percentiel
3149;demeton-s-methyl-sulfon;17040-19-6;demtSC1ysfn;Milieu;Oppervlaktewater zoet;Landoppervlaktewateren Indicatief MTR (opgelost);740;µg/l;OW;Oppervlaktewater;CONCTTE;(massa)Concentratie;nf;na filtratie (opgeloste fractie);P90;90-Percentiel
3150;dennenolie;8002-09-3;dennole;Milieu;Oppervlaktewater zoet;Landoppervlaktewateren Indicatief MTR (opgelost);1,22;µg/l;OW;Oppervlaktewater;CONCTTE;(massa)Concentratie;nf;na filtratie (opgeloste fractie);P90;90-Percentiel
3151;dennenolie;8002-09-3;dennole;Milieu;Sediment;Sediment Indicatief MTR (droge stof);739;µg/kg;BS;Bodem/Sediment;MASSFTE;Massafractie;dg;t.o.v. drooggewicht;;
3153;desethylatrazine;6190-65-4;desC2yatzne;Milieu;Oppervlaktewater zoet;Landoppervlaktewateren Indicatief MTR (opgelost);74;µg/l;OW;Oppervlaktewater;CONCTTE;(massa)Concentratie;nf;na filtratie (opgeloste fractie);P90;90-Percentiel
3154;desethyl-terbutylazine;30125-63-4;desC2ytC4yaz;Milieu;Oppervlaktewater zoet;Landoppervlaktewateren JG-MKN (opgelost);0,25;µg/l;OW;Oppervlaktewater;CONCTTE;(massa)Concentratie;nf;na filtratie (opgeloste fractie);JGM;Jaargemiddelde
3155;desethyl-terbutylazine;30125-63-4;desC2ytC4yaz;Milieu;Oppervlaktewater zoet;Landoppervlaktewateren JG-MKN (totaal);0,25;µg/l;OW;Oppervlaktewater;CONCTTE;(massa)Concentratie;NVT;Niet van toepassing;JGM;Jaargemiddelde
3156;desethyl-terbutylazine;30125-63-4;desC2ytC4yaz;Milieu;Oppervlaktewater zoet;Landoppervlaktewateren MAC-MKN (opgelost);38;µg/l;OW;Oppervlaktewater;CONCTTE;(massa)Concentratie;nf;na filtratie (opgeloste fractie);MAX;Maximum
3157;desethyl-terbutylazine;30125-63-4;desC2ytC4yaz;Milieu;Oppervlaktewater zoet;Landoppervlaktewateren MAC-MKN (totaal);38;µg/l;OW;Oppervlaktewater;CONCTTE;(massa)Concentratie;NVT;Niet van toepassing;MAX;Maximum
3158;desethyl-terbutylazine;30125-63-4;desC2ytC4yaz;Milieu;Oppervlaktewater zout;Andere oppervlaktewateren JG-MKN (opgelost);0,025;µg/l;OW;Oppervlaktewater;CONCTTE;(massa)Concentratie;nf;na filtratie (opgeloste fractie);JGM;Jaargemiddelde
3159;desethyl-terbutylazine;30125-63-4;desC2ytC4yaz;Milieu;Oppervlaktewater zout;Andere oppervlaktewateren JG-MKN (totaal);0,025;µg/l;OW;Oppervlaktewater;CONCTTE;(massa)Concentratie;NVT;Niet van toepassing;JGM;Jaargemiddelde
3160;desethyl-terbutylazine;30125-63-4;desC2ytC4yaz;Milieu;Oppervlaktewater zout;Andere oppervlaktewateren MAC-MKN (opgelost);3,8;µg/l;OW;Oppervlaktewater;CONCTTE;(massa)Concentratie;nf;na filtratie (opgeloste fractie);MAX;Maximum
3161;desethyl-terbutylazine;30125-63-4;desC2ytC4yaz;Milieu;Oppervlaktewater zout;Andere oppervlaktewateren MAC-MKN (totaal);3,8;µg/l;OW;Oppervlaktewater;CONCTTE;(massa)Concentratie;NVT;Niet van toepassing;MAX;Maximum
3162;desisopropylatrazine;1007-28-9;desiC3yatzne;Milieu;Oppervlaktewater zoet;Landoppervlaktewateren Indicatief MTR (opgelost);171;µg/l;OW;Oppervlaktewater;CONCTTE;(massa)Concentratie;nf;na filtratie (opgeloste fractie);P90;90-Percentiel
3163;desmedifam;13684-56-5;desmdfm;Milieu;Oppervlaktewater zoet;Landoppervlaktewateren JG-MKN (opgelost);0,13;µg/l;OW;Oppervlaktewater;CONCTTE;(massa)Concentratie;nf;na filtratie (opgeloste fractie);JGM;Jaargemiddelde
3164;desmedifam;13684-56-5;desmdfm;Milieu;Oppervlaktewater zoet;Landoppervlaktewateren MAC-MKN (opgelost);6;µg/l;OW;Oppervlaktewater;CONCTTE;(massa)Concentratie;nf;na filtratie (opgeloste fractie);MAX;Maximum
3165;desmetryn;1014-69-3;desmtn;Milieu;Oppervlaktewater zoet;Landoppervlaktewateren MTR (totaal);34000;ng/l;OW;Oppervlaktewater;CONCTTE;(massa)Concentratie;NVT;Niet van toepassing;P90;90-Percentiel
3166;desmetryn;1014-69-3;desmtn;Milieu;Oppervlaktewater zoet;Landoppervlaktewateren MTR (opgelost);34000;ng/l;OW;Oppervlaktewater;CONCTTE;(massa)Concentratie;nf;na filtratie (opgeloste fractie);P90;90-Percentiel
3167;desmetryn;1014-69-3;desmtn;Milieu;Sediment;Sediment MTR (droge stof);370;µg/kg;BS;Bodem/Sediment;MASSFTE;Massafractie;dg;t.o.v. drooggewicht;;
3168;desmetryn;1014-69-3;desmtn;Milieu;Oppervlaktewater zoet;log Kp l/kg (zwevend stof);1,34;;OW;Oppervlaktewater;NVT;Niet van toepassing;NVT;Niet van toepassing;NVT;Niet van toepassing
3169;DHTDMAC;61789-80-8;DHTDMAC;Milieu;Oppervlaktewater zoet;Landoppervlaktewateren JG-MKN (totaal);6,2;µg/l;OW;Oppervlaktewater;CONCTTE;(massa)Concentratie;NVT;Niet van toepassing;JGM;Jaargemiddelde
3170;DHTDMAC;61789-80-8;DHTDMAC;Milieu;Oppervlaktewater zout;Andere oppervlaktewateren JG-MKN (totaal);0,62;µg/l;OW;Oppervlaktewater;CONCTTE;(massa)Concentratie;NVT;Niet van toepassing;JGM;Jaargemiddelde
3171;DHTDMAC;61789-80-8;DHTDMAC;Milieu;Oppervlaktewater zoet;Landoppervlaktewateren MAC-MKN (totaal);6,2;µg/l;OW;Oppervlaktewater;CONCTTE;(massa)Concentratie;NVT;Niet van toepassing;MAX;Maximum
3172;DHTDMAC;61789-80-8;DHTDMAC;Milieu;Oppervlaktewater zout;Andere oppervlaktewateren MAC-MKN (totaal);0,62;µg/l;OW;Oppervlaktewater;CONCTTE;(massa)Concentratie;NVT;Niet van toepassing;MAX;Maximum
3173;DHTDMAC;61789-80-8;DHTDMAC;Milieu;Sediment;Sediment MTR (standaard Sediment met 10% organisch materiaal);55;mg/kg;BS;Bodem/Sediment;MASSFTE;Massafractie;dg;t.o.v. drooggewicht;;
3174;4-hydroxy-4-methyl-2-pentanon;123-42-2;4Hox4C1y2C5o;Milieu;Oppervlaktewater zoet;Landoppervlaktewateren Indicatief MTR (opgelost);942;µg/l;OW;Oppervlaktewater;CONCTTE;(massa)Concentratie;nf;na filtratie (opgeloste fractie);P90;90-Percentiel
3175;4-hydroxy-4-methyl-2-pentanon;123-42-2;4Hox4C1y2C5o;Milieu;Sediment;Sediment Indicatief MTR (droge stof);2510;µg/kg;BS;Bodem/Sediment;MASSFTE;Massafractie;dg;t.o.v. drooggewicht;;
3177;diafenthiuron;80060-09-9;Dfturn;Milieu;Oppervlaktewater zoet;Landoppervlaktewateren Indicatief MTR (opgelost);0,00023;µg/l;OW;Oppervlaktewater;CONCTTE;(massa)Concentratie;nf;na filtratie (opgeloste fractie);P90;90-Percentiel
3179;dialifos;10311-84-9;Dalfs;Milieu;Oppervlaktewater zoet;Landoppervlaktewateren Indicatief MTR (opgelost);0,015;µg/l;OW;Oppervlaktewater;CONCTTE;(massa)Concentratie;nf;na filtratie (opgeloste fractie);P90;90-Percentiel
3181;diazinon;333-41-5;Daznn;Milieu;Sediment;Sediment MTR (droge stof);1;µg/kg;BS;Bodem/Sediment;MASSFTE;Massafractie;dg;t.o.v. drooggewicht;;
3182;diazinon;333-41-5;Daznn;Milieu;Oppervlaktewater zoet;log Kp l/kg (zwevend stof);1,73;;OW;Oppervlaktewater;NVT;Niet van toepassing;NVT;Niet van toepassing;NVT;Niet van toepassing
3183;diazinon;333-41-5;Daznn;Milieu;Oppervlaktewater zoet;Landoppervlaktewateren wettelijk JG-MKN (totaal);37;ng/l;OW;Oppervlaktewater;CONCTTE;(massa)Concentratie;NVT;Niet van toepassing;JGM;Jaargemiddelde
3187;diazinon;333-41-5;Daznn;Milieu;Oppervlaktewater zoet;Landoppervlaktewateren JG-MKN (opgelost);37;ng/l;OW;Oppervlaktewater;CONCTTE;(massa)Concentratie;nf;na filtratie (opgeloste fractie);JGM;Jaargemiddelde
3188;dibenzo[a,h]acridine (ZZS);226-36-8;Dbenzahacdne;Milieu;Oppervlaktewater zoet;Landoppervlaktewateren Indicatief MTR (opgelost);5,42E-03;µg/l;OW;Oppervlaktewater;CONCTTE;(massa)Concentratie;nf;na filtratie (opgeloste fractie);P90;90-Percentiel
3191;dibenzo[a,j]acridine (ZZS);224-42-0;Dbenzajacdne;Milieu;Oppervlaktewater zoet;Landoppervlaktewateren Indicatief MTR (opgelost);6,60E-03;µg/l;OW;Oppervlaktewater;CONCTTE;(massa)Concentratie;nf;na filtratie (opgeloste fractie);P90;90-Percentiel
3194;dibenzo[a,e]pyreen (ZZS);192-65-4;DBaeP;Milieu;Oppervlaktewater zoet;Landoppervlaktewateren Indicatief MTR (opgelost);5,00E-04;µg/l;OW;Oppervlaktewater;CONCTTE;(massa)Concentratie;nf;na filtratie (opgeloste fractie);P90;90-Percentiel
3197;dibenzo[a,h]antraceen (ZZS);53-70-3;DBahAnt;Milieu;Oppervlaktewater zoet;Landoppervlaktewateren Indicatief MTR (opgelost);1,02E-03;µg/l;OW;Oppervlaktewater;CONCTTE;(massa)Concentratie;nf;na filtratie (opgeloste fractie);P90;90-Percentiel
3200;dibenzo[a,h]pyreen (ZZS);189-64-0;DBahP;Milieu;Oppervlaktewater zoet;Landoppervlaktewateren Indicatief MTR (opgelost);4,98E-04;µg/l;OW;Oppervlaktewater;CONCTTE;(massa)Concentratie;nf;na filtratie (opgeloste fractie);P90;90-Percentiel
3203;dibenzo[a,l]pyreen (ZZS);191-30-0;DBaiP;Milieu;Oppervlaktewater zoet;Landoppervlaktewateren Indicatief MTR (opgelost);2,54E-04;µg/l;OW;Oppervlaktewater;CONCTTE;(massa)Concentratie;nf;na filtratie (opgeloste fractie);P90;90-Percentiel
3206;dibroomchloormethaan;124-48-1;DBrClC1a;Milieu;Oppervlaktewater zoet;Landoppervlaktewateren Indicatief MTR (opgelost);0,11;µg/l;OW;Oppervlaktewater;CONCTTE;(massa)Concentratie;nf;na filtratie (opgeloste fractie);P90;90-Percentiel
3210;dibroommethaan;74-95-3;DBrC1a;Milieu;Oppervlaktewater zoet;Landoppervlaktewateren Indicatief MTR (opgelost);174;µg/l;OW;Oppervlaktewater;CONCTTE;(massa)Concentratie;nf;na filtratie (opgeloste fractie);P90;90-Percentiel
3212;dibutylftalaat (ZZS);84-74-2;DC4yFt;Milieu;Oppervlaktewater zoet;Landoppervlaktewateren JG-MKN (totaal);10;µg/l;OW;Oppervlaktewater;CONCTTE;(massa)Concentratie;NVT;Niet van toepassing;JGM;Jaargemiddelde
3213;dibutylftalaat (ZZS);84-74-2;DC4yFt;Milieu;Oppervlaktewater zout;Andere oppervlaktewateren JG-MKN (totaal);1;µg/l;OW;Oppervlaktewater;CONCTTE;(massa)Concentratie;NVT;Niet van toepassing;JGM;Jaargemiddelde
3214;dibutylftalaat (ZZS);84-74-2;DC4yFt;Milieu;Oppervlaktewater zoet;Landoppervlaktewateren MAC-MKN (totaal);35;µg/l;OW;Oppervlaktewater;CONCTTE;(massa)Concentratie;NVT;Niet van toepassing;MAX;Maximum
3215;dibutylftalaat (ZZS);84-74-2;DC4yFt;Milieu;Oppervlaktewater zout;Andere oppervlaktewateren MAC-MKN (totaal);3,5;µg/l;OW;Oppervlaktewater;CONCTTE;(massa)Concentratie;NVT;Niet van toepassing;MAX;Maximum
3217;dibutylftalaat (ZZS);84-74-2;DC4yFt;Milieu;Oppervlaktewater zoet;log Kp l/kg (zwevend stof);3,80;;OW;Oppervlaktewater;NVT;Niet van toepassing;NVT;Niet van toepassing;NVT;Niet van toepassing
3242;dicamba;1918-00-9;Dcba;Milieu;Oppervlaktewater zoet;Landoppervlaktewateren Indicatief MTR (opgelost);0,13;µg/l;OW;Oppervlaktewater;CONCTTE;(massa)Concentratie;nf;na filtratie (opgeloste fractie);P90;90-Percentiel
3243;dichlobenil;1194-65-6;Dcbnl;Milieu;Oppervlaktewater zoet;Landoppervlaktewateren Indicatief JG-MKN (opgelost);0,63;µg/l;OW;Oppervlaktewater;CONCTTE;(massa)Concentratie;nf;na filtratie (opgeloste fractie);JGM;Jaargemiddelde
3244;dichlobenil;1194-65-6;Dcbnl;Milieu;Oppervlaktewater zoet;Landoppervlaktewateren Indicatief MAC-MKN (opgelost);0,63;µg/l;OW;Oppervlaktewater;CONCTTE;(massa)Concentratie;nf;na filtratie (opgeloste fractie);MAX;Maximum
3245;dichlobenil;1194-65-6;Dcbnl;Milieu;Oppervlaktewater zout;Andere oppervlaktewateren Indicatief JG-MKN (opgelost);0,063;µg/l;OW;Oppervlaktewater;CONCTTE;(massa)Concentratie;nf;na filtratie (opgeloste fractie);JGM;Jaargemiddelde
3246;dichlobenil;1194-65-6;Dcbnl;Milieu;Oppervlaktewater zout;Andere oppervlaktewateren Indicatief MAC-MKN (opgelost);0,063;µg/l;OW;Oppervlaktewateren;CONCTTE;(massa)Concentratie;nf;na filtratie (opgeloste fractie);MAX;Maximum
3249;dichlofenthion;97-17-6;Dcfton;Milieu;Oppervlaktewater zoet;Landoppervlaktewateren Indicatief MTR (opgelost);0,00011;µg/l;OW;Oppervlaktewater;CONCTTE;(massa)Concentratie;nf;na filtratie (opgeloste fractie);P90;90-Percentiel
3250;dichlofluanide;1085-98-9;Dcfande;Milieu;Oppervlaktewater zoet;Landoppervlaktewateren Indicatief MTR (opgelost);0,03;µg/l;OW;Oppervlaktewater;CONCTTE;(massa)Concentratie;nf;na filtratie (opgeloste fractie);P90;90-Percentiel
3251;dichlofluanide;1085-98-9;Dcfande;Milieu;Sediment;Sediment MTR (standaard Sediment met 10% organisch materiaal);190;µg/kg;BS;Bodem/Sediment;MASSFTE;Massafractie;dg;t.o.v. drooggewicht;;
3256;dichloorbenzenen som;25321-22-6;;Milieu;Grondwater;Signaleringsparameter  beoordeling grondwatersanering (opgelost);50;µg/l;GW;Grondwater;CONCTTE;(massa)Concentratie;nf;na filtratie;Nee;
3257;dichloorbenzenen som;25321-22-6;;Milieu;Oppervlaktewater zoet;log Kp l/kg (zwevend stof);1,71;;OW;Oppervlaktewater;NVT;Niet van toepassing;NVT;Niet van toepassing;NVT;Niet van toepassing
3258;dichloorbenzenen som;25321-22-6;;Milieu;Oppervlaktewater zoet;Landoppervlaktewateren JG-MKN (opgelost);6,9;µg/l;OW;Oppervlaktewater;CONCTTE;(massa)Concentratie;nf;na filtratie (opgeloste fractie);JGM;Jaargemiddelde
3259;dichloorbenzenen som;25321-22-6;;Milieu;Oppervlaktewater zoet;Landoppervlaktewateren MAC-MKN (opgelost);29;µg/l;OW;Oppervlaktewater;CONCTTE;(massa)Concentratie;nf;na filtratie (opgeloste fractie);MAX;Maximum
3260;dichloorbenzenen som;25321-22-6;;Milieu;Oppervlaktewater zout;Andere oppervlaktewateren JG-MKN (opgelost);2,0;µg/l;OW;Oppervlaktewater;CONCTTE;(massa)Concentratie;nf;na filtratie (opgeloste fractie);JGM;Jaargemiddelde
3261;dichloorbenzenen som;25321-22-6;;Milieu;Oppervlaktewater zout;Andere oppervlaktewateren MAC-MKN (opgelost);2,0;µg/l;OW;Oppervlaktewater;CONCTTE;(massa)Concentratie;nf;na filtratie (opgeloste fractie);MAX;Maximum
3262;dichloorbenzenen som;25321-22-6;;Milieu;Grondwater;Standaardwaarden grondwater (inclusief AC) (opgelost);3;µg/l;GW;Grondwater;CONCTTE;(massa)Concentratie;nf;na filtratie;Nee;
3286;dichloordiisopropylether;108-60-1;DClDiC3yEtr;Milieu;Oppervlaktewater zoet;Landoppervlaktewateren MTR (opgelost);10;µg/l;OW;Oppervlaktewater;CONCTTE;(massa)Concentratie;nf;na filtratie (opgeloste fractie);P90;90-Percentiel
3288;dichloormethaan;75-09-2;DClC1a;Milieu;Grondwater;Signaleringsparameter  beoordeling grondwatersanering (opgelost);1000;µg/l;GW;Grondwater;CONCTTE;(massa)Concentratie;nf;na filtratie;Nee;
3289;dichloormethaan;75-09-2;DClC1a;Milieu;Oppervlaktewater zoet;Landoppervlaktewateren wettelijk JG-MKN (totaal);20;µg/l;OW;Oppervlaktewater;CONCTTE;(massa)Concentratie;NVT;Niet van toepassing;JGM;Jaargemiddelde
3290;dichloormethaan;75-09-2;DClC1a;Milieu;Oppervlaktewater zout;Andere oppervlaktewateren wettelijk JG-MKN (totaal);20;µg/l;OW;Oppervlaktewater;CONCTTE;(massa)Concentratie;NVT;Niet van toepassing;JGM;Jaargemiddelde
3293;dichloormethaan;75-09-2;DClC1a;Milieu;Sediment;Sediment MTR (droge stof);10;mg/kg;BS;Bodem/Sediment;MASSFTE;Massafractie;dg;t.o.v. drooggewicht;;
3295;dichloormethaan;75-09-2;DClC1a;Milieu;Oppervlaktewater zoet;log Kp l/kg (zwevend stof);0,63;;OW;Oppervlaktewater;NVT;Niet van toepassing;NVT;Niet van toepassing;NVT;Niet van toepassing
3311;dichloormethaan;75-09-2;DClC1a;Milieu;Grondwater;Standaardwaarden grondwater (inclusief AC) (opgelost);0,01;µg/l;GW;Grondwater;CONCTTE;(massa)Concentratie;nf;na filtratie;Nee;
3335;dichloorprop-P;15165-67-0;DClppP;Milieu;Oppervlaktewater zoet;Landoppervlaktewateren wettelijk JG-MKN (totaal);1;µg/l;OW;Oppervlaktewater;CONCTTE;(massa)Concentratie;NVT;Niet van toepassing;JGM;Jaargemiddelde
3336;dichloorprop-P;15165-67-0;DClppP;Milieu;Oppervlaktewater zout;Andere oppervlaktewateren wettelijk JG-MKN (totaal);0,13;µg/l;OW;Oppervlaktewater;CONCTTE;(massa)Concentratie;NVT;Niet van toepassing;JGM;Jaargemiddelde
3337;dichloorprop-P;15165-67-0;DClppP;Milieu;Oppervlaktewater zoet;Landoppervlaktewateren wettelijk MAC-MKN (totaal);7,6;µg/l;OW;Oppervlaktewater;CONCTTE;(massa)Concentratie;NVT;Niet van toepassing;MAX;Maximum
3338;dichloorprop-P;15165-67-0;DClppP;Milieu;Oppervlaktewater zout;Andere oppervlaktewateren wettelijk MAC-MKN (totaal);0,76;µg/l;OW;Oppervlaktewater;CONCTTE;(massa)Concentratie;NVT;Niet van toepassing;MAX;Maximum
3340;dichloorprop-P;15165-67-0;DClppP;Milieu;Oppervlaktewater zoet;log Kp l/kg (zwevend stof);2,2;;OW;Oppervlaktewater;NVT;Niet van toepassing;NVT;Niet van toepassing;NVT;Niet van toepassing
3341;dichloorprop-P;15165-67-0;DClppP;Milieu;Oppervlaktewater zoet;Landoppervlaktewateren JG-MKN (opgelost);1;µg/l;OW;Oppervlaktewater;CONCTTE;(massa)Concentratie;nf;na filtratie (opgeloste fractie);JGM;Jaargemiddelde
3342;dichloorprop-P;15165-67-0;DClppP;Milieu;Oppervlaktewater zoet;Landoppervlaktewateren MAC-MKN (opgelost);7,6;µg/l;OW;Oppervlaktewater;CONCTTE;(massa)Concentratie;nf;na filtratie (opgeloste fractie);MAX;Maximum
3343;dichloorprop-P;15165-67-0;DClppP;Milieu;Oppervlaktewater zout;Andere oppervlaktewateren JG-MKN (opgelost);0,13;µg/l;OW;Oppervlaktewater;CONCTTE;(massa)Concentratie;nf;na filtratie (opgeloste fractie);JGM;Jaargemiddelde
3344;dichloorprop-P;15165-67-0;DClppP;Milieu;Oppervlaktewater zout;Andere oppervlaktewateren MAC-MKN (opgelost);0,76;µg/l;OW;Oppervlaktewater;CONCTTE;(massa)Concentratie;nf;na filtratie (opgeloste fractie);MAX;Maximum
3345;dichloorvos;62-73-7;DClvs;Milieu;Oppervlaktewater zoet;Landoppervlaktewateren wettelijk JG-MKN (totaal);0,0006;µg/l;OW;Oppervlaktewater;CONCTTE;(massa)Concentratie;NVT;Niet van toepassing;JGM;Jaargemiddelde
3346;dichloorvos;62-73-7;DClvs;Milieu;Oppervlaktewater zout;Andere oppervlaktewateren wettelijk JG-MKN (totaal);0,06;ng/l;OW;Oppervlaktewater;CONCTTE;(massa)Concentratie;NVT;Niet van toepassing;JGM;Jaargemiddelde
3347;dichloorvos;62-73-7;DClvs;Milieu;Oppervlaktewater zoet;Landoppervlaktewateren wettelijk MAC-MKN (totaal);0,0007;µg/l;OW;Oppervlaktewater;CONCTTE;(massa)Concentratie;NVT;Niet van toepassing;MAX;Maximum
3348;dichloorvos;62-73-7;DClvs;Milieu;Oppervlaktewater zout;Andere oppervlaktewateren wettelijk MAC-MKN (totaal);0,07;ng/l;OW;Oppervlaktewater;CONCTTE;(massa)Concentratie;NVT;Niet van toepassing;MAX;Maximum
3350;dichloorvos;62-73-7;DClvs;Milieu;Oppervlaktewater zoet;log Kp l/kg (zwevend stof);0,9;;OW;Oppervlaktewater;NVT;Niet van toepassing;NVT;Niet van toepassing;NVT;Niet van toepassing
3351;dichloorfeen;97-23-4;DClfn;Milieu;Oppervlaktewater zoet;Landoppervlaktewateren Indicatief MTR (opgelost);0,01;µg/l;OW;Oppervlaktewater;CONCTTE;(massa)Concentratie;nf;na filtratie (opgeloste fractie);P90;90-Percentiel
3353;diclofop-methyl;51338-27-3;DcfC1y;Milieu;Oppervlaktewater zoet;Landoppervlaktewateren Indicatief JG-MKN (opgelost);6,6E-03;µg/l;OW;Oppervlaktewater;CONCTTE;(massa)Concentratie;nf;na filtratie (opgeloste fractie);JGM;Jaargemiddelde
3354;diclofop-methyl;51338-27-3;DcfC1y;Milieu;Oppervlaktewater zoet;Landoppervlaktewateren Indicatief MAC-MKN (opgelost);1,4;µg/l;OW;Oppervlaktewater;CONCTTE;(massa)Concentratie;nf;na filtratie (opgeloste fractie);MAX;Maximum
3355;diclofop-methyl;51338-27-3;DcfC1y;Milieu;Oppervlaktewater zout;Andere oppervlaktewateren Indicatief JG-MKN (opgelost);6,6E-03;µg/l;OW;Oppervlaktewater;CONCTTE;(massa)Concentratie;nf;na filtratie (opgeloste fractie);JGM;Jaargemiddelde
3356;diclofop-methyl;51338-27-3;DcfC1y;Milieu;Oppervlaktewater zout;Andere oppervlaktewateren Indicatief MAC-MKN (opgelost);0,14;µg/l;OW;Oppervlaktewateren;CONCTTE;(massa)Concentratie;nf;na filtratie (opgeloste fractie);MAX;Maximum
3359;dicofol (ZZS);115-32-2;Dcfl;Milieu;Oppervlaktewater zoet;Landoppervlaktewateren wettelijk JG-MKN (totaal);1,3E-03;µg/l;OW;Oppervlaktewater;CONCTTE;(massa)Concentratie;NVT;Niet van toepassing;JGM;Jaargemiddelde
3361;dicofol (ZZS);115-32-2;Dcfl;Milieu;Oppervlaktewater zout;Andere oppervlaktewateren JG-MKN (totaal);3,2E-05;µg/l;OW;Oppervlaktewater;CONCTTE;(massa)Concentratie;NVT;Niet van toepassing;JGM;Jaargemiddelde
3364;dicrotofos;141-66-2;Dctfs;Milieu;Oppervlaktewater zoet;Landoppervlaktewateren Indicatief MTR (opgelost);0,0042;µg/l;OW;Oppervlaktewater;CONCTTE;(massa)Concentratie;nf;na filtratie (opgeloste fractie);P90;90-Percentiel
3365;dicyclopentadieen;77-73-6;DccPeDen;Milieu;Oppervlaktewater zoet;Landoppervlaktewateren Indicatief MTR (opgelost);7,5;µg/l;OW;Oppervlaktewater;CONCTTE;(massa)Concentratie;nf;na filtratie (opgeloste fractie);P90;90-Percentiel
3379;dieldrin (ZZS);60-57-1;dieldn;Milieu;Oppervlaktewater zoet;Landoppervlaktewateren wettelijk JG-MKN (totaal);0,01;µg/l;OW;Oppervlaktewater;CONCTTE;(massa)Concentratie;NVT;Niet van toepassing;JGM;Jaargemiddelde
3380;dieldrin (ZZS);60-57-1;dieldn;Milieu;Oppervlaktewater zout;Andere oppervlaktewateren wettelijk JG-MKN (totaal);0,005;µg/l;OW;Oppervlaktewater;CONCTTE;(massa)Concentratie;NVT;Niet van toepassing;JGM;Jaargemiddelde
3383;dieldrin (ZZS);60-57-1;dieldn;Milieu;Sediment;Sediment MTR (droge stof);450;µg/kg;BS;Bodem/Sediment;MASSFTE;Massafractie;dg;t.o.v. drooggewicht;;
3385;dieldrin (ZZS);60-57-1;dieldn;Milieu;Oppervlaktewater zoet;log Kp l/kg (zwevend stof);4,87;;OW;Oppervlaktewater;NVT;Niet van toepassing;NVT;Niet van toepassing;NVT;Niet van toepassing
3387;dieldrin (ZZS);60-57-1;dieldn;Milieu;Grondwater;Standaardwaarden grondwater (inclusief AC) (opgelost);0,1;ng/l;GW;Grondwater;CONCTTE;(massa)Concentratie;nf;na filtratie;Nee;
3415;diethofencarb;87130-20-9;Detfcb;Milieu;Oppervlaktewater zoet;Landoppervlaktewateren Indicatief MTR (opgelost);2,8;µg/l;OW;Oppervlaktewater;CONCTTE;(massa)Concentratie;nf;na filtratie (opgeloste fractie);P90;90-Percentiel
3421;diethylamine;109-89-7;DC2yAe;Milieu;Oppervlaktewater zoet;Landoppervlaktewateren MTR (opgelost);20;µg/l;OW;Oppervlaktewater;CONCTTE;(massa)Concentratie;nf;na filtratie (opgeloste fractie);P90;90-Percentiel
3425;diethyleenglycol;111-46-6;DC2yegcl;Milieu;Grondwater;Grondwater indicatief niveau voor ernstige verontreiniging (opgelost);13000;µg/l;GW;Grondwater;CONCTTE;(massa)Concentratie;nf;na filtratie;Nee;
3449;diethyleentriamine;111-40-0;DC2yeTAe;Milieu;Oppervlaktewater zoet;Landoppervlaktewateren Indicatief MTR (opgelost);0,56;mg/l;OW;Oppervlaktewater;CONCTTE;(massa)Concentratie;nf;na filtratie (opgeloste fractie);P90;90-Percentiel
3459;diethylftalaat;84-66-2;DC2yFt;Milieu;Oppervlaktewater zoet;Landoppervlaktewateren Indicatief MTR (opgelost);165;µg/l;OW;Oppervlaktewater;CONCTTE;(massa)Concentratie;nf;na filtratie (opgeloste fractie);P90;90-Percentiel
3460;diethylftalaat;84-66-2;DC2yFt;Milieu;Sediment;Sediment Indicatief MTR (droge stof);2,20E+03;µg/kg;BS;Bodem/Sediment;MASSFTE;Massafractie;dg;t.o.v. drooggewicht;;
3485;diethylstilboestrol;56-53-1;DC2ysbsl;Milieu;Oppervlaktewater zoet;Landoppervlaktewateren Indicatief MTR (opgelost);4,86E+01;µg/l;OW;Oppervlaktewater;CONCTTE;(massa)Concentratie;nf;na filtratie (opgeloste fractie);P90;90-Percentiel
3487;diethylsulfaat (ZZS);64-67-5;DC2ySO4;Milieu;Oppervlaktewater zoet;Landoppervlaktewateren Indicatief MTR (opgelost);1,23;µg/l;OW;Oppervlaktewater;CONCTTE;(massa)Concentratie;nf;na filtratie (opgeloste fractie);P90;90-Percentiel
3490;difenamide;957-51-7;DfAd;Milieu;Oppervlaktewater zoet;Landoppervlaktewateren Indicatief MTR (opgelost);0,73;µg/l;OW;Oppervlaktewater;CONCTTE;(massa)Concentratie;nf;na filtratie (opgeloste fractie);P90;90-Percentiel
3491;difenoconazool;119446-68-3;Dfncnzl;Milieu;Oppervlaktewater zoet;Landoppervlaktewateren JG-MKN (totaal);0,76;µg/l;OW;Oppervlaktewater;CONCTTE;(massa)Concentratie;NVT;Niet van toepassing;JGM;Jaargemiddelde
3493;difenoconazool;119446-68-3;Dfncnzl;Milieu;Oppervlaktewater zoet;Landoppervlaktewateren MAC-MKN (totaal);7,8;µg/l;OW;Oppervlaktewater;CONCTTE;(massa)Concentratie;NVT;Niet van toepassing;MAX;Maximum
3496;difenoconazool;119446-68-3;Dfncnzl;Milieu;Oppervlaktewater zoet;log Kp l/kg (zwevend stof);2,65;;OW;Oppervlaktewater;NVT;Niet van toepassing;NVT;Niet van toepassing;NVT;Niet van toepassing
3497;difenoconazool;119446-68-3;Dfncnzl;Milieu;Oppervlaktewater zoet;Landoppervlaktewateren JG-MKN (opgelost);0,76;µg/l;OW;Oppervlaktewater;CONCTTE;(massa)Concentratie;nf;na filtratie (opgeloste fractie);JGM;Jaargemiddelde
3498;difenoconazool;119446-68-3;Dfncnzl;Milieu;Oppervlaktewater zoet;Landoppervlaktewateren MAC-MKN (opgelost);7,8;µg/l;OW;Oppervlaktewater;CONCTTE;(massa)Concentratie;nf;na filtratie (opgeloste fractie);MAX;Maximum
3501;difenoxuron;14214-32-5;Dfnxrn;Milieu;Oppervlaktewater zoet;Landoppervlaktewateren Indicatief MTR (opgelost);7,5;µg/l;OW;Oppervlaktewater;CONCTTE;(massa)Concentratie;nf;na filtratie (opgeloste fractie);P90;90-Percentiel
3503;difenylamine;122-39-4;DFyAe;Milieu;Oppervlaktewater zoet;Landoppervlaktewateren Indicatief MTR (opgelost);1,2;µg/l;OW;Oppervlaktewater;CONCTTE;(massa)Concentratie;nf;na filtratie (opgeloste fractie);P90;90-Percentiel
3512;difenylolmethaan;2467-02-9;bisFolF;Milieu;Oppervlaktewater zoet;Landoppervlaktewateren Indicatief MTR (opgelost);1,6;µg/l;OW;Oppervlaktewater;CONCTTE;(massa)Concentratie;nf;na filtratie (opgeloste fractie);P90;90-Percentiel
3513;difenylolmethaan;2467-02-9;bisFolF;Milieu;Sediment;Sediment Indicatief MTR (droge stof);71;µg/kg;BS;Bodem/Sediment;MASSFTE;Massafractie;dg;t.o.v. drooggewicht;;
3515;diflubenzuron;35367-38-5;Dfbzrn;Milieu;Oppervlaktewater zoet;Landoppervlaktewateren Indicatief MTR (opgelost);0,004;µg/l;OW;Oppervlaktewater;CONCTTE;(massa)Concentratie;nf;na filtratie (opgeloste fractie);P90;90-Percentiel
3517;diflufenican (ZZS);83164-33-4;Dffncn;Milieu;Oppervlaktewater zoet;Landoppervlaktewateren Indicatief MTR (opgelost);9;µg/l;OW;Oppervlaktewater;CONCTTE;(massa)Concentratie;nf;na filtratie (opgeloste fractie);P90;90-Percentiel
3583;dikegulac;18467-77-1;Dikglc;Milieu;Oppervlaktewater zoet;Landoppervlaktewateren Indicatief MTR (opgelost);60;µg/l;OW;Oppervlaktewater;CONCTTE;(massa)Concentratie;nf;na filtratie (opgeloste fractie);P90;90-Percentiel
3584;dimethachloor;50563-36-5;DmtCl;Milieu;Oppervlaktewater zoet;Landoppervlaktewateren Indicatief MTR (opgelost);0,53;µg/l;OW;Oppervlaktewater;CONCTTE;(massa)Concentratie;nf;na filtratie (opgeloste fractie);P90;90-Percentiel
3585;dimethenamid-P;163515-14-8;DmtnmdP;Milieu;Oppervlaktewater zoet;Landoppervlaktewateren wettelijk JG-MKN (totaal);0,13;µg/l;OW;Oppervlaktewater;CONCTTE;(massa)Concentratie;NVT;Niet van toepassing;JGM;Jaargemiddelde
3587;dimethenamid-P;163515-14-8;DmtnmdP;Milieu;Oppervlaktewater zoet;Landoppervlaktewateren wettelijk MAC-MKN (totaal);1,6;µg/l;OW;Oppervlaktewater;CONCTTE;(massa)Concentratie;NVT;Niet van toepassing;MAX;Maximum
3590;dimethenamid-P;163515-14-8;DmtnmdP;Milieu;Oppervlaktewater zoet;log Kp l/kg (zwevend stof);1,54;;OW;Oppervlaktewater;NVT;Niet van toepassing;NVT;Niet van toepassing;NVT;Niet van toepassing
3591;dimethenamid-P;163515-14-8;DmtnmdP;Milieu;Oppervlaktewater zoet;Landoppervlaktewateren JG-MKN (opgelost);0,13;µg/l;OW;Oppervlaktewater;CONCTTE;(massa)Concentratie;nf;na filtratie (opgeloste fractie);JGM;Jaargemiddelde
3592;dimethenamid-P;163515-14-8;DmtnmdP;Milieu;Oppervlaktewater zoet;Landoppervlaktewateren MAC-MKN (opgelost);1,6;µg/l;OW;Oppervlaktewater;CONCTTE;(massa)Concentratie;nf;na filtratie (opgeloste fractie);MAX;Maximum
3593;dimethirimol;5221-53-4;Dmtrml;Milieu;Oppervlaktewater zoet;Landoppervlaktewateren Indicatief MTR (opgelost);8,7;µg/l;OW;Oppervlaktewater;CONCTTE;(massa)Concentratie;nf;na filtratie (opgeloste fractie);P90;90-Percentiel
3594;dimethirimol;5221-53-4;Dmtrml;Milieu;Sediment;Sediment Indicatief MTR (droge stof);108;µg/kg;BS;Bodem/Sediment;MASSFTE;Massafractie;dg;t.o.v. drooggewicht;;
3596;dimethoaat;60-51-5;Dmtat;Milieu;Oppervlaktewater zoet;Landoppervlaktewateren wettelijk JG-MKN (totaal);0,07;µg/l;OW;Oppervlaktewater;CONCTTE;(massa)Concentratie;NVT;Niet van toepassing;JGM;Jaargemiddelde
3597;dimethoaat;60-51-5;Dmtat;Milieu;Oppervlaktewater zout;Andere oppervlaktewateren wettelijk JG-MKN (totaal);0,07;µg/l;OW;Oppervlaktewater;CONCTTE;(massa)Concentratie;NVT;Niet van toepassing;JGM;Jaargemiddelde
3598;dimethoaat;60-51-5;Dmtat;Milieu;Oppervlaktewater zoet;Landoppervlaktewateren wettelijk MAC-MKN (totaal);0,7;µg/l;OW;Oppervlaktewater;CONCTTE;(massa)Concentratie;NVT;Niet van toepassing;MAX;Maximum
3599;dimethoaat;60-51-5;Dmtat;Milieu;Oppervlaktewater zout;Andere oppervlaktewateren wettelijk MAC-MKN (totaal);0,7;µg/l;OW;Oppervlaktewater;CONCTTE;(massa)Concentratie;NVT;Niet van toepassing;MAX;Maximum
3601;dimethoaat;60-51-5;Dmtat;Milieu;Oppervlaktewater zoet;log Kp l/kg (zwevend stof);0,83;;OW;Oppervlaktewater;NVT;Niet van toepassing;NVT;Niet van toepassing;NVT;Niet van toepassing
3602;dimethoaat;60-51-5;Dmtat;Milieu;Oppervlaktewater zoet;Landoppervlaktewateren JG-MKN (opgelost);0,07;µg/l;OW;Oppervlaktewater;CONCTTE;(massa)Concentratie;nf;na filtratie (opgeloste fractie);JGM;Jaargemiddelde
3603;dimethoaat;60-51-5;Dmtat;Milieu;Oppervlaktewater zoet;Landoppervlaktewateren MAC-MKN (opgelost);0,7;µg/l;OW;Oppervlaktewater;CONCTTE;(massa)Concentratie;nf;na filtratie (opgeloste fractie);MAX;Maximum
3604;dimethoaat;60-51-5;Dmtat;Milieu;Oppervlaktewater zout;Andere oppervlaktewateren JG-MKN (opgelost);0,07;µg/l;OW;Oppervlaktewater;CONCTTE;(massa)Concentratie;nf;na filtratie (opgeloste fractie);JGM;Jaargemiddelde
3605;dimethoaat;60-51-5;Dmtat;Milieu;Oppervlaktewater zout;Andere oppervlaktewateren MAC-MKN (opgelost);0,7;µg/l;OW;Oppervlaktewater;CONCTTE;(massa)Concentratie;nf;na filtratie (opgeloste fractie);MAX;Maximum
3606;dimethomorf (ZZS);110488-70-5;Dmtmf;Milieu;Oppervlaktewater zoet;Landoppervlaktewateren Indicatief MTR (opgelost);10;µg/l;OW;Oppervlaktewater;CONCTTE;(massa)Concentratie;nf;na filtratie (opgeloste fractie);P90;90-Percentiel
3618;dimethylamine;124-40-3;DC1yAe;Milieu;Oppervlaktewater zoet;Landoppervlaktewateren MTR (opgelost);7,5;µg/l;OW;Oppervlaktewater;CONCTTE;(massa)Concentratie;nf;na filtratie (opgeloste fractie);P90;90-Percentiel
3664;dimethylsulfide;75-18-3;DC1yS;Milieu;Oppervlaktewater zoet;Landoppervlaktewateren Indicatief MTR (opgelost);1,43;µg/l;OW;Oppervlaktewater;CONCTTE;(massa)Concentratie;nf;na filtratie (opgeloste fractie);P90;90-Percentiel
3675;dimoxystrobine;149961-52-4;Dmxsbne;Milieu;Oppervlaktewater zoet;Landoppervlaktewateren Indicatief MTR (opgelost);0,02;µg/l;OW;Oppervlaktewater;CONCTTE;(massa)Concentratie;nf;na filtratie (opgeloste fractie);P90;90-Percentiel
3677;diniconazool;83657-24-3;Dncnzl;Milieu;Oppervlaktewater zoet;Landoppervlaktewateren Indicatief JG-MKN (opgelost);0,13;µg/l;OW;Oppervlaktewater;CONCTTE;(massa)Concentratie;nf;na filtratie (opgeloste fractie);JGM;Jaargemiddelde
3678;diniconazool;83657-24-3;Dncnzl;Milieu;Oppervlaktewater zoet;Landoppervlaktewateren Indicatief MAC-MKN (opgelost);5,3;µg/l;OW;Oppervlaktewater;CONCTTE;(massa)Concentratie;nf;na filtratie (opgeloste fractie);MAX;Maximum
3679;diniconazool;83657-24-3;Dncnzl;Milieu;Oppervlaktewater zout;Andere oppervlaktewateren Indicatief JG-MKN (opgelost);0,032;µg/l;OW;Oppervlaktewater;CONCTTE;(massa)Concentratie;nf;na filtratie (opgeloste fractie);JGM;Jaargemiddelde
3680;diniconazool;83657-24-3;Dncnzl;Milieu;Oppervlaktewater zout;Andere oppervlaktewateren Indicatief MAC-MKN (opgelost);0,53;µg/l;OW;Oppervlaktewateren;CONCTTE;(massa)Concentratie;nf;na filtratie (opgeloste fractie);MAX;Maximum
3683;dinobuton;973-21-7;Dnbtn;Milieu;Oppervlaktewater zoet;Landoppervlaktewateren Indicatief MTR (opgelost);0,00055;µg/l;OW;Oppervlaktewater;CONCTTE;(massa)Concentratie;nf;na filtratie (opgeloste fractie);P90;90-Percentiel
3684;dinocap (ZZS);39300-45-3;Dncp;Milieu;Oppervlaktewater zoet;Landoppervlaktewateren Indicatief MTR (opgelost);0,018;µg/l;OW;Oppervlaktewater;CONCTTE;(massa)Concentratie;nf;na filtratie (opgeloste fractie);P90;90-Percentiel
3685;dinoseb (ZZS);88-85-7;Dnsb;Milieu;Oppervlaktewater zoet;Landoppervlaktewateren MTR (totaal);0,03;µg/l;OW;Oppervlaktewater;CONCTTE;(massa)Concentratie;NVT;Niet van toepassing;P90;90-Percentiel
3686;dinoseb (ZZS);88-85-7;Dnsb;Milieu;Oppervlaktewater zoet;Landoppervlaktewateren MTR (opgelost);0,03;µg/l;OW;Oppervlaktewater;CONCTTE;(massa)Concentratie;nf;na filtratie (opgeloste fractie);P90;90-Percentiel
3687;dinoseb (ZZS);88-85-7;Dnsb;Milieu;Sediment;Sediment MTR (droge stof);0,3;µg/kg;BS;Bodem/Sediment;MASSFTE;Massafractie;dg;t.o.v. drooggewicht;;
3688;dinoseb (ZZS);88-85-7;Dnsb;Milieu;Oppervlaktewater zoet;log Kp l/kg (zwevend stof);1,34;;OW;Oppervlaktewater;NVT;Niet van toepassing;NVT;Niet van toepassing;NVT;Niet van toepassing
3689;dinoterb (ZZS);1420-07-1;Dntb;Milieu;Oppervlaktewater zoet;Landoppervlaktewateren MTR (totaal);0,03;µg/l;OW;Oppervlaktewater;CONCTTE;(massa)Concentratie;NVT;Niet van toepassing;P90;90-Percentiel
3690;dinoterb (ZZS);1420-07-1;Dntb;Milieu;Oppervlaktewater zoet;Landoppervlaktewateren MTR (opgelost);0,03;µg/l;OW;Oppervlaktewater;CONCTTE;(massa)Concentratie;nf;na filtratie (opgeloste fractie);P90;90-Percentiel
3691;dinoterb (ZZS);1420-07-1;Dntb;Milieu;Sediment;Sediment MTR (droge stof);11;µg/kg;BS;Bodem/Sediment;MASSFTE;Massafractie;dg;t.o.v. drooggewicht;;
3692;dinoterb (ZZS);1420-07-1;Dntb;Milieu;Oppervlaktewater zoet;log Kp l/kg (zwevend stof);2,81;;OW;Oppervlaktewater;NVT;Niet van toepassing;NVT;Niet van toepassing;NVT;Niet van toepassing
3693;diosgenin (ZZS);512-04-9;diognn;Milieu;Oppervlaktewater zoet;Landoppervlaktewateren Indicatief MTR (opgelost);2,37E-03;µg/l;OW;Oppervlaktewater;CONCTTE;(massa)Concentratie;nf;na filtratie (opgeloste fractie);P90;90-Percentiel
3696;dioxabenzofos;3811-49-2;DOxbzfs;Milieu;Oppervlaktewater zoet;Landoppervlaktewateren Indicatief MTR (opgelost);0,0012;µg/l;OW;Oppervlaktewater;CONCTTE;(massa)Concentratie;nf;na filtratie (opgeloste fractie);P90;90-Percentiel
3697;dioxacarb;6988-21-2;DOacb;Milieu;Oppervlaktewater zoet;Landoppervlaktewateren Indicatief MTR (opgelost);0,27;µg/l;OW;Oppervlaktewater;CONCTTE;(massa)Concentratie;nf;na filtratie (opgeloste fractie);P90;90-Percentiel
3698;dioxathion;78-34-2;DOxton;Milieu;Oppervlaktewater zoet;Landoppervlaktewateren Indicatief MTR (opgelost);0,00012;µg/l;OW;Oppervlaktewater;CONCTTE;(massa)Concentratie;nf;na filtratie (opgeloste fractie);P90;90-Percentiel
3701;difenylguanidine;102-06-7;13DFygandne;Milieu;Oppervlaktewater zoet;Landoppervlaktewateren Indicatief MTR (opgelost);1,3;µg/l;OW;Oppervlaktewater;CONCTTE;(massa)Concentratie;nf;na filtratie (opgeloste fractie);P90;90-Percentiel
3703;dipropyleenglycolmethylether;34590-94-8;DC3yegcC1yEt;Milieu;Oppervlaktewater zoet;Landoppervlaktewateren Indicatief MTR (opgelost);190;µg/l;OW;Oppervlaktewater;CONCTTE;(massa)Concentratie;nf;na filtratie (opgeloste fractie);P90;90-Percentiel
3704;dipropyleenglycolmethylether;34590-94-8;DC3yegcC1yEt;Milieu;Sediment;Sediment Indicatief MTR (droge stof);4,80E+02;µg/kg;BS;Bodem/Sediment;MASSFTE;Massafractie;dg;t.o.v. drooggewicht;;
3711;disulfoton;298-04-4;Dsftn;Milieu;Sediment;Sediment MTR (droge stof);6;µg/kg;BS;Bodem/Sediment;MASSFTE;Massafractie;dg;t.o.v. drooggewicht;;
3712;disulfoton;298-04-4;Dsftn;Milieu;Oppervlaktewater zoet;log Kp l/kg (zwevend stof);2,19;;OW;Oppervlaktewater;NVT;Niet van toepassing;NVT;Niet van toepassing;NVT;Niet van toepassing
3713;disulfoton;298-04-4;Dsftn;Milieu;Oppervlaktewater zoet;Landoppervlaktewateren MTR (totaal);82;ng/l;OW;Oppervlaktewater;CONCTTE;(massa)Concentratie;NVT;Niet van toepassing;P90;90-Percentiel
3714;disulfoton-sulfon;2497-06-5;Dsftsfn;Milieu;Oppervlaktewater zoet;Landoppervlaktewateren Indicatief MTR (opgelost);0,012;µg/l;OW;Oppervlaktewater;CONCTTE;(massa)Concentratie;nf;na filtratie (opgeloste fractie);P90;90-Percentiel
3715;ditalimfos;5131-24-8;Dtlfs;Milieu;Oppervlaktewater zoet;Landoppervlaktewateren Indicatief MTR (opgelost);0,018;µg/l;OW;Oppervlaktewater;CONCTTE;(massa)Concentratie;nf;na filtratie (opgeloste fractie);P90;90-Percentiel
3716;dithianon;3347-22-6;Dtann;Milieu;Sediment;Sediment MTR (standaard Sediment met 10% organisch materiaal);85;µg/kg;BS;Bodem/Sediment;MASSFTE;Massafractie;dg;t.o.v. drooggewicht;;
3717;dithianon;3347-22-6;Dtann;Milieu;Oppervlaktewater zoet;log Kp l/kg (zwevend stof);3,24;;OW;Oppervlaktewater;NVT;Niet van toepassing;NVT;Niet van toepassing;NVT;Niet van toepassing
3718;dithianon;3347-22-6;Dtann;Milieu;Oppervlaktewater zoet;Landoppervlaktewateren JG-MKN (totaal);0,097;µg/l;OW;Oppervlaktewater;CONCTTE;(massa)Concentratie;NVT;Niet van toepassing;JGM;Jaargemiddelde
3719;dithianon;3347-22-6;Dtann;Milieu;Oppervlaktewater zoet;Landoppervlaktewateren MAC-MKN (totaal);0,36;µg/l;OW;Oppervlaktewater;CONCTTE;(massa)Concentratie;NVT;Niet van toepassing;MAX;Maximum
3722;diuron (ZZS);330-54-1;Durn;Milieu;Oppervlaktewater zoet;Landoppervlaktewateren wettelijk JG-MKN (totaal);0,2;µg/l;OW;Oppervlaktewater;CONCTTE;(massa)Concentratie;NVT;Niet van toepassing;JGM;Jaargemiddelde
3723;diuron (ZZS);330-54-1;Durn;Milieu;Oppervlaktewater zout;Andere oppervlaktewateren wettelijk JG-MKN (totaal);0,2;µg/l;OW;Oppervlaktewater;CONCTTE;(massa)Concentratie;NVT;Niet van toepassing;JGM;Jaargemiddelde
3724;diuron (ZZS);330-54-1;Durn;Milieu;Oppervlaktewater zoet;Landoppervlaktewateren wettelijk MAC-MKN (totaal);1,8;µg/l;OW;Oppervlaktewater;CONCTTE;(massa)Concentratie;NVT;Niet van toepassing;MAX;Maximum
3725;diuron (ZZS);330-54-1;Durn;Milieu;Oppervlaktewater zout;Andere oppervlaktewateren wettelijk MAC-MKN (totaal);1,8;µg/l;OW;Oppervlaktewater;CONCTTE;(massa)Concentratie;NVT;Niet van toepassing;MAX;Maximum
3726;diuron (ZZS);330-54-1;Durn;Milieu;Sediment;Sediment MTR (droge stof);9;µg/kg;BS;Bodem/Sediment;MASSFTE;Massafractie;dg;t.o.v. drooggewicht;;
3728;diuron (ZZS);330-54-1;Durn;Milieu;Oppervlaktewater zoet;log Kp l/kg (zwevend stof);1,62;;OW;Oppervlaktewater;NVT;Niet van toepassing;NVT;Niet van toepassing;NVT;Niet van toepassing
3729;natriumlaurylsulfaat;151-21-3;NaLySO4;Milieu;Oppervlaktewater zoet;Landoppervlaktewateren Indicatief MTR (opgelost);0,26;µg/l;OW;Oppervlaktewater;CONCTTE;(massa)Concentratie;nf;na filtratie (opgeloste fractie);P90;90-Percentiel
3730;natriumlaurylsulfaat;151-21-3;NaLySO4;Milieu;Sediment;Sediment Indicatief MTR (droge stof);1,64;µg/kg;BS;Bodem/Sediment;MASSFTE;Massafractie;dg;t.o.v. drooggewicht;;
3732;dodecylbenzeen;123-01-3;dodcBen;Milieu;Grondwater;Grondwater indicatief niveau voor ernstige verontreiniging (opgelost);0,02;µg/l;GW;Grondwater;CONCTTE;(massa)Concentratie;nf;na filtratie;Nee;
3756;dodemorf;1593-77-7;dodmf;Milieu;Oppervlaktewater zoet;Landoppervlaktewateren Indicatief JG-MKN (opgelost);5,0;µg/l;OW;Oppervlaktewater;CONCTTE;(massa)Concentratie;nf;na filtratie (opgeloste fractie);JGM;Jaargemiddelde
3757;dodemorf;1593-77-7;dodmf;Milieu;Oppervlaktewater zoet;Landoppervlaktewateren Indicatief MAC-MKN (opgelost);5,0;µg/l;OW;Oppervlaktewater;CONCTTE;(massa)Concentratie;nf;na filtratie (opgeloste fractie);MAX;Maximum
3758;dodemorf;1593-77-7;dodmf;Milieu;Oppervlaktewater zout;Andere oppervlaktewateren Indicatief JG-MKN (opgelost);0,50;µg/l;OW;Oppervlaktewater;CONCTTE;(massa)Concentratie;nf;na filtratie (opgeloste fractie);JGM;Jaargemiddelde
3759;dodemorf;1593-77-7;dodmf;Milieu;Oppervlaktewater zout;Andere oppervlaktewateren Indicatief MAC-MKN (opgelost);0,50;µg/l;OW;Oppervlaktewateren;CONCTTE;(massa)Concentratie;nf;na filtratie (opgeloste fractie);MAX;Maximum
3760;dodine;2439-10-3;dodne;Milieu;Sediment;Sediment MTR (standaard Sediment met 10% organisch materiaal);1,0E+5;µg/kg;BS;Bodem/Sediment;MASSFTE;Massafractie;dg;t.o.v. drooggewicht;;
3761;dodine;2439-10-3;dodne;Milieu;Oppervlaktewater zoet;log Kp l/kg (zwevend stof);5,67;;OW;Oppervlaktewater;NVT;Niet van toepassing;NVT;Niet van toepassing;NVT;Niet van toepassing
3762;dodine;2439-10-3;dodne;Milieu;Oppervlaktewater zoet;Landoppervlaktewateren JG-MKN (totaal);3,1;µg/l;OW;Oppervlaktewater;CONCTTE;(massa)Concentratie;NVT;Niet van toepassing;JGM;Jaargemiddelde
3763;dodine;2439-10-3;dodne;Milieu;Oppervlaktewater zoet;Landoppervlaktewateren MAC-MKN (totaal);14;µg/l;OW;Oppervlaktewater;CONCTTE;(massa)Concentratie;NVT;Niet van toepassing;MAX;Maximum
3765;dodine;2439-10-3;dodne;Milieu;Oppervlaktewater zoet;Landoppervlaktewateren JG-MKN (opgelost);0,44;µg/l;OW;Oppervlaktewater;CONCTTE;(massa)Concentratie;nf;na filtratie (opgeloste fractie);JGM;Jaargemiddelde
3766;dodine;2439-10-3;dodne;Milieu;Oppervlaktewater zoet;Landoppervlaktewateren MAC-MKN (opgelost);2;µg/l;OW;Oppervlaktewater;CONCTTE;(massa)Concentratie;nf;na filtratie (opgeloste fractie);MAX;Maximum
3770;DODMAC;107-64-2;DODAC;Milieu;Oppervlaktewater zoet;Landoppervlaktewateren JG-MKN (totaal);6,2;µg/l;OW;Oppervlaktewater;CONCTTE;(massa)Concentratie;NVT;Niet van toepassing;JGM;Jaargemiddelde
3771;DODMAC;107-64-2;DODAC;Milieu;Oppervlaktewater zout;Andere oppervlaktewateren JG-MKN (totaal);0,62;µg/l;OW;Oppervlaktewater;CONCTTE;(massa)Concentratie;NVT;Niet van toepassing;JGM;Jaargemiddelde
3772;DODMAC;107-64-2;DODAC;Milieu;Oppervlaktewater zoet;Landoppervlaktewateren MAC-MKN (totaal);6,2;µg/l;OW;Oppervlaktewater;CONCTTE;(massa)Concentratie;NVT;Niet van toepassing;MAX;Maximum
3773;DODMAC;107-64-2;DODAC;Milieu;Oppervlaktewater zout;Andere oppervlaktewateren MAC-MKN (totaal);0,62;µg/l;OW;Oppervlaktewater;CONCTTE;(massa)Concentratie;NVT;Niet van toepassing;MAX;Maximum
3774;DODMAC;107-64-2;DODAC;Milieu;Sediment;Sediment MTR (standaard Sediment met 10% organisch materiaal);55;mg/kg;BS;Bodem/Sediment;MASSFTE;Massafractie;dg;t.o.v. drooggewicht;;
3776;diethyleentriamine penta(methyleen fosfonzuur);15827-60-8;DTPMP;Milieu;Oppervlaktewater zoet;Landoppervlaktewateren Indicatief MTR (opgelost);1,9;µg/l;OW;Oppervlaktewater;CONCTTE;(massa)Concentratie;nf;na filtratie (opgeloste fractie);P90;90-Percentiel
3777;diethyleentriamine penta(methyleen fosfonzuur);15827-60-8;DTPMP;Milieu;Sediment;Sediment Indicatief MTR (droge stof);2,28E+04;µg/kg;BS;Bodem/Sediment;MASSFTE;Massafractie;dg;t.o.v. drooggewicht;;
3782;dysprosium;7429-91-6;Dy;Milieu;Oppervlaktewater zoet;Landoppervlaktewateren MTR (totaal);76;µg/l;OW;Oppervlaktewater;CONCTTE;(massa)Concentratie;NVT;Niet van toepassing;P90;90-Percentiel
3783;dysprosium;7429-91-6;Dy;Milieu;Oppervlaktewater zout;Andere oppervlaktewateren MTR (totaal);30;µg/l;OW;Oppervlaktewater;CONCTTE;(massa)Concentratie;NVT;Niet van toepassing;P90;90-Percentiel
3784;dysprosium;7429-91-6;Dy;Milieu;Oppervlaktewater zoet;Landoppervlaktewateren MTR (opgelost);9,1;µg/l;OW;Oppervlaktewater;CONCTTE;(massa)Concentratie;nf;na filtratie (opgeloste fractie);P90;90-Percentiel
3785;dysprosium;7429-91-6;Dy;Milieu;Oppervlaktewater zout;Andere oppervlaktewateren MTR (opgelost);3,6;µg/l;OW;Oppervlaktewater;CONCTTE;(massa)Concentratie;nf;na filtratie (opgeloste fractie);P90;90-Percentiel
3786;dysprosium;7429-91-6;Dy;Milieu;Sediment;Sediment landelijke achtergrondconcentratie (droge stof);4;mg/kg;BS;Bodem/Sediment;MASSFTE;Massafractie;dg;t.o.v. drooggewicht;;
3787;dysprosium;7429-91-6;Dy;Milieu;Sediment;Sediment landelijke achtergrondconcentratie, andere oppervlaktewateren (droge stof);4;mg/kg;BS;Bodem/Sediment;MASSFTE;Massafractie;dg;t.o.v. drooggewicht;;
3788;dysprosium;7429-91-6;Dy;Milieu;Sediment;Sediment MTR (droge stof);2200;mg/kg;BS;Bodem/Sediment;MASSFTE;Massafractie;dg;t.o.v. drooggewicht;;
3789;dysprosium;7429-91-6;Dy;Milieu;Sediment;Sediment MTR andere oppervlaktewateren (droge stof);900;mg/kg;BS;Bodem/Sediment;MASSFTE;Massafractie;dg;t.o.v. drooggewicht;;
3790;dysprosium;7429-91-6;Dy;Milieu;Oppervlaktewater zoet;log Kp l/kg (zwevend stof);5,39;;OW;Oppervlaktewater;NVT;Niet van toepassing;NVT;Niet van toepassing;NVT;Niet van toepassing
3792;edifenfos;17109-49-8;edffs;Milieu;Oppervlaktewater zoet;Landoppervlaktewateren Indicatief MTR (opgelost);0,02;µg/l;OW;Oppervlaktewater;CONCTTE;(massa)Concentratie;nf;na filtratie (opgeloste fractie);P90;90-Percentiel
3793;ethyleendiaminetetraethaanzuur;60-00-4;EDTA;Milieu;Oppervlaktewater zoet;Landoppervlaktewateren JG-MKN (totaal);2200;µg/l;OW;Oppervlaktewater;CONCTTE;(massa)Concentratie;NVT;Niet van toepassing;JGM;Jaargemiddelde
3794;ethyleendiaminetetraethaanzuur;60-00-4;EDTA;Milieu;Oppervlaktewater zoet;Landoppervlaktewateren MAC-MKN (totaal);2200;µg/l;OW;Oppervlaktewater;CONCTTE;(massa)Concentratie;NVT;Niet van toepassing;MAX;Maximum
3798;ethyleendiamine tetra (methyleen fosfonzuur);1429-50-1;EDTMP;Milieu;Oppervlaktewater zoet;Landoppervlaktewateren Indicatief MTR (opgelost);0,42;µg/l;OW;Oppervlaktewater;CONCTTE;(massa)Concentratie;nf;na filtratie (opgeloste fractie);P90;90-Percentiel
3799;emamectine benzoaat;155569-91-8;emmtbzat;Milieu;Oppervlaktewater zoet;Landoppervlaktewateren JG-MKN (opgelost);0,0004;µg/l;OW;Oppervlaktewater;CONCTTE;(massa)Concentratie;nf;na filtratie (opgeloste fractie);JGM;Jaargemiddelde
3800;emamectine benzoaat;155569-91-8;emmtbzat;Milieu;Oppervlaktewater zoet;Landoppervlaktewateren MAC-MKN (opgelost);0,004;µg/l;OW;Oppervlaktewater;CONCTTE;(massa)Concentratie;nf;na filtratie (opgeloste fractie);MAX;Maximum
3801;endosulfan (ZZS);115-29-7;endsfn;Milieu;Oppervlaktewater zoet;Landoppervlaktewateren wettelijk JG-MKN (totaal);0,005;µg/l;OW;Oppervlaktewater;CONCTTE;(massa)Concentratie;NVT;Niet van toepassing;JGM;Jaargemiddelde
3802;endosulfan (ZZS);115-29-7;endsfn;Milieu;Oppervlaktewater zout;Andere oppervlaktewateren wettelijk JG-MKN (totaal);0,0005;µg/l;OW;Oppervlaktewater;CONCTTE;(massa)Concentratie;NVT;Niet van toepassing;JGM;Jaargemiddelde
3803;endosulfan (ZZS);115-29-7;endsfn;Milieu;Oppervlaktewater zoet;Landoppervlaktewateren wettelijk MAC-MKN (totaal);0,01;µg/l;OW;Oppervlaktewater;CONCTTE;(massa)Concentratie;NVT;Niet van toepassing;MAX;Maximum
3804;endosulfan (ZZS);115-29-7;endsfn;Milieu;Oppervlaktewater zout;Andere oppervlaktewateren wettelijk MAC-MKN (totaal);0,004;µg/l;OW;Oppervlaktewater;CONCTTE;(massa)Concentratie;NVT;Niet van toepassing;MAX;Maximum
3805;endosulfan (ZZS);115-29-7;endsfn;Milieu;Sediment;Sediment MTR (droge stof);1;µg/kg;BS;Bodem/Sediment;MASSFTE;Massafractie;dg;t.o.v. drooggewicht;;
3807;endosulfan (ZZS);115-29-7;endsfn;Milieu;Oppervlaktewater zoet;log Kp l/kg (zwevend stof);2,11;;OW;Oppervlaktewater;NVT;Niet van toepassing;NVT;Niet van toepassing;NVT;Niet van toepassing
3808;endosulfan (ZZS);115-29-7;endsfn;Milieu;Grondwater;Standaardwaarden grondwater (inclusief AC) (opgelost);0,2;ng/l;GW;Grondwater;CONCTTE;(massa)Concentratie;nf;na filtratie;Nee;
3833;endrin (ZZS);72-20-8;endn;Milieu;Oppervlaktewater zoet;Landoppervlaktewateren wettelijk JG-MKN (totaal);0,01;µg/l;OW;Oppervlaktewater;CONCTTE;(massa)Concentratie;NVT;Niet van toepassing;JGM;Jaargemiddelde
3834;endrin (ZZS);72-20-8;endn;Milieu;Oppervlaktewater zout;Andere oppervlaktewateren wettelijk JG-MKN (totaal);0,005;µg/l;OW;Oppervlaktewater;CONCTTE;(massa)Concentratie;NVT;Niet van toepassing;JGM;Jaargemiddelde
3838;endrin (ZZS);72-20-8;endn;Milieu;Sediment;Sediment MTR (droge stof);4;µg/kg;BS;Bodem/Sediment;MASSFTE;Massafractie;dg;t.o.v. drooggewicht;;
3840;endrin (ZZS);72-20-8;endn;Milieu;Oppervlaktewater zoet;log Kp l/kg (zwevend stof);3,29;;OW;Oppervlaktewater;NVT;Niet van toepassing;NVT;Niet van toepassing;NVT;Niet van toepassing
3841;endrin (ZZS);72-20-8;endn;Milieu;Grondwater;Standaardwaarden grondwater (inclusief AC) (opgelost);0,04;ng/l;GW;Grondwater;CONCTTE;(massa)Concentratie;nf;na filtratie;Nee;
3870;epichloorhydrine (ZZS);106-89-8;epClhdne;Milieu;Oppervlaktewater zoet;log Kp l/kg (zwevend stof);0,32;;OW;Oppervlaktewater;NVT;Niet van toepassing;NVT;Niet van toepassing;NVT;Niet van toepassing
3882;epichloorhydrine (ZZS);106-89-8;epClhdne;Milieu;Oppervlaktewater zoet;Landoppervlaktewateren JG-MKN (totaal);0,65;µg/l;OW;Oppervlaktewater;CONCTTE;(massa)Concentratie;NVT;Niet van toepassing;JGM;Jaargemiddelde
3883;epichloorhydrine (ZZS);106-89-8;epClhdne;Milieu;Oppervlaktewater zoet;Landoppervlaktewateren MAC-MKN (totaal);6,5;µg/l;OW;Oppervlaktewater;CONCTTE;(massa)Concentratie;NVT;Niet van toepassing;MAX;Maximum
3884;epichloorhydrine (ZZS);106-89-8;epClhdne;Milieu;Oppervlaktewater zout;Andere oppervlaktewateren JG-MKN (totaal);0,065;µg/l;OW;Oppervlaktewater;CONCTTE;(massa)Concentratie;NVT;Niet van toepassing;JGM;Jaargemiddelde
3888;epichloorhydrine-dimethylamine-copolymeer;25988-97-0;epClhdnDC1yA;Milieu;Oppervlaktewater zoet;Landoppervlaktewateren Indicatief MTR (opgelost);0,05;µg/l;OW;Oppervlaktewater;CONCTTE;(massa)Concentratie;nf;na filtratie (opgeloste fractie);P90;90-Percentiel
3889;ethyldipropylthiocarbamaat;759-94-4;EPTC;Milieu;Oppervlaktewater zoet;Landoppervlaktewateren Indicatief MTR (opgelost);0,32;µg/l;OW;Oppervlaktewater;CONCTTE;(massa)Concentratie;nf;na filtratie (opgeloste fractie);P90;90-Percentiel
3890;esfenvaleraat;66230-04-4;esfvlrt;Milieu;Oppervlaktewater zoet;Landoppervlaktewateren wettelijk JG-MKN (totaal);0,00019;µg/l;OW;Oppervlaktewater;CONCTTE;(massa)Concentratie;NVT;Niet van toepassing;JGM;Jaargemiddelde
3892;esfenvaleraat;66230-04-4;esfvlrt;Milieu;Oppervlaktewater zoet;Landoppervlaktewateren wettelijk MAC-MKN (totaal);0,0017;µg/l;OW;Oppervlaktewater;CONCTTE;(massa)Concentratie;NVT;Niet van toepassing;MAX;Maximum
3894;esfenvaleraat;66230-04-4;esfvlrt;Milieu;Sediment;Sediment MTR (standaard Sediment met 10% organisch materiaal);0,25;µg/kg;BS;Bodem/Sediment;MASSFTE;Massafractie;dg;t.o.v. drooggewicht;;
3895;esfenvaleraat;66230-04-4;esfvlrt;Milieu;Oppervlaktewater zoet;log Kp l/kg (zwevend stof);4,87;;OW;Oppervlaktewater;NVT;Niet van toepassing;NVT;Niet van toepassing;NVT;Niet van toepassing
3897;estron;53-16-7;oestn;Milieu;Oppervlaktewater zoet;Landoppervlaktewateren Indicatief MTR (opgelost);3,22E-01;µg/l;OW;Oppervlaktewater;CONCTTE;(massa)Concentratie;nf;na filtratie (opgeloste fractie);P90;90-Percentiel
3900;etaconazool;60207-93-4;etcnzl;Milieu;Oppervlaktewater zoet;Landoppervlaktewateren Indicatief MTR (opgelost);0,25;µg/l;OW;Oppervlaktewater;CONCTTE;(massa)Concentratie;nf;na filtratie (opgeloste fractie);P90;90-Percentiel
3903;1,2-ethaandiol;107-21-1;glycl;Milieu;Grondwater;Grondwater indicatief niveau voor ernstige verontreiniging (opgelost);5500;µg/l;GW;Grondwater;CONCTTE;(massa)Concentratie;nf;na filtratie;Nee;
3907;1,2-ethaandiol;107-21-1;glycl;Milieu;Oppervlaktewater zoet;Landoppervlaktewateren Indicatief JG-MKN (opgelost);200;mg/l;OW;Oppervlaktewater;CONCTTE;(massa)Concentratie;nf;na filtratie (opgeloste fractie);JGM;Jaargemiddelde
3908;1,2-ethaandiol;107-21-1;glycl;Milieu;Oppervlaktewater zoet;Landoppervlaktewateren Indicatief JG-MKN (totaal);200;mg/l;OW;Oppervlaktewater;CONCTTE;(massa)Concentratie;NVT;Niet van toepassing;JGM;Jaargemiddelde
3909;1,2-ethaandiol;107-21-1;glycl;Milieu;Oppervlaktewater zoet;Landoppervlaktewateren Indicatief MAC-MKN (opgelost);540;mg/l;OW;Oppervlaktewater;CONCTTE;(massa)Concentratie;nf;na filtratie (opgeloste fractie);MAX;Maximum
3910;1,2-ethaandiol;107-21-1;glycl;Milieu;Oppervlaktewater zoet;Landoppervlaktewateren Indicatief MAC-MKN (totaal);540;mg/l;OW;Oppervlaktewater;CONCTTE;(massa)Concentratie;NVT;Niet van toepassing;MAX;Maximum
3911;1,2-ethaandiol;107-21-1;glycl;Milieu;Oppervlaktewater zout;Andere oppervlaktewateren Indicatief JG-MKN (opgelost);20;mg/l;OW;Oppervlaktewater;CONCTTE;(massa)Concentratie;nf;na filtratie (opgeloste fractie);JGM;Jaargemiddelde
3912;1,2-ethaandiol;107-21-1;glycl;Milieu;Oppervlaktewater zout;Andere oppervlaktewateren Indicatief JG-MKN (totaal);20;mg/l;OW;Oppervlaktewater;CONCTTE;(massa)Concentratie;NVT;Niet van toepassing;JGM;Jaargemiddelde
3913;1,2-ethaandiol;107-21-1;glycl;Milieu;Oppervlaktewater zout;Andere oppervlaktewateren Indicatief MAC-MKN (opgelost);54;mg/l;OW;Oppervlaktewateren;CONCTTE;(massa)Concentratie;nf;na filtratie (opgeloste fractie);MAX;Maximum
3914;1,2-ethaandiol;107-21-1;glycl;Milieu;Oppervlaktewater zout;Andere oppervlaktewateren Indicatief MAC-MKN (totaal);54;mg/l;OW;Oppervlaktewater;CONCTTE;(massa)Concentratie;NVT;Niet van toepassing;MAX;Maximum
3942;ethaandial;107-22-2;glyoxl;Milieu;Oppervlaktewater zoet;Landoppervlaktewateren Indicatief MTR (opgelost);1,76E-01;µg/l;OW;Oppervlaktewater;CONCTTE;(massa)Concentratie;nf;na filtratie (opgeloste fractie);P90;90-Percentiel
3947;ethanol;64-17-5;C2OH;Milieu;Oppervlaktewater zoet;Landoppervlaktewateren Indicatief MTR (opgelost);400;µg/l;OW;Oppervlaktewater;CONCTTE;(massa)Concentratie;nf;na filtratie (opgeloste fractie);P90;90-Percentiel
3948;ethanol;64-17-5;C2OH;Milieu;Sediment;Sediment Indicatief MTR (droge stof);910;µg/kg;BS;Bodem/Sediment;MASSFTE;Massafractie;dg;t.o.v. drooggewicht;;
3964;etheen;74-85-1;C2e;Milieu;Oppervlaktewater zoet;Landoppervlaktewateren MTR (totaal);8500;µg/l;OW;Oppervlaktewater;CONCTTE;(massa)Concentratie;NVT;Niet van toepassing;P90;90-Percentiel
3965;etheen;74-85-1;C2e;Milieu;Oppervlaktewater zoet;Landoppervlaktewateren MTR (opgelost);8500;µg/l;OW;Oppervlaktewater;CONCTTE;(massa)Concentratie;nf;na filtratie (opgeloste fractie);P90;90-Percentiel
3966;etheen;74-85-1;C2e;Milieu;Sediment;Sediment MTR (droge stof);6;mg/kg;BS;Bodem/Sediment;MASSFTE;Massafractie;dg;t.o.v. drooggewicht;;
3968;etheen;74-85-1;C2e;Milieu;Oppervlaktewater zoet;log Kp l/kg (zwevend stof);0,15;;OW;Oppervlaktewater;NVT;Niet van toepassing;NVT;Niet van toepassing;NVT;Niet van toepassing
3972;ethidimuron;30043-49-3;etdmrn;Milieu;Oppervlaktewater zoet;Landoppervlaktewateren Indicatief MTR (opgelost);4,4;µg/l;OW;Oppervlaktewater;CONCTTE;(massa)Concentratie;nf;na filtratie (opgeloste fractie);P90;90-Percentiel
3973;ethinylestradiol;57-63-6;etnetDol;Milieu;Oppervlaktewater zoet;Landoppervlaktewateren JG-MKN (totaal);0,016;ng/l;OW;Oppervlaktewater;CONCTTE;(massa)Concentratie;NVT;Niet van toepassing;JGM;Jaargemiddelde
3974;ethinylestradiol;57-63-6;etnetDol;Milieu;Oppervlaktewater zout;Andere oppervlaktewateren JG-MKN (totaal);0,0016;ng/l;OW;Oppervlaktewater;CONCTTE;(massa)Concentratie;NVT;Niet van toepassing;JGM;Jaargemiddelde
3975;ethinylestradiol;57-63-6;etnetDol;Milieu;Oppervlaktewater zoet;Landoppervlaktewateren MAC-MKN (totaal);56;ng/l;OW;Oppervlaktewater;CONCTTE;(massa)Concentratie;NVT;Niet van toepassing;MAX;Maximum
3979;ethinylestradiol;57-63-6;etnetDol;Milieu;Oppervlaktewater zoet;log Kp l/kg (zwevend stof);2,41;;OW;Oppervlaktewater;NVT;Niet van toepassing;NVT;Niet van toepassing;NVT;Niet van toepassing
3980;ethiofencarb;29973-13-5;etofcb;Milieu;Oppervlaktewater zoet;Landoppervlaktewateren Indicatief MTR (opgelost);20;µg/l;OW;Oppervlaktewater;CONCTTE;(massa)Concentratie;nf;na filtratie (opgeloste fractie);P90;90-Percentiel
3981;ethion;563-12-2;eton;Milieu;Oppervlaktewater zoet;Landoppervlaktewateren Indicatief MTR (opgelost);1,9E-06;µg/l;OW;Oppervlaktewater;CONCTTE;(massa)Concentratie;nf;na filtratie (opgeloste fractie);P90;90-Percentiel
3984;ethirimol;23947-60-6;etrml;Milieu;Oppervlaktewater zoet;Landoppervlaktewateren Indicatief MTR (opgelost);8,83;µg/l;OW;Oppervlaktewater;CONCTTE;(massa)Concentratie;nf;na filtratie (opgeloste fractie);P90;90-Percentiel
3985;ethofumesaat;26225-79-6;etfmst;Milieu;Oppervlaktewater zoet;Landoppervlaktewateren Indicatief MTR (opgelost);6,4;µg/l;OW;Oppervlaktewater;CONCTTE;(massa)Concentratie;nf;na filtratie (opgeloste fractie);P90;90-Percentiel
3986;ethoprofos;13194-48-4;etpfs;Milieu;Oppervlaktewater zoet;Landoppervlaktewateren MTR (totaal);63;ng/l;OW;Oppervlaktewater;CONCTTE;(massa)Concentratie;NVT;Niet van toepassing;P90;90-Percentiel
3987;ethoprofos;13194-48-4;etpfs;Milieu;Oppervlaktewater zoet;Landoppervlaktewateren MTR (opgelost);63;ng/l;OW;Oppervlaktewater;CONCTTE;(massa)Concentratie;nf;na filtratie (opgeloste fractie);P90;90-Percentiel
3988;ethoprofos;13194-48-4;etpfs;Milieu;Sediment;Sediment MTR (droge stof);0,3;µg/kg;BS;Bodem/Sediment;MASSFTE;Massafractie;dg;t.o.v. drooggewicht;;
3989;ethoprofos;13194-48-4;etpfs;Milieu;Oppervlaktewater zoet;log Kp l/kg (zwevend stof);0,98;;OW;Oppervlaktewater;NVT;Niet van toepassing;NVT;Niet van toepassing;NVT;Niet van toepassing
3990;ethoxysulfuron;126801-58-9;C2oxsfrn;Milieu;Oppervlaktewater zoet;Landoppervlaktewateren Indicatief MTR (opgelost);0,00024;µg/l;OW;Oppervlaktewater;CONCTTE;(massa)Concentratie;nf;na filtratie (opgeloste fractie);P90;90-Percentiel
3992;ethylacetaat;141-78-6;C2yactt;Milieu;Grondwater;Grondwater indicatief niveau voor ernstige verontreiniging (opgelost);15000;µg/l;GW;Grondwater;CONCTTE;(massa)Concentratie;nf;na filtratie;Nee;
3998;ethylacetaat;141-78-6;C2yactt;Milieu;Oppervlaktewater zoet;Landoppervlaktewateren Indicatief JG-MKN (opgelost);48;µg/l;OW;Oppervlaktewater;CONCTTE;(massa)Concentratie;nf;na filtratie (opgeloste fractie);JGM;Jaargemiddelde
3999;ethylacetaat;141-78-6;C2yactt;Milieu;Oppervlaktewater zoet;Landoppervlaktewateren Indicatief JG-MKN (totaal);48;µg/l;OW;Oppervlaktewater;CONCTTE;(massa)Concentratie;NVT;Niet van toepassing;JGM;Jaargemiddelde
4000;ethylacetaat;141-78-6;C2yactt;Milieu;Oppervlaktewater zoet;Landoppervlaktewateren Indicatief MAC-MKN (opgelost);11;mg/l;OW;Oppervlaktewater;CONCTTE;(massa)Concentratie;nf;na filtratie (opgeloste fractie);MAX;Maximum
4001;ethylacetaat;141-78-6;C2yactt;Milieu;Oppervlaktewater zoet;Landoppervlaktewateren Indicatief MAC-MKN (totaal);11;mg/l;OW;Oppervlaktewater;CONCTTE;(massa)Concentratie;NVT;Niet van toepassing;MAX;Maximum
4002;ethylacetaat;141-78-6;C2yactt;Milieu;Oppervlaktewater zout;Andere oppervlaktewateren Indicatief JG-MKN (opgelost);4,8;µg/l;OW;Oppervlaktewater;CONCTTE;(massa)Concentratie;nf;na filtratie (opgeloste fractie);JGM;Jaargemiddelde
4003;ethylacetaat;141-78-6;C2yactt;Milieu;Oppervlaktewater zout;Andere oppervlaktewateren Indicatief JG-MKN (totaal);4,8;µg/l;OW;Oppervlaktewater;CONCTTE;(massa)Concentratie;NVT;Niet van toepassing;JGM;Jaargemiddelde
4004;ethylacetaat;141-78-6;C2yactt;Milieu;Oppervlaktewater zout;Andere oppervlaktewateren Indicatief MAC-MKN (opgelost);1,1;mg/l;OW;Oppervlaktewateren;CONCTTE;(massa)Concentratie;nf;na filtratie (opgeloste fractie);MAX;Maximum
4005;ethylacetaat;141-78-6;C2yactt;Milieu;Oppervlaktewater zout;Andere oppervlaktewateren Indicatief MAC-MKN (totaal);1,1;mg/l;OW;Oppervlaktewater;CONCTTE;(massa)Concentratie;NVT;Niet van toepassing;MAX;Maximum
4043;ethylacrylaat;140-88-5;C2yaclt;Milieu;Oppervlaktewater zoet;Landoppervlaktewateren Indicatief MTR (opgelost);2,5;µg/l;OW;Oppervlaktewater;CONCTTE;(massa)Concentratie;nf;na filtratie (opgeloste fractie);P90;90-Percentiel
4057;ethylamine;75-04-7;C2yAe;Milieu;Oppervlaktewater zoet;Landoppervlaktewateren Indicatief MTR (opgelost);1100;µg/l;OW;Oppervlaktewater;CONCTTE;(massa)Concentratie;nf;na filtratie (opgeloste fractie);P90;90-Percentiel
4060;ethylbenzeen;100-41-4;C2yBen;Milieu;Grondwater;Signaleringsparameter  beoordeling grondwatersanering (opgelost);150;µg/l;GW;Grondwater;CONCTTE;(massa)Concentratie;nf;na filtratie;Nee;
4063;ethylbenzeen;100-41-4;C2yBen;Milieu;Sediment;Sediment MTR (droge stof);3;mg/kg;BS;Bodem/Sediment;MASSFTE;Massafractie;dg;t.o.v. drooggewicht;;
4064;ethylbenzeen;100-41-4;C2yBen;Milieu;Oppervlaktewater zoet;log Kp l/kg (zwevend stof);1,3;;OW;Oppervlaktewater;NVT;Niet van toepassing;NVT;Niet van toepassing;NVT;Niet van toepassing
4065;ethylbenzeen;100-41-4;C2yBen;Milieu;Oppervlaktewater zoet;Landoppervlaktewateren wettelijk MAC-MKN (totaal);220;µg/l;OW;Oppervlaktewater;CONCTTE;(massa)Concentratie;NVT;Niet van toepassing;MAX;Maximum
4066;ethylbenzeen;100-41-4;C2yBen;Milieu;Oppervlaktewater zout;Andere oppervlaktewateren wettelijk MAC-MKN (totaal);22;µg/l;OW;Oppervlaktewater;CONCTTE;(massa)Concentratie;NVT;Niet van toepassing;MAX;Maximum
4067;ethylbenzeen;100-41-4;C2yBen;Milieu;Oppervlaktewater zoet;Landoppervlaktewateren wettelijk JG-MKN (totaal);65;µg/l;OW;Oppervlaktewater;CONCTTE;(massa)Concentratie;NVT;Niet van toepassing;JGM;Jaargemiddelde
4068;ethylbenzeen;100-41-4;C2yBen;Milieu;Oppervlaktewater zoet;Landoppervlaktewateren JG-MKN (opgelost);65;µg/l;OW;Oppervlaktewater;CONCTTE;(massa)Concentratie;nf;na filtratie (opgeloste fractie);JGM;Jaargemiddelde
4069;ethylbenzeen;100-41-4;C2yBen;Milieu;Oppervlaktewater zoet;Landoppervlaktewateren MAC-MKN (opgelost);220;µg/l;OW;Oppervlaktewater;CONCTTE;(massa)Concentratie;nf;na filtratie (opgeloste fractie);MAX;Maximum
4070;ethylbenzeen;100-41-4;C2yBen;Milieu;Oppervlaktewater zout;Andere oppervlaktewateren wettelijk JG-MKN (totaal);10;µg/l;OW;Oppervlaktewater;CONCTTE;(massa)Concentratie;NVT;Niet van toepassing;JGM;Jaargemiddelde
4071;ethylbenzeen;100-41-4;C2yBen;Milieu;Oppervlaktewater zout;Andere oppervlaktewateren JG-MKN (opgelost);10;µg/l;OW;Oppervlaktewater;CONCTTE;(massa)Concentratie;nf;na filtratie (opgeloste fractie);JGM;Jaargemiddelde
4072;ethylbenzeen;100-41-4;C2yBen;Milieu;Oppervlaktewater zout;Andere oppervlaktewateren MAC-MKN (opgelost);22;µg/l;OW;Oppervlaktewater;CONCTTE;(massa)Concentratie;nf;na filtratie (opgeloste fractie);MAX;Maximum
4086;ethylbenzeen;100-41-4;C2yBen;Milieu;Grondwater;Standaardwaarden grondwater (inclusief AC) (opgelost);4;µg/l;GW;Grondwater;CONCTTE;(massa)Concentratie;nf;na filtratie;Nee;
4113;ethyleendiamine (ZZS);107-15-3;C2yeDAe;Milieu;Oppervlaktewater zoet;Landoppervlaktewateren Indicatief MTR (opgelost);0,2;mg/l;OW;Oppervlaktewater;CONCTTE;(massa)Concentratie;nf;na filtratie (opgeloste fractie);P90;90-Percentiel
4127;ethyleenoxide (ZZS);75-21-8;C2yeO;Milieu;Oppervlaktewater zoet;Landoppervlaktewateren MTR (totaal);84;µg/l;OW;Oppervlaktewater;CONCTTE;(massa)Concentratie;NVT;Niet van toepassing;P90;90-Percentiel
4128;ethyleenoxide (ZZS);75-21-8;C2yeO;Milieu;Oppervlaktewater zoet;Landoppervlaktewateren MTR (opgelost);84;µg/l;OW;Oppervlaktewater;CONCTTE;(massa)Concentratie;nf;na filtratie (opgeloste fractie);P90;90-Percentiel
4129;ethyleenoxide (ZZS);75-21-8;C2yeO;Milieu;Sediment;Sediment MTR (droge stof);0,002;mg/kg;BS;Bodem/Sediment;MASSFTE;Massafractie;dg;t.o.v. drooggewicht;;
4131;ethyleenoxide (ZZS);75-21-8;C2yeO;Milieu;Oppervlaktewater zoet;log Kp l/kg (zwevend stof);-1,32;;OW;Oppervlaktewater;NVT;Niet van toepassing;NVT;Niet van toepassing;NVT;Niet van toepassing
4147;ethyleenthioureum (ZZS);96-45-7;C2yetourum;Milieu;Oppervlaktewater zoet;Landoppervlaktewateren Indicatief JG-MKN (opgelost);4,0;µg/l;OW;Oppervlaktewater;CONCTTE;(massa)Concentratie;nf;na filtratie (opgeloste fractie);JGM;Jaargemiddelde
4148;ethyleenthioureum (ZZS);96-45-7;C2yetourum;Milieu;Oppervlaktewater zoet;Landoppervlaktewateren Indicatief JG-MKN (totaal);4,0;µg/l;OW;Oppervlaktewater;CONCTTE;(massa)Concentratie;NVT;Niet van toepassing;JGM;Jaargemiddelde
4149;ethyleenthioureum (ZZS);96-45-7;C2yetourum;Milieu;Oppervlaktewater zoet;Landoppervlaktewateren Indicatief MAC-MKN (opgelost);110;µg/l;OW;Oppervlaktewater;CONCTTE;(massa)Concentratie;nf;na filtratie (opgeloste fractie);MAX;Maximum
4150;ethyleenthioureum (ZZS);96-45-7;C2yetourum;Milieu;Oppervlaktewater zoet;Landoppervlaktewateren Indicatief MAC-MKN (totaal);110;µg/l;OW;Oppervlaktewater;CONCTTE;(massa)Concentratie;NVT;Niet van toepassing;MAX;Maximum
4151;ethyleenthioureum (ZZS);96-45-7;C2yetourum;Milieu;Oppervlaktewater zout;Andere oppervlaktewateren Indicatief JG-MKN (opgelost);0,4;µg/l;OW;Oppervlaktewater;CONCTTE;(massa)Concentratie;nf;na filtratie (opgeloste fractie);JGM;Jaargemiddelde
4152;ethyleenthioureum (ZZS);96-45-7;C2yetourum;Milieu;Oppervlaktewater zout;Andere oppervlaktewateren Indicatief JG-MKN (totaal);0,4;µg/l;OW;Oppervlaktewater;CONCTTE;(massa)Concentratie;NVT;Niet van toepassing;JGM;Jaargemiddelde
4153;ethyleenthioureum (ZZS);96-45-7;C2yetourum;Milieu;Oppervlaktewater zout;Andere oppervlaktewateren Indicatief MAC-MKN (opgelost);11;µg/l;OW;Oppervlaktewateren;CONCTTE;(massa)Concentratie;nf;na filtratie (opgeloste fractie);MAX;Maximum
4154;ethyleenthioureum (ZZS);96-45-7;C2yetourum;Milieu;Oppervlaktewater zout;Andere oppervlaktewateren Indicatief MAC-MKN (totaal);11;µg/l;OW;Oppervlaktewater;CONCTTE;(massa)Concentratie;NVT;Niet van toepassing;MAX;Maximum
4155;ethyl-p-nitrofenylthiobenzeenfosfenaat (ZZS);2104-64-5;EPN;Milieu;Oppervlaktewater zoet;Landoppervlaktewateren Indicatief MTR (opgelost);2,29E-02;µg/l;OW;Oppervlaktewater;CONCTTE;(massa)Concentratie;nf;na filtratie (opgeloste fractie);P90;90-Percentiel
4158;etofenprox;80844-07-1;etfpx;Milieu;Oppervlaktewater zoet;Landoppervlaktewateren Indicatief MTR (opgelost);0,00054;µg/l;OW;Oppervlaktewater;CONCTTE;(massa)Concentratie;nf;na filtratie (opgeloste fractie);P90;90-Percentiel
4160;etoxazool;153233-91-1;etxzl;Milieu;Oppervlaktewater zoet;Landoppervlaktewateren Indicatief MTR (opgelost);0,0004;µg/l;OW;Oppervlaktewater;CONCTTE;(massa)Concentratie;nf;na filtratie (opgeloste fractie);P90;90-Percentiel
4162;etridiazool;2593-15-9;eTDazl;Milieu;Oppervlaktewater zoet;Landoppervlaktewateren Indicatief JG-MKN (opgelost);0,20;µg/l;OW;Oppervlaktewater;CONCTTE;(massa)Concentratie;nf;na filtratie (opgeloste fractie);JGM;Jaargemiddelde
4163;etridiazool;2593-15-9;eTDazl;Milieu;Oppervlaktewater zoet;Landoppervlaktewateren Indicatief MAC-MKN (opgelost);0,72;µg/l;OW;Oppervlaktewater;CONCTTE;(massa)Concentratie;nf;na filtratie (opgeloste fractie);MAX;Maximum
4164;etridiazool;2593-15-9;eTDazl;Milieu;Oppervlaktewater zout;Andere oppervlaktewateren Indicatief JG-MKN (opgelost);0,020;µg/l;OW;Oppervlaktewater;CONCTTE;(massa)Concentratie;nf;na filtratie (opgeloste fractie);JGM;Jaargemiddelde
4165;etridiazool;2593-15-9;eTDazl;Milieu;Oppervlaktewater zout;Andere oppervlaktewateren Indicatief MAC-MKN (opgelost);0,072;µg/l;OW;Oppervlaktewateren;CONCTTE;(massa)Concentratie;nf;na filtratie (opgeloste fractie);MAX;Maximum
4166;etrimfos;38260-54-7;etfs;Milieu;Oppervlaktewater zoet;Landoppervlaktewateren Indicatief MTR (opgelost);0,001;µg/l;OW;Oppervlaktewater;CONCTTE;(massa)Concentratie;nf;na filtratie (opgeloste fractie);P90;90-Percentiel
4167;eugenol;97-53-0;eugnl;Milieu;Oppervlaktewater zoet;Landoppervlaktewateren Indicatief MTR (opgelost);2,4;µg/l;OW;Oppervlaktewater;CONCTTE;(massa)Concentratie;nf;na filtratie (opgeloste fractie);P90;90-Percentiel
4168;eugenol;97-53-0;eugnl;Milieu;Sediment;Sediment Indicatief MTR (droge stof);27,4;µg/kg;BS;Bodem/Sediment;MASSFTE;Massafractie;dg;t.o.v. drooggewicht;;
4170;famoxadone;131807-57-3;famxdne;Milieu;Oppervlaktewater zoet;Landoppervlaktewateren Indicatief JG-MKN (opgelost);8,5E-03;µg/l;OW;Oppervlaktewater;CONCTTE;(massa)Concentratie;nf;na filtratie (opgeloste fractie);JGM;Jaargemiddelde
4171;famoxadone;131807-57-3;famxdne;Milieu;Oppervlaktewater zoet;Landoppervlaktewateren Indicatief MAC-MKN (opgelost);0,016;µg/l;OW;Oppervlaktewater;CONCTTE;(massa)Concentratie;nf;na filtratie (opgeloste fractie);MAX;Maximum
4172;famoxadone;131807-57-3;famxdne;Milieu;Oppervlaktewater zout;Andere oppervlaktewateren Indicatief JG-MKN (opgelost);8,5E-04;µg/l;OW;Oppervlaktewater;CONCTTE;(massa)Concentratie;nf;na filtratie (opgeloste fractie);JGM;Jaargemiddelde
4173;famoxadone;131807-57-3;famxdne;Milieu;Oppervlaktewater zout;Andere oppervlaktewateren Indicatief MAC-MKN (opgelost);1,6E-03;µg/l;OW;Oppervlaktewateren;CONCTTE;(massa)Concentratie;nf;na filtratie (opgeloste fractie);MAX;Maximum
4174;fenamidone;161326-34-7;fenmdn;Milieu;Oppervlaktewater zoet;Landoppervlaktewateren JG-MKN (opgelost);1,25;µg/l;OW;Oppervlaktewater;CONCTTE;(massa)Concentratie;nf;na filtratie (opgeloste fractie);JGM;Jaargemiddelde
4175;fenamidone;161326-34-7;fenmdn;Milieu;Sediment;Sediment Indicatief MTR (droge stof);32;µg/kg;BS;Bodem/Sediment;MASSFTE;Massafractie;dg;t.o.v. drooggewicht;;
4177;fenamifos;22224-92-6;fenamfs;Milieu;Oppervlaktewater zoet;Landoppervlaktewateren wettelijk JG-MKN (totaal);0,012;µg/l;OW;Oppervlaktewater;CONCTTE;(massa)Concentratie;NVT;Niet van toepassing;JGM;Jaargemiddelde
4179;fenamifos;22224-92-6;fenamfs;Milieu;Oppervlaktewater zoet;Landoppervlaktewateren wettelijk MAC-MKN (totaal);0,027;µg/l;OW;Oppervlaktewater;CONCTTE;(massa)Concentratie;NVT;Niet van toepassing;MAX;Maximum
4182;fenamifos;22224-92-6;fenamfs;Milieu;Oppervlaktewater zoet;log Kp l/kg (zwevend stof);1,54;;OW;Oppervlaktewater;NVT;Niet van toepassing;NVT;Niet van toepassing;NVT;Niet van toepassing
4183;fenamifos;22224-92-6;fenamfs;Milieu;Oppervlaktewater zoet;Landoppervlaktewateren JG-MKN (opgelost);0,012;µg/l;OW;Oppervlaktewater;CONCTTE;(massa)Concentratie;nf;na filtratie (opgeloste fractie);JGM;Jaargemiddelde
4184;fenamifos;22224-92-6;fenamfs;Milieu;Oppervlaktewater zoet;Landoppervlaktewateren MAC-MKN (opgelost);0,027;µg/l;OW;Oppervlaktewater;CONCTTE;(massa)Concentratie;nf;na filtratie (opgeloste fractie);MAX;Maximum
4185;fenantreen (ZZS);85-01-8;Fen;Milieu;Grondwater;Signaleringsparameter  beoordeling grondwatersanering (opgelost);5;µg/l;GW;Grondwater;CONCTTE;(massa)Concentratie;nf;na filtratie;Nee;
4186;fenantreen (ZZS);85-01-8;Fen;Milieu;Sediment;Sediment MTR (droge stof);0,5;mg/kg;BS;Bodem/Sediment;MASSFTE;Massafractie;dg;t.o.v. drooggewicht;;
4187;fenantreen (ZZS);85-01-8;Fen;Milieu;Oppervlaktewater zoet;log Kp l/kg (zwevend stof);3,53;;OW;Oppervlaktewater;NVT;Niet van toepassing;NVT;Niet van toepassing;NVT;Niet van toepassing
4188;fenantreen (ZZS);85-01-8;Fen;Milieu;Oppervlaktewater zout;Andere oppervlaktewateren wettelijk JG-MKN (totaal);1,1;µg/l;OW;Oppervlaktewater;CONCTTE;(massa)Concentratie;NVT;Niet van toepassing;JGM;Jaargemiddelde
4189;fenantreen (ZZS);85-01-8;Fen;Milieu;Oppervlaktewater zoet;Landoppervlaktewateren wettelijk JG-MKN (totaal);1,2;µg/l;OW;Oppervlaktewater;CONCTTE;(massa)Concentratie;NVT;Niet van toepassing;JGM;Jaargemiddelde
4190;fenantreen (ZZS);85-01-8;Fen;Milieu;Oppervlaktewater zoet;Landoppervlaktewateren wettelijk MAC-MKN (totaal);7,2;µg/l;OW;Oppervlaktewater;CONCTTE;(massa)Concentratie;NVT;Niet van toepassing;MAX;Maximum
4191;fenantreen (ZZS);85-01-8;Fen;Milieu;Oppervlaktewater zout;Andere oppervlaktewateren wettelijk MAC-MKN (totaal);6,7;µg/l;OW;Oppervlaktewater;CONCTTE;(massa)Concentratie;NVT;Niet van toepassing;MAX;Maximum
4192;fenantreen (ZZS);85-01-8;Fen;Milieu;Oppervlaktewater zoet;Landoppervlaktewateren JG-MKN (opgelost);1,1;µg/l;OW;Oppervlaktewater;CONCTTE;(massa)Concentratie;nf;na filtratie (opgeloste fractie);JGM;Jaargemiddelde
4193;fenantreen (ZZS);85-01-8;Fen;Milieu;Oppervlaktewater zoet;Landoppervlaktewateren MAC-MKN (opgelost);6,7;µg/l;OW;Oppervlaktewater;CONCTTE;(massa)Concentratie;nf;na filtratie (opgeloste fractie);MAX;Maximum
4194;fenantreen (ZZS);85-01-8;Fen;Milieu;Oppervlaktewater zout;Andere oppervlaktewateren JG-MKN (opgelost);1,1;µg/l;OW;Oppervlaktewater;CONCTTE;(massa)Concentratie;nf;na filtratie (opgeloste fractie);JGM;Jaargemiddelde
4195;fenantreen (ZZS);85-01-8;Fen;Milieu;Oppervlaktewater zout;Andere oppervlaktewateren MAC-MKN (opgelost);6,7;µg/l;OW;Oppervlaktewater;CONCTTE;(massa)Concentratie;nf;na filtratie (opgeloste fractie);MAX;Maximum
4197;fenantreen (ZZS);85-01-8;Fen;Milieu;Grondwater;Standaardwaarden grondwater (inclusief AC) (opgelost);0,003;µg/l;GW;Grondwater;CONCTTE;(massa)Concentratie;nf;na filtratie;Nee;
4222;fenarimol;60168-88-9;fenarml;Milieu;Oppervlaktewater zoet;Landoppervlaktewateren Indicatief MTR (opgelost);1,1;µg/l;OW;Oppervlaktewater;CONCTTE;(massa)Concentratie;nf;na filtratie (opgeloste fractie);P90;90-Percentiel
4223;fenazaquin;120928-09-8;fenzqn;Milieu;Oppervlaktewater zoet;Landoppervlaktewateren Indicatief MTR (opgelost);0,096;µg/l;OW;Oppervlaktewater;CONCTTE;(massa)Concentratie;nf;na filtratie (opgeloste fractie);P90;90-Percentiel
4225;fenbuconazool;114369-43-6;fenbcnzl;Milieu;Oppervlaktewater zoet;Landoppervlaktewateren Indicatief JG-MKN (opgelost);0,50;µg/l;OW;Oppervlaktewater;CONCTTE;(massa)Concentratie;nf;na filtratie (opgeloste fractie);JGM;Jaargemiddelde
4226;fenbuconazool;114369-43-6;fenbcnzl;Milieu;Oppervlaktewater zoet;Landoppervlaktewateren Indicatief MAC-MKN (opgelost);0,60;µg/l;OW;Oppervlaktewater;CONCTTE;(massa)Concentratie;nf;na filtratie (opgeloste fractie);MAX;Maximum
4227;fenbuconazool;114369-43-6;fenbcnzl;Milieu;Oppervlaktewater zout;Andere oppervlaktewateren Indicatief JG-MKN (opgelost);0,050;µg/l;OW;Oppervlaktewater;CONCTTE;(massa)Concentratie;nf;na filtratie (opgeloste fractie);JGM;Jaargemiddelde
4228;fenbuconazool;114369-43-6;fenbcnzl;Milieu;Oppervlaktewater zout;Andere oppervlaktewateren Indicatief MAC-MKN (opgelost);0,060;µg/l;OW;Oppervlaktewateren;CONCTTE;(massa)Concentratie;nf;na filtratie (opgeloste fractie);MAX;Maximum
4229;fenbutatin (ZZS);13356-08-6;fenbtSnO;Milieu;Oppervlaktewater zoet;Landoppervlaktewateren Indicatief MTR (opgelost);0,0015;µg/l;OW;Oppervlaktewater;CONCTTE;(massa)Concentratie;nf;na filtratie (opgeloste fractie);P90;90-Percentiel
4230;fenchloorfos;299-84-3;fenClfs;Milieu;Oppervlaktewater zoet;Landoppervlaktewateren Indicatief MTR (opgelost);6E-05;µg/l;OW;Oppervlaktewater;CONCTTE;(massa)Concentratie;nf;na filtratie (opgeloste fractie);P90;90-Percentiel
4233;fenfuram;24691-80-3;fenfrm;Milieu;Oppervlaktewater zoet;Landoppervlaktewateren Indicatief MTR (opgelost);1,1;µg/l;OW;Oppervlaktewater;CONCTTE;(massa)Concentratie;nf;na filtratie (opgeloste fractie);P90;90-Percentiel
4234;fenhexamide;126833-17-8;fenhxAd;Milieu;Oppervlaktewater zoet;Landoppervlaktewateren Indicatief MTR (opgelost);2;µg/l;OW;Oppervlaktewater;CONCTTE;(massa)Concentratie;nf;na filtratie (opgeloste fractie);P90;90-Percentiel
4235;fenitrothion;122-14-5;feNO2ton;Milieu;Sediment;Sediment MTR (droge stof);0,7;µg/kg;BS;Bodem/Sediment;MASSFTE;Massafractie;dg;t.o.v. drooggewicht;;
4237;fenitrothion;122-14-5;feNO2ton;Milieu;Oppervlaktewater zoet;log Kp l/kg (zwevend stof);2,2;;OW;Oppervlaktewater;NVT;Niet van toepassing;NVT;Niet van toepassing;NVT;Niet van toepassing
4238;fenitrothion;122-14-5;feNO2ton;Milieu;Oppervlaktewater zoet;Landoppervlaktewateren wettelijk JG-MKN (totaal);9;ng/l;OW;Oppervlaktewater;CONCTTE;(massa)Concentratie;NVT;Niet van toepassing;JGM;Jaargemiddelde
4239;fenitrothion;122-14-5;feNO2ton;Milieu;Oppervlaktewater zoet;Landoppervlaktewateren JG-MKN (opgelost);9;ng/l;OW;Oppervlaktewater;CONCTTE;(massa)Concentratie;nf;na filtratie (opgeloste fractie);JGM;Jaargemiddelde
4240;fenmedifam;13684-63-4;fenmdfm;Milieu;Oppervlaktewater zoet;Landoppervlaktewateren Indicatief MTR (opgelost);0,5;µg/l;OW;Oppervlaktewater;CONCTTE;(massa)Concentratie;nf;na filtratie (opgeloste fractie);P90;90-Percentiel
4241;fenobucarb;3766-81-2;fenbcb;Milieu;Oppervlaktewater zoet;Landoppervlaktewateren Indicatief MTR (opgelost);0,0017;µg/l;OW;Oppervlaktewater;CONCTTE;(massa)Concentratie;nf;na filtratie (opgeloste fractie);P90;90-Percentiel
4243;fenol;108-95-2;Fol;Milieu;Grondwater;Signaleringsparameter  beoordeling grondwatersanering (opgelost);2000;µg/l;GW;Grondwater;CONCTTE;(massa)Concentratie;nf;na filtratie;Nee;
4257;fenol;108-95-2;Fol;Milieu;Oppervlaktewater zoet;Landoppervlaktewateren Indicatief JG-MKN (opgelost);7,7;µg/l;OW;Oppervlaktewater;CONCTTE;(massa)Concentratie;nf;na filtratie (opgeloste fractie);JGM;Jaargemiddelde
4258;fenol;108-95-2;Fol;Milieu;Oppervlaktewater zoet;Landoppervlaktewateren Indicatief JG-MKN (totaal);7,7;µg/l;OW;Oppervlaktewater;CONCTTE;(massa)Concentratie;NVT;Niet van toepassing;JGM;Jaargemiddelde
4259;fenol;108-95-2;Fol;Milieu;Oppervlaktewater zoet;Landoppervlaktewateren Indicatief MAC-MKN (opgelost);0,25;mg/l;OW;Oppervlaktewater;CONCTTE;(massa)Concentratie;nf;na filtratie (opgeloste fractie);MAX;Maximum
4260;fenol;108-95-2;Fol;Milieu;Oppervlaktewater zoet;Landoppervlaktewateren Indicatief MAC-MKN (totaal);0,25;mg/l;OW;Oppervlaktewater;CONCTTE;(massa)Concentratie;NVT;Niet van toepassing;MAX;Maximum
4261;fenol;108-95-2;Fol;Milieu;Oppervlaktewater zout;Andere oppervlaktewateren Indicatief JG-MKN (opgelost);0,77;µg/l;OW;Oppervlaktewater;CONCTTE;(massa)Concentratie;nf;na filtratie (opgeloste fractie);JGM;Jaargemiddelde
4262;fenol;108-95-2;Fol;Milieu;Oppervlaktewater zout;Andere oppervlaktewateren Indicatief JG-MKN (totaal);0,77;µg/l;OW;Oppervlaktewater;CONCTTE;(massa)Concentratie;NVT;Niet van toepassing;JGM;Jaargemiddelde
4263;fenol;108-95-2;Fol;Milieu;Oppervlaktewater zout;Andere oppervlaktewateren Indicatief MAC-MKN (opgelost);25;µg/l;OW;Oppervlaktewateren;CONCTTE;(massa)Concentratie;nf;na filtratie (opgeloste fractie);MAX;Maximum
4264;fenol;108-95-2;Fol;Milieu;Oppervlaktewater zout;Andere oppervlaktewateren Indicatief MAC-MKN (totaal);25;µg/l;OW;Oppervlaktewater;CONCTTE;(massa)Concentratie;NVT;Niet van toepassing;MAX;Maximum
4266;fenol;108-95-2;Fol;Milieu;Grondwater;Standaardwaarden grondwater (inclusief AC) (opgelost);0,2;µg/l;GW;Grondwater;CONCTTE;(massa)Concentratie;nf;na filtratie;Nee;
4290;fenothiocarb;62850-32-2;gentocb;Milieu;Oppervlaktewater zoet;Landoppervlaktewateren Indicatief MTR (opgelost);2,23;µg/l;OW;Oppervlaktewater;CONCTTE;(massa)Concentratie;nf;na filtratie (opgeloste fractie);P90;90-Percentiel
4291;fenothrin;26002-80-2;fentn;Milieu;Oppervlaktewater zoet;Landoppervlaktewateren Indicatief MTR (opgelost);1E-006;µg/l;OW;Oppervlaktewater;CONCTTE;(massa)Concentratie;nf;na filtratie (opgeloste fractie);P90;90-Percentiel
4292;fenoxaprop-P-ethyl;71283-80-2;fenxppPC2y;Milieu;Oppervlaktewater zoet;Landoppervlaktewateren Indicatief MTR (opgelost);0,72;µg/l;OW;Oppervlaktewater;CONCTTE;(massa)Concentratie;nf;na filtratie (opgeloste fractie);P90;90-Percentiel
4293;fenpiclonil;74738-17-3;fenpcnl;Milieu;Oppervlaktewater zoet;Landoppervlaktewateren Indicatief MTR (opgelost);5,9;µg/l;OW;Oppervlaktewater;CONCTTE;(massa)Concentratie;nf;na filtratie (opgeloste fractie);P90;90-Percentiel
4294;fenpropathrin;39515-41-8;fenpratn;Milieu;Oppervlaktewater zoet;Landoppervlaktewateren Indicatief MTR (opgelost);8e-005;µg/l;OW;Oppervlaktewater;CONCTTE;(massa)Concentratie;nf;na filtratie (opgeloste fractie);P90;90-Percentiel
4296;fenpropidin;67306-00-7;fenppdn;Milieu;Oppervlaktewater zoet;Landoppervlaktewateren Indicatief MTR (opgelost);0,014;µg/l;OW;Oppervlaktewater;CONCTTE;(massa)Concentratie;nf;na filtratie (opgeloste fractie);P90;90-Percentiel
4297;fenpropimorf;67564-91-4;fenppmf;Milieu;Oppervlaktewater zoet;Landoppervlaktewateren Indicatief MTR (opgelost);0,22;µg/l;OW;Oppervlaktewater;CONCTTE;(massa)Concentratie;nf;na filtratie (opgeloste fractie);P90;90-Percentiel
4298;fenpyroximaat;134098-61-6;fenprxmt;Milieu;Oppervlaktewater zoet;Landoppervlaktewateren Indicatief MTR (opgelost);0,011;µg/l;OW;Oppervlaktewater;CONCTTE;(massa)Concentratie;nf;na filtratie (opgeloste fractie);P90;90-Percentiel
4300;fensultfothion;115-90-2;fensfton;Milieu;Oppervlaktewater zoet;Landoppervlaktewateren Indicatief MTR (opgelost);0,0033;µg/l;OW;Oppervlaktewater;CONCTTE;(massa)Concentratie;nf;na filtratie (opgeloste fractie);P90;90-Percentiel
4301;fenthion;55-38-9;fenton;Milieu;Sediment;Sediment MTR (droge stof);0,4;µg/kg;BS;Bodem/Sediment;MASSFTE;Massafractie;dg;t.o.v. drooggewicht;;
4302;fenthion;55-38-9;fenton;Milieu;Oppervlaktewater zoet;log Kp l/kg (zwevend stof);2,35;;OW;Oppervlaktewater;NVT;Niet van toepassing;NVT;Niet van toepassing;NVT;Niet van toepassing
4303;fenthion;55-38-9;fenton;Milieu;Oppervlaktewater zoet;Landoppervlaktewateren wettelijk JG-MKN (totaal);3;ng/l;OW;Oppervlaktewater;CONCTTE;(massa)Concentratie;NVT;Niet van toepassing;JGM;Jaargemiddelde
4304;fenthion;55-38-9;fenton;Milieu;Oppervlaktewater zoet;Landoppervlaktewateren JG-MKN (opgelost);3;ng/l;OW;Oppervlaktewater;CONCTTE;(massa)Concentratie;nf;na filtratie (opgeloste fractie);JGM;Jaargemiddelde
4305;fenthoaat;2597-03-7;fentat;Milieu;Oppervlaktewater zoet;Landoppervlaktewateren Indicatief MTR (opgelost);0,0006;µg/l;OW;Oppervlaktewater;CONCTTE;(massa)Concentratie;nf;na filtratie (opgeloste fractie);P90;90-Percentiel
4308;trifenyltinhydroxide (ZZS);76-87-9;;Milieu;Sediment;Sediment MTR (droge stof);6;mg/kg;BS;Bodem/Sediment;MASSFTE;Massafractie;dg;t.o.v. drooggewicht;;
4309;trifenyltinhydroxide (ZZS);76-87-9;;Milieu;Sediment;Sediment MTR andere oppervlaktewateren (droge stof);1;mg/kg;BS;Bodem/Sediment;MASSFTE;Massafractie;dg;t.o.v. drooggewicht;;
4311;fention-sulfoxide;3761-41-9;fentoSO;Milieu;Oppervlaktewater zoet;Landoppervlaktewateren Indicatief MTR (opgelost);0,24;µg/l;OW;Oppervlaktewater;CONCTTE;(massa)Concentratie;nf;na filtratie (opgeloste fractie);P90;90-Percentiel
4312;fenuron;101-42-8;fenrn;Milieu;Oppervlaktewater zoet;Landoppervlaktewateren Indicatief MTR (opgelost);0,33;µg/l;OW;Oppervlaktewater;CONCTTE;(massa)Concentratie;nf;na filtratie (opgeloste fractie);P90;90-Percentiel
4313;fenvaleraat;51630-58-1;fenvlrt;Milieu;Oppervlaktewater zoet;Landoppervlaktewateren Indicatief MTR (opgelost);4,08;µg/l;OW;Oppervlaktewater;CONCTTE;(massa)Concentratie;nf;na filtratie (opgeloste fractie);P90;90-Percentiel
4316;fenylhydrazine (ZZS);100-63-0;Fyhdzne;Milieu;Oppervlaktewater zoet;Landoppervlaktewateren Indicatief MTR (opgelost);1,22;µg/l;OW;Oppervlaktewater;CONCTTE;(massa)Concentratie;nf;na filtratie (opgeloste fractie);P90;90-Percentiel
4319;fipronil (ZZS);120068-37-3;fipnl;Milieu;Oppervlaktewater zoet;Landoppervlaktewateren Indicatief MTR (opgelost);0,00007;µg/l;OW;Oppervlaktewater;CONCTTE;(massa)Concentratie;nf;na filtratie (opgeloste fractie);P90;90-Percentiel
4320;fipronil (ZZS);120068-37-3;fipnl;Milieu;Sediment;Sediment Indicatief MTR (droge stof);0,004;µg/kg;BS;Bodem/Sediment;MASSFTE;Massafractie;dg;t.o.v. drooggewicht;;
4322;flazasulfuron (ZZS);104040-78-0;flazsfrn;Milieu;Oppervlaktewater zoet;Landoppervlaktewateren Indicatief MTR (opgelost);0,0042;µg/l;OW;Oppervlaktewater;CONCTTE;(massa)Concentratie;nf;na filtratie (opgeloste fractie);P90;90-Percentiel
4323;flonicamid (ZZS);158062-67-0;floncmd;Milieu;Oppervlaktewater zoet;Landoppervlaktewateren Indicatief MTR (opgelost);120;µg/l;OW;Oppervlaktewater;CONCTTE;(massa)Concentratie;nf;na filtratie (opgeloste fractie);P90;90-Percentiel
4324;flonicamid (ZZS);158062-67-0;floncmd;Milieu;Sediment;Sediment Indicatief MTR (droge stof);360;µg/kg;BS;Bodem/Sediment;MASSFTE;Massafractie;dg;t.o.v. drooggewicht;;
4326;florasulam;145701-23-1;flurslm;Milieu;Oppervlaktewater zoet;Landoppervlaktewateren Indicatief JG-MKN (opgelost);0,062;µg/l;OW;Oppervlaktewater;CONCTTE;(massa)Concentratie;nf;na filtratie (opgeloste fractie);JGM;Jaargemiddelde
4327;florasulam;145701-23-1;flurslm;Milieu;Oppervlaktewater zoet;Landoppervlaktewateren Indicatief JG-MKN (totaal);0,062;µg/l;OW;Oppervlaktewater;CONCTTE;(massa)Concentratie;NVT;Niet van toepassing;JGM;Jaargemiddelde
4328;florasulam;145701-23-1;flurslm;Milieu;Oppervlaktewater zoet;Landoppervlaktewateren Indicatief MAC-MKN (opgelost);0,062;µg/l;OW;Oppervlaktewater;CONCTTE;(massa)Concentratie;nf;na filtratie (opgeloste fractie);MAX;Maximum
4329;florasulam;145701-23-1;flurslm;Milieu;Oppervlaktewater zoet;Landoppervlaktewateren Indicatief MAC-MKN (totaal);0,062;µg/l;OW;Oppervlaktewater;CONCTTE;(massa)Concentratie;NVT;Niet van toepassing;MAX;Maximum
4330;florasulam;145701-23-1;flurslm;Milieu;Oppervlaktewater zout;Andere oppervlaktewateren Indicatief JG-MKN (opgelost);0,0062;µg/l;OW;Oppervlaktewater;CONCTTE;(massa)Concentratie;nf;na filtratie (opgeloste fractie);JGM;Jaargemiddelde
4331;florasulam;145701-23-1;flurslm;Milieu;Oppervlaktewater zout;Andere oppervlaktewateren Indicatief JG-MKN (totaal);0,0062;µg/l;OW;Oppervlaktewater;CONCTTE;(massa)Concentratie;NVT;Niet van toepassing;JGM;Jaargemiddelde
4332;florasulam;145701-23-1;flurslm;Milieu;Oppervlaktewater zout;Andere oppervlaktewateren Indicatief MAC-MKN (opgelost);0,0062;µg/l;OW;Oppervlaktewateren;CONCTTE;(massa)Concentratie;nf;na filtratie (opgeloste fractie);MAX;Maximum
4333;florasulam;145701-23-1;flurslm;Milieu;Oppervlaktewater zout;Andere oppervlaktewateren Indicatief MAC-MKN (totaal);0,0062;µg/l;OW;Oppervlaktewater;CONCTTE;(massa)Concentratie;NVT;Niet van toepassing;MAX;Maximum
4334;fluometuron (ZZS);2164-17-2;fluomtrn;Milieu;Oppervlaktewater zoet;Landoppervlaktewateren Indicatief MTR (opgelost);3;µg/l;OW;Oppervlaktewater;CONCTTE;(massa)Concentratie;nf;na filtratie (opgeloste fractie);P90;90-Percentiel
4335;fluazifop-butyl (ZZS);69806-50-4;fluazfC4y;Milieu;Oppervlaktewater zoet;Landoppervlaktewateren Indicatief JG-MKN (opgelost);1,7;µg/l;OW;Oppervlaktewater;CONCTTE;(massa)Concentratie;nf;na filtratie (opgeloste fractie);JGM;Jaargemiddelde
4336;fluazifop-butyl (ZZS);69806-50-4;fluazfC4y;Milieu;Oppervlaktewater zoet;Landoppervlaktewateren Indicatief MAC-MKN (opgelost);1,7;µg/l;OW;Oppervlaktewater;CONCTTE;(massa)Concentratie;nf;na filtratie (opgeloste fractie);MAX;Maximum
4337;fluazifop-butyl (ZZS);69806-50-4;fluazfC4y;Milieu;Oppervlaktewater zout;Andere oppervlaktewateren Indicatief JG-MKN (opgelost);0,17;µg/l;OW;Oppervlaktewater;CONCTTE;(massa)Concentratie;nf;na filtratie (opgeloste fractie);JGM;Jaargemiddelde
4338;fluazifop-butyl (ZZS);69806-50-4;fluazfC4y;Milieu;Oppervlaktewater zout;Andere oppervlaktewateren Indicatief MAC-MKN (opgelost);0,17;µg/l;OW;Oppervlaktewateren;CONCTTE;(massa)Concentratie;nf;na filtratie (opgeloste fractie);MAX;Maximum
4339;fluazifop-butyl (ZZS);69806-50-4;fluazfC4y;Milieu;Oppervlaktewater zoet;Landoppervlaktewateren Indicatief JG-MKN (totaal);1,7;µg/l;OW;Oppervlaktewater;CONCTTE;(massa)Concentratie;NVT;Niet van toepassing;JGM;Jaargemiddelde
4340;fluazifop-butyl (ZZS);69806-50-4;fluazfC4y;Milieu;Oppervlaktewater zoet;Landoppervlaktewateren Indicatief MAC-MKN (totaal);1,7;µg/l;OW;Oppervlaktewater;CONCTTE;(massa)Concentratie;NVT;Niet van toepassing;MAX;Maximum
4341;fluazifop-butyl (ZZS);69806-50-4;fluazfC4y;Milieu;Oppervlaktewater zout;Andere oppervlaktewateren Indicatief JG-MKN (totaal);0,17;µg/l;OW;Oppervlaktewater;CONCTTE;(massa)Concentratie;NVT;Niet van toepassing;JGM;Jaargemiddelde
4342;fluazifop-butyl (ZZS);69806-50-4;fluazfC4y;Milieu;Oppervlaktewater zout;Andere oppervlaktewateren Indicatief MAC-MKN (totaal);0,17;µg/l;OW;Oppervlaktewater;CONCTTE;(massa)Concentratie;NVT;Niet van toepassing;MAX;Maximum
4343;fluazifop-p (ZZS);83066-88-0;fluazfpP;Milieu;Oppervlaktewater zoet;Landoppervlaktewateren Indicatief JG-MKN (opgelost);3,8;µg/l;OW;Oppervlaktewater;CONCTTE;(massa)Concentratie;nf;na filtratie (opgeloste fractie);JGM;Jaargemiddelde
4344;fluazifop-p (ZZS);83066-88-0;fluazfpP;Milieu;Oppervlaktewater zoet;Landoppervlaktewateren Indicatief JG-MKN (totaal);3,8;µg/l;OW;Oppervlaktewater;CONCTTE;(massa)Concentratie;NVT;Niet van toepassing;JGM;Jaargemiddelde
4345;fluazifop-p (ZZS);83066-88-0;fluazfpP;Milieu;Oppervlaktewater zoet;Landoppervlaktewateren Indicatief MAC-MKN (opgelost);160;µg/l;OW;Oppervlaktewater;CONCTTE;(massa)Concentratie;nf;na filtratie (opgeloste fractie);MAX;Maximum
4346;fluazifop-p (ZZS);83066-88-0;fluazfpP;Milieu;Oppervlaktewater zoet;Landoppervlaktewateren Indicatief MAC-MKN (totaal);160;µg/l;OW;Oppervlaktewater;CONCTTE;(massa)Concentratie;NVT;Niet van toepassing;MAX;Maximum
4347;fluazifop-p (ZZS);83066-88-0;fluazfpP;Milieu;Oppervlaktewater zout;Andere oppervlaktewateren Indicatief JG-MKN (opgelost);1,4;µg/l;OW;Oppervlaktewater;CONCTTE;(massa)Concentratie;nf;na filtratie (opgeloste fractie);JGM;Jaargemiddelde
4348;fluazifop-p (ZZS);83066-88-0;fluazfpP;Milieu;Oppervlaktewater zout;Andere oppervlaktewateren Indicatief JG-MKN (totaal);1,4;µg/l;OW;Oppervlaktewater;CONCTTE;(massa)Concentratie;NVT;Niet van toepassing;JGM;Jaargemiddelde
4349;fluazifop-p (ZZS);83066-88-0;fluazfpP;Milieu;Oppervlaktewater zout;Andere oppervlaktewateren Indicatief MAC-MKN (opgelost);16;µg/l;OW;Oppervlaktewateren;CONCTTE;(massa)Concentratie;nf;na filtratie (opgeloste fractie);MAX;Maximum
4350;fluazifop-p (ZZS);83066-88-0;fluazfpP;Milieu;Oppervlaktewater zout;Andere oppervlaktewateren Indicatief MAC-MKN (totaal);16;µg/l;OW;Oppervlaktewater;CONCTTE;(massa)Concentratie;NVT;Niet van toepassing;MAX;Maximum
4351;fluazinam (ZZS);79622-59-6;fluaznm;Milieu;Oppervlaktewater zoet;Landoppervlaktewateren Indicatief MTR (opgelost);0,55;µg/l;OW;Oppervlaktewater;CONCTTE;(massa)Concentratie;nf;na filtratie (opgeloste fractie);P90;90-Percentiel
4352;flubendiamide (ZZS);272451-65-7;flubDad;Milieu;Oppervlaktewater zoet;Landoppervlaktewateren JG-MKN (opgelost);0,05;µg/l;OW;Oppervlaktewater;CONCTTE;(massa)Concentratie;nf;na filtratie (opgeloste fractie);JGM;Jaargemiddelde
4353;flubenzimine (ZZS);37893-02-0;flubzmne;Milieu;Oppervlaktewater zoet;Landoppervlaktewateren Indicatief MTR (opgelost);0,28;µg/l;OW;Oppervlaktewater;CONCTTE;(massa)Concentratie;nf;na filtratie (opgeloste fractie);P90;90-Percentiel
4354;fluchloralin (ZZS);33245-39-5;fluClaln;Milieu;Oppervlaktewater zoet;Landoppervlaktewateren Indicatief MTR (opgelost);0,00051;µg/l;OW;Oppervlaktewater;CONCTTE;(massa)Concentratie;nf;na filtratie (opgeloste fractie);P90;90-Percentiel
4355;flucycloxuron;113036-88-7;fluccxrn;Milieu;Oppervlaktewater zoet;Landoppervlaktewateren Indicatief MTR (opgelost);2,7e-005;µg/l;OW;Oppervlaktewater;CONCTTE;(massa)Concentratie;nf;na filtratie (opgeloste fractie);P90;90-Percentiel
4356;flucythrinaat (ZZS);70124-77-5;fluctnt;Milieu;Oppervlaktewater zoet;Landoppervlaktewateren Indicatief MTR (opgelost);2,75E-03;µg/l;OW;Oppervlaktewater;CONCTTE;(massa)Concentratie;nf;na filtratie (opgeloste fractie);P90;90-Percentiel
4359;fludioxonil;131341-86-1;fludoxnl;Milieu;Oppervlaktewater zoet;Landoppervlaktewateren Indicatief MTR (opgelost);0,98;µg/l;OW;Oppervlaktewater;CONCTTE;(massa)Concentratie;nf;na filtratie (opgeloste fractie);P90;90-Percentiel
4360;flufenacet (ZZS);142459-58-3;flufnct;Milieu;Oppervlaktewater zoet;Landoppervlaktewateren JG-MKN (opgelost);0,137;µg/l;OW;Oppervlaktewater;CONCTTE;(massa)Concentratie;nf;na filtratie (opgeloste fractie);JGM;Jaargemiddelde
4361;flufenacet (ZZS);142459-58-3;flufnct;Milieu;Oppervlaktewater zoet;Landoppervlaktewateren MAC-MKN (opgelost);0,61;µg/l;OW;Oppervlaktewater;CONCTTE;(massa)Concentratie;nf;na filtratie (opgeloste fractie);MAX;Maximum
4362;flufenacet (ZZS);142459-58-3;flufnct;Milieu;Sediment;Sediment Indicatief MTR (droge stof);0,32;µg/kg;BS;Bodem/Sediment;MASSFTE;Massafractie;dg;t.o.v. drooggewicht;;
4364;flufenoxuron (ZZS);101463-69-8;flufnxrn;Milieu;Oppervlaktewater zoet;Landoppervlaktewateren Indicatief JG-MKN (opgelost);3,2E-04;µg/l;OW;Oppervlaktewater;CONCTTE;(massa)Concentratie;nf;na filtratie (opgeloste fractie);JGM;Jaargemiddelde
4365;flufenoxuron (ZZS);101463-69-8;flufnxrn;Milieu;Oppervlaktewater zoet;Landoppervlaktewateren Indicatief MAC-MKN (opgelost);4,3E-04;µg/l;OW;Oppervlaktewater;CONCTTE;(massa)Concentratie;nf;na filtratie (opgeloste fractie);MAX;Maximum
4366;flufenoxuron (ZZS);101463-69-8;flufnxrn;Milieu;Oppervlaktewater zout;Andere oppervlaktewateren Indicatief JG-MKN (opgelost);3,2E-05;µg/l;OW;Oppervlaktewater;CONCTTE;(massa)Concentratie;nf;na filtratie (opgeloste fractie);JGM;Jaargemiddelde
4367;flufenoxuron (ZZS);101463-69-8;flufnxrn;Milieu;Oppervlaktewater zout;Andere oppervlaktewateren Indicatief MAC-MKN (opgelost);4,3E-05;µg/l;OW;Oppervlaktewateren;CONCTTE;(massa)Concentratie;nf;na filtratie (opgeloste fractie);MAX;Maximum
4368;flumioxazine;103361-09-7;flumoxzn;Milieu;Oppervlaktewater zoet;Landoppervlaktewateren Indicatief MTR (opgelost);0,00085;µg/l;OW;Oppervlaktewater;CONCTTE;(massa)Concentratie;nf;na filtratie (opgeloste fractie);P90;90-Percentiel
4382;fluoranteen (ZZS);206-44-0;Flu;Milieu;Grondwater;Signaleringsparameter  beoordeling grondwatersanering (opgelost);1;µg/l;GW;Grondwater;CONCTTE;(massa)Concentratie;nf;na filtratie;Nee;
4383;fluoranteen (ZZS);206-44-0;Flu;Milieu;Oppervlaktewater zoet;Landoppervlaktewateren wettelijk JG-MKN (totaal);0,0063;µg/l;OW;Oppervlaktewater;CONCTTE;(massa)Concentratie;NVT;Niet van toepassing;JGM;Jaargemiddelde
4384;fluoranteen (ZZS);206-44-0;Flu;Milieu;Oppervlaktewater zout;Andere oppervlaktewateren wettelijk JG-MKN (totaal);0,0063;µg/l;OW;Oppervlaktewater;CONCTTE;(massa)Concentratie;NVT;Niet van toepassing;JGM;Jaargemiddelde
4385;fluoranteen (ZZS);206-44-0;Flu;Milieu;Oppervlaktewater zoet;Landoppervlaktewateren wettelijk MAC-MKN (totaal);0,12;µg/l;OW;Oppervlaktewater;CONCTTE;(massa)Concentratie;NVT;Niet van toepassing;MAX;Maximum
4386;fluoranteen (ZZS);206-44-0;Flu;Milieu;Oppervlaktewater zout;Andere oppervlaktewateren wettelijk MAC-MKN (totaal);0,12;µg/l;OW;Oppervlaktewater;CONCTTE;(massa)Concentratie;NVT;Niet van toepassing;MAX;Maximum
4388;fluoranteen (ZZS);206-44-0;Flu;Milieu;Sediment;Sediment MTR (droge stof);3;mg/kg;BS;Bodem/Sediment;MASSFTE;Massafractie;dg;t.o.v. drooggewicht;;
4389;fluoranteen (ZZS);206-44-0;Flu;Milieu;Oppervlaktewater zoet;log Kp l/kg (zwevend stof);4,23;;OW;Oppervlaktewater;NVT;Niet van toepassing;NVT;Niet van toepassing;NVT;Niet van toepassing
4392;fluoranteen (ZZS);206-44-0;Flu;Milieu;Grondwater;Standaardwaarden grondwater (inclusief AC) (opgelost);0,003;µg/l;GW;Grondwater;CONCTTE;(massa)Concentratie;nf;na filtratie;Nee;
4417;fluoreen (ZZS);86-73-7;Fle;Milieu;Oppervlaktewater zoet;Landoppervlaktewateren JG-MKN (opgelost);1,5;µg/l;OW;Oppervlaktewater;CONCTTE;(massa)Concentratie;nf;na filtratie (opgeloste fractie);JGM;Jaargemiddelde
4418;fluoreen (ZZS);86-73-7;Fle;Milieu;Oppervlaktewater zoet;Landoppervlaktewateren JG-MKN (totaal);1,5;µg/l;OW;Oppervlaktewater;CONCTTE;(massa)Concentratie;NVT;Niet van toepassing;JGM;Jaargemiddelde
4419;fluoreen (ZZS);86-73-7;Fle;Milieu;Oppervlaktewater zoet;Landoppervlaktewateren MAC-MKN (opgelost);34;µg/l;OW;Oppervlaktewater;CONCTTE;(massa)Concentratie;nf;na filtratie (opgeloste fractie);MAX;Maximum
4420;fluoreen (ZZS);86-73-7;Fle;Milieu;Oppervlaktewater zoet;Landoppervlaktewateren MAC-MKN (totaal);35;µg/l;OW;Oppervlaktewater;CONCTTE;(massa)Concentratie;NVT;Niet van toepassing;MAX;Maximum
4421;fluoreen (ZZS);86-73-7;Fle;Milieu;Oppervlaktewater zout;Andere oppervlaktewateren JG-MKN (opgelost);0,30;µg/l;OW;Oppervlaktewater;CONCTTE;(massa)Concentratie;nf;na filtratie (opgeloste fractie);JGM;Jaargemiddelde
4422;fluoreen (ZZS);86-73-7;Fle;Milieu;Oppervlaktewater zout;Andere oppervlaktewateren JG-MKN (totaal);0,30;µg/l;OW;Oppervlaktewater;CONCTTE;(massa)Concentratie;NVT;Niet van toepassing;JGM;Jaargemiddelde
4423;fluoreen (ZZS);86-73-7;Fle;Milieu;Oppervlaktewater zout;Andere oppervlaktewateren MAC-MKN (opgelost);6,8;µg/l;OW;Oppervlaktewater;CONCTTE;(massa)Concentratie;nf;na filtratie (opgeloste fractie);MAX;Maximum
4424;fluoreen (ZZS);86-73-7;Fle;Milieu;Oppervlaktewater zout;Andere oppervlaktewateren MAC-MKN (totaal);6,8;µg/l;OW;Oppervlaktewater;CONCTTE;(massa)Concentratie;NVT;Niet van toepassing;MAX;Maximum
4425;fluorglycofen-ethyl (ZZS);77501-90-7;fluogcfnC2y;Milieu;Oppervlaktewater zoet;Landoppervlaktewateren Indicatief MTR (opgelost);0,004;µg/l;OW;Oppervlaktewater;CONCTTE;(massa)Concentratie;nf;na filtratie (opgeloste fractie);P90;90-Percentiel
4437;fluoxastrobine;361377-29-9;tfluoxsbn;Milieu;Oppervlaktewater zoet;Landoppervlaktewateren JG-MKN (opgelost);0,012;µg/l;OW;Oppervlaktewater;CONCTTE;(massa)Concentratie;nf;na filtratie (opgeloste fractie);JGM;Jaargemiddelde
4438;fluoxastrobine;361377-29-9;tfluoxsbn;Milieu;Oppervlaktewater zoet;Landoppervlaktewateren MAC-MKN (opgelost);0,64;µg/l;OW;Oppervlaktewater;CONCTTE;(massa)Concentratie;nf;na filtratie (opgeloste fractie);MAX;Maximum
4439;flupyrsulfuron-methyl (ZZS);144740-54-5;flupsfrnC1y;Milieu;Oppervlaktewater zoet;Landoppervlaktewateren Indicatief MTR (opgelost);0,0025;µg/l;OW;Oppervlaktewater;CONCTTE;(massa)Concentratie;nf;na filtratie (opgeloste fractie);P90;90-Percentiel
4440;fluquinconazool;136426-54-5;fluqcnzl;Milieu;Oppervlaktewater zoet;Landoppervlaktewateren Indicatief MTR (opgelost);0,032;µg/l;OW;Oppervlaktewater;CONCTTE;(massa)Concentratie;nf;na filtratie (opgeloste fractie);P90;90-Percentiel
4442;flurochloridone (ZZS);61213-25-0;flurcrdn;Milieu;Oppervlaktewater zoet;Landoppervlaktewateren Indicatief MTR (opgelost);0,0235;µg/l;OW;Oppervlaktewater;CONCTTE;(massa)Concentratie;nf;na filtratie (opgeloste fractie);P90;90-Percentiel
4445;fluroxypyr-meptyl;81406-37-3;fluOxpmtl;Milieu;Oppervlaktewater zoet;Landoppervlaktewateren Indicatief MTR (opgelost);2;µg/l;OW;Oppervlaktewater;CONCTTE;(massa)Concentratie;nf;na filtratie (opgeloste fractie);P90;90-Percentiel
4447;flurtamone (ZZS);96525-23-4;flrtmn;Milieu;Oppervlaktewater zoet;Landoppervlaktewateren Indicatief MTR (opgelost);0,011;µg/l;OW;Oppervlaktewater;CONCTTE;(massa)Concentratie;nf;na filtratie (opgeloste fractie);P90;90-Percentiel
4448;flusilazool (ZZS);85509-19-9;fluslzl;Milieu;Oppervlaktewater zoet;Landoppervlaktewateren Indicatief MTR (opgelost);0,066;µg/l;OW;Oppervlaktewater;CONCTTE;(massa)Concentratie;nf;na filtratie (opgeloste fractie);P90;90-Percentiel
4449;flutolanil (ZZS);66332-96-5;flutlnl;Milieu;Oppervlaktewater zoet;Landoppervlaktewateren MTR (totaal);22;µg/l;OW;Oppervlaktewater;CONCTTE;(massa)Concentratie;NVT;Niet van toepassing;P90;90-Percentiel
4450;flutolanil (ZZS);66332-96-5;flutlnl;Milieu;Oppervlaktewater zoet;Landoppervlaktewateren MTR (opgelost);22;µg/l;OW;Oppervlaktewater;CONCTTE;(massa)Concentratie;nf;na filtratie (opgeloste fractie);P90;90-Percentiel
4451;flutolanil (ZZS);66332-96-5;flutlnl;Milieu;Sediment;Sediment MTR (droge stof);730;µg/kg;BS;Bodem/Sediment;MASSFTE;Massafractie;dg;t.o.v. drooggewicht;;
4452;flutolanil (ZZS);66332-96-5;flutlnl;Milieu;Oppervlaktewater zoet;log Kp l/kg (zwevend stof);1,82;;OW;Oppervlaktewater;NVT;Niet van toepassing;NVT;Niet van toepassing;NVT;Niet van toepassing
4453;flutriafol;76674-21-0;fluTafl;Milieu;Oppervlaktewater zoet;Landoppervlaktewateren Indicatief MTR (opgelost);9,1;µg/l;OW;Oppervlaktewater;CONCTTE;(massa)Concentratie;nf;na filtratie (opgeloste fractie);P90;90-Percentiel
4454;flutriafol;76674-21-0;fluTafl;Milieu;Sediment;Sediment Indicatief MTR (droge stof);104;µg/kg;BS;Bodem/Sediment;MASSFTE;Massafractie;dg;t.o.v. drooggewicht;;
4456;fluvalinaat (ZZS);69409-94-5;flualnt;Milieu;Oppervlaktewater zoet;Landoppervlaktewateren Indicatief MTR (opgelost);2,4e-005;µg/l;OW;Oppervlaktewater;CONCTTE;(massa)Concentratie;nf;na filtratie (opgeloste fractie);P90;90-Percentiel
4458;folpet;133-07-3;folpt;Milieu;Oppervlaktewater zoet;Landoppervlaktewateren MTR (totaal);0,1;µg/l;OW;Oppervlaktewater;CONCTTE;(massa)Concentratie;NVT;Niet van toepassing;P90;90-Percentiel
4459;folpet;133-07-3;folpt;Milieu;Oppervlaktewater zoet;Landoppervlaktewateren MTR (opgelost);0,1;µg/l;OW;Oppervlaktewater;CONCTTE;(massa)Concentratie;nf;na filtratie (opgeloste fractie);P90;90-Percentiel
4460;folpet;133-07-3;folpt;Milieu;Sediment;Sediment MTR (droge stof);11;µg/kg;BS;Bodem/Sediment;MASSFTE;Massafractie;dg;t.o.v. drooggewicht;;
4461;folpet;133-07-3;folpt;Milieu;Oppervlaktewater zoet;log Kp l/kg (zwevend stof);2,34;;OW;Oppervlaktewater;NVT;Niet van toepassing;NVT;Niet van toepassing;NVT;Niet van toepassing
4463;fonofos;944-22-9;fonfs;Milieu;Oppervlaktewater zoet;Landoppervlaktewateren Indicatief MTR (opgelost);5,3e-005;µg/l;OW;Oppervlaktewater;CONCTTE;(massa)Concentratie;nf;na filtratie (opgeloste fractie);P90;90-Percentiel
4464;foraat;298-02-2;fort;Milieu;Oppervlaktewater zoet;Landoppervlaktewateren Indicatief MTR (opgelost);0,000165;µg/l;OW;Oppervlaktewater;CONCTTE;(massa)Concentratie;nf;na filtratie (opgeloste fractie);P90;90-Percentiel
4465;foraat-sulfon;2588-04-7;forsfn;Milieu;Oppervlaktewater zoet;Landoppervlaktewateren Indicatief MTR (opgelost);25150;µg/l;OW;Oppervlaktewater;CONCTTE;(massa)Concentratie;nf;na filtratie (opgeloste fractie);P90;90-Percentiel
4466;foraat-sulfoxide;2588-03-6;forsfOxd;Milieu;Oppervlaktewater zoet;Landoppervlaktewateren Indicatief MTR (opgelost);14,8;µg/l;OW;Oppervlaktewater;CONCTTE;(massa)Concentratie;nf;na filtratie (opgeloste fractie);P90;90-Percentiel
4468;formaldehyde (ZZS);50-00-0;C1al;Milieu;Grondwater;Grondwater indicatief niveau voor ernstige verontreiniging (opgelost);50;µg/l;GW;Grondwater;CONCTTE;(massa)Concentratie;nf;na filtratie;Nee;
4471;formaldehyde (ZZS);50-00-0;C1al;Milieu;Oppervlaktewater zoet;Landoppervlaktewateren MTR (totaal);180;µg/l;OW;Oppervlaktewater;CONCTTE;(massa)Concentratie;NVT;Niet van toepassing;P90;90-Percentiel
4472;formaldehyde (ZZS);50-00-0;C1al;Milieu;Oppervlaktewater zoet;Landoppervlaktewateren MTR (opgelost);180;µg/l;OW;Oppervlaktewater;CONCTTE;(massa)Concentratie;nf;na filtratie (opgeloste fractie);P90;90-Percentiel
4473;formaldehyde (ZZS);50-00-0;C1al;Milieu;Sediment;Sediment MTR (droge stof);160;µg/kg;BS;Bodem/Sediment;MASSFTE;Massafractie;dg;t.o.v. drooggewicht;;
4475;formaldehyde (ZZS);50-00-0;C1al;Milieu;Oppervlaktewater zoet;log Kp l/kg (zwevend stof);0,26;;OW;Oppervlaktewater;NVT;Niet van toepassing;NVT;Niet van toepassing;NVT;Niet van toepassing
4513;formamide (ZZS);75-12-7;formAd;Milieu;Oppervlaktewater zoet;Landoppervlaktewateren Indicatief MTR (opgelost);1,50E+03;µg/l;OW;Oppervlaktewater;CONCTTE;(massa)Concentratie;nf;na filtratie (opgeloste fractie);P90;90-Percentiel
4516;formothion;2540-82-1;formton;Milieu;Oppervlaktewater zoet;Landoppervlaktewateren Indicatief MTR (opgelost);0,165;µg/l;OW;Oppervlaktewater;CONCTTE;(massa)Concentratie;nf;na filtratie (opgeloste fractie);P90;90-Percentiel
4517;fosalone;2310-17-0;fosln;Milieu;Oppervlaktewater zoet;Landoppervlaktewateren Indicatief MTR (opgelost);0,012;µg/l;OW;Oppervlaktewater;CONCTTE;(massa)Concentratie;nf;na filtratie (opgeloste fractie);P90;90-Percentiel
4518;fosethyl-aluminium;39148-24-8;fosC2yAl;Milieu;Oppervlaktewater zoet;Landoppervlaktewateren Indicatief MTR (opgelost);100;µg/l;OW;Oppervlaktewater;CONCTTE;(massa)Concentratie;nf;na filtratie (opgeloste fractie);P90;90-Percentiel
4520;fosfamidon;13171-21-6;fosfmdn;Milieu;Oppervlaktewater zoet;Landoppervlaktewateren Indicatief MTR (opgelost);0,03;µg/l;OW;Oppervlaktewater;CONCTTE;(massa)Concentratie;nf;na filtratie (opgeloste fractie);P90;90-Percentiel
4560;fosmet;732-11-6;fosmt;Milieu;Oppervlaktewater zoet;Landoppervlaktewateren Indicatief MTR (opgelost);0,016;µg/l;OW;Oppervlaktewater;CONCTTE;(massa)Concentratie;nf;na filtratie (opgeloste fractie);P90;90-Percentiel
4561;fosthiazaat;98886-44-3;fostazt;Milieu;Oppervlaktewater zoet;Landoppervlaktewateren Indicatief MTR (opgelost);6;µg/l;OW;Oppervlaktewater;CONCTTE;(massa)Concentratie;nf;na filtratie (opgeloste fractie);P90;90-Percentiel
4562;foxim;14816-18-3;fOxm;Milieu;Sediment;Sediment MTR (droge stof);8;µg/kg;BS;Bodem/Sediment;MASSFTE;Massafractie;dg;t.o.v. drooggewicht;;
4563;foxim;14816-18-3;fOxm;Milieu;Oppervlaktewater zoet;log Kp l/kg (zwevend stof);2,3;;OW;Oppervlaktewater;NVT;Niet van toepassing;NVT;Niet van toepassing;NVT;Niet van toepassing
4564;foxim;14816-18-3;fOxm;Milieu;Oppervlaktewater zoet;Landoppervlaktewateren MTR (totaal);82;ng/l;OW;Oppervlaktewater;CONCTTE;(massa)Concentratie;NVT;Niet van toepassing;P90;90-Percentiel
4565;fuberidazool;3878-19-1;fubrdzl;Milieu;Oppervlaktewater zoet;Landoppervlaktewateren Indicatief MTR (opgelost);5;µg/l;OW;Oppervlaktewater;CONCTTE;(massa)Concentratie;nf;na filtratie (opgeloste fractie);P90;90-Percentiel
4566;furalaxyl;57646-30-7;furlxl;Milieu;Oppervlaktewater zoet;Landoppervlaktewateren Indicatief MTR (opgelost);87;µg/l;OW;Oppervlaktewater;CONCTTE;(massa)Concentratie;nf;na filtratie (opgeloste fractie);P90;90-Percentiel
4568;furathiocarb;65907-30-4;furtocb;Milieu;Oppervlaktewater zoet;Landoppervlaktewateren Indicatief MTR (opgelost);0,00036;µg/l;OW;Oppervlaktewater;CONCTTE;(massa)Concentratie;nf;na filtratie (opgeloste fractie);P90;90-Percentiel
4569;furfural;98-01-1;furfrl;Milieu;Oppervlaktewater zoet;Landoppervlaktewateren Indicatief MTR (opgelost);33;µg/l;OW;Oppervlaktewater;CONCTTE;(massa)Concentratie;nf;na filtratie (opgeloste fractie);P90;90-Percentiel
4570;furfural;98-01-1;furfrl;Milieu;Sediment;Sediment Indicatief MTR (droge stof);103;µg/kg;BS;Bodem/Sediment;MASSFTE;Massafractie;dg;t.o.v. drooggewicht;;
4582;furmecyclox;60568-05-0;furmccx;Milieu;Oppervlaktewater zoet;Landoppervlaktewateren Indicatief MTR (opgelost);0,00408;µg/l;OW;Oppervlaktewater;CONCTTE;(massa)Concentratie;nf;na filtratie (opgeloste fractie);P90;90-Percentiel
4586;gadolinium;7440-54-2;Gd;Milieu;Oppervlaktewater zoet;Landoppervlaktewateren MTR (totaal);60;µg/l;OW;Oppervlaktewater;CONCTTE;(massa)Concentratie;NVT;Niet van toepassing;P90;90-Percentiel
4587;gadolinium;7440-54-2;Gd;Milieu;Oppervlaktewater zout;Andere oppervlaktewateren MTR (totaal);4,7;µg/l;OW;Oppervlaktewater;CONCTTE;(massa)Concentratie;NVT;Niet van toepassing;P90;90-Percentiel
4588;gadolinium;7440-54-2;Gd;Milieu;Oppervlaktewater zoet;Landoppervlaktewateren MTR (opgelost);6,8;µg/l;OW;Oppervlaktewater;CONCTTE;(massa)Concentratie;nf;na filtratie (opgeloste fractie);P90;90-Percentiel
4589;gadolinium;7440-54-2;Gd;Milieu;Oppervlaktewater zout;Andere oppervlaktewateren MTR (opgelost);0,5;µg/l;OW;Oppervlaktewater;CONCTTE;(massa)Concentratie;nf;na filtratie (opgeloste fractie);P90;90-Percentiel
4590;gadolinium;7440-54-2;Gd;Milieu;Sediment;Sediment landelijke achtergrondconcentratie (droge stof);5;mg/kg;BS;Bodem/Sediment;MASSFTE;Massafractie;dg;t.o.v. drooggewicht;;
4591;gadolinium;7440-54-2;Gd;Milieu;Sediment;Sediment landelijke achtergrondconcentratie, andere oppervlaktewateren (droge stof);6;mg/kg;BS;Bodem/Sediment;MASSFTE;Massafractie;dg;t.o.v. drooggewicht;;
4592;gadolinium;7440-54-2;Gd;Milieu;Sediment;Sediment MTR (droge stof);1800;mg/kg;BS;Bodem/Sediment;MASSFTE;Massafractie;dg;t.o.v. drooggewicht;;
4593;gadolinium;7440-54-2;Gd;Milieu;Sediment;Sediment MTR andere oppervlaktewateren (droge stof);100;mg/kg;BS;Bodem/Sediment;MASSFTE;Massafractie;dg;t.o.v. drooggewicht;;
4594;gadolinium;7440-54-2;Gd;Milieu;Oppervlaktewater zoet;log Kp l/kg (zwevend stof);5,42;;OW;Oppervlaktewater;NVT;Niet van toepassing;NVT;Niet van toepassing;NVT;Niet van toepassing
4599;gamma-hexachloorcyclohexaan (ZZS);58-89-9;cHCH;Milieu;Grondwater;Standaardwaarden grondwater (inclusief AC) (opgelost);9;ng/l;GW;Grondwater;CONCTTE;(massa)Concentratie;nf;na filtratie;Nee;
4625;geëthoxyleerde alcoholen, C9-C11;68439-46-3;geetxldC9C11;Milieu;Oppervlaktewater zoet;Landoppervlaktewateren Indicatief MTR (opgelost);0,2;µg/l;OW;Oppervlaktewater;CONCTTE;(massa)Concentratie;nf;na filtratie (opgeloste fractie);P90;90-Percentiel
4626;geëthoxyleerde alcoholen, C9-C11;68439-46-3;geetxldC9C11;Milieu;Sediment;Sediment Indicatief MTR (droge stof);65,0;µg/kg;BS;Bodem/Sediment;MASSFTE;Massafractie;dg;t.o.v. drooggewicht;;
4628;4-nonylfenol, vertakt (ZZS);84852-15-3;s4C9yFol;Milieu;Oppervlaktewater zoet;Landoppervlaktewateren wettelijk JG-MKN (totaal);0,3;µg/l;OW;Oppervlaktewater;CONCTTE;(massa)Concentratie;NVT;Niet van toepassing;JGM;Jaargemiddelde
4629;4-nonylfenol, vertakt (ZZS);84852-15-3;s4C9yFol;Milieu;Oppervlaktewater zoet;Landoppervlaktewateren wettelijk MAC-MKN (totaal);2,0;µg/l;OW;Oppervlaktewater;CONCTTE;(massa)Concentratie;NVT;Niet van toepassing;MAX;Maximum
4630;4-nonylfenol, vertakt (ZZS);84852-15-3;s4C9yFol;Milieu;Oppervlaktewater zout;Andere oppervlaktewateren wettelijk JG-MKN (totaal);0,3;µg/l;OW;Oppervlaktewater;CONCTTE;(massa)Concentratie;NVT;Niet van toepassing;JGM;Jaargemiddelde
4631;4-nonylfenol, vertakt (ZZS);84852-15-3;s4C9yFol;Milieu;Oppervlaktewater zout;Andere oppervlaktewateren wettelijk MAC-MKN (totaal);2,0;µg/l;OW;Oppervlaktewater;CONCTTE;(massa)Concentratie;NVT;Niet van toepassing;MAX;Maximum
4632;geraniol;106-24-1;gernl;Milieu;Oppervlaktewater zoet;Landoppervlaktewateren Indicatief MTR (opgelost);0,1;µg/l;OW;Oppervlaktewater;CONCTTE;(massa)Concentratie;nf;na filtratie (opgeloste fractie);P90;90-Percentiel
4633;geraniol;106-24-1;gernl;Milieu;Sediment;Sediment Indicatief MTR (droge stof);4,57;µg/kg;BS;Bodem/Sediment;MASSFTE;Massafractie;dg;t.o.v. drooggewicht;;
4635;glufosinaat-ammonium (ZZS);77182-82-2;glufsntNH4;Milieu;Oppervlaktewater zoet;Landoppervlaktewateren Indicatief MTR (opgelost);1360;µg/l;OW;Oppervlaktewater;CONCTTE;(massa)Concentratie;nf;na filtratie (opgeloste fractie);P90;90-Percentiel
4646;glutaaraldehyde (ZZS);111-30-8;glutAh;Milieu;Oppervlaktewater zoet;Landoppervlaktewateren Indicatief JG-MKN (opgelost);9,5;µg/l;OW;Oppervlaktewater;CONCTTE;(massa)Concentratie;nf;na filtratie (opgeloste fractie);JGM;Jaargemiddelde
4647;glutaaraldehyde (ZZS);111-30-8;glutAh;Milieu;Oppervlaktewater zoet;Landoppervlaktewateren Indicatief JG-MKN (totaal);9,5;µg/l;OW;Oppervlaktewater;CONCTTE;(massa)Concentratie;NVT;Niet van toepassing;JGM;Jaargemiddelde
4648;glutaaraldehyde (ZZS);111-30-8;glutAh;Milieu;Oppervlaktewater zoet;Landoppervlaktewateren Indicatief MAC-MKN (opgelost);9,5;µg/l;OW;Oppervlaktewater;CONCTTE;(massa)Concentratie;nf;na filtratie (opgeloste fractie);MAX;Maximum
4649;glutaaraldehyde (ZZS);111-30-8;glutAh;Milieu;Oppervlaktewater zoet;Landoppervlaktewateren Indicatief MAC-MKN (totaal);9,5;µg/l;OW;Oppervlaktewater;CONCTTE;(massa)Concentratie;NVT;Niet van toepassing;MAX;Maximum
4650;glutaaraldehyde (ZZS);111-30-8;glutAh;Milieu;Oppervlaktewater zout;Andere oppervlaktewateren Indicatief JG-MKN (opgelost);0,95;µg/l;OW;Oppervlaktewater;CONCTTE;(massa)Concentratie;nf;na filtratie (opgeloste fractie);JGM;Jaargemiddelde
4651;glutaaraldehyde (ZZS);111-30-8;glutAh;Milieu;Oppervlaktewater zout;Andere oppervlaktewateren Indicatief JG-MKN (totaal);0,95;µg/l;OW;Oppervlaktewater;CONCTTE;(massa)Concentratie;NVT;Niet van toepassing;JGM;Jaargemiddelde
4652;glutaaraldehyde (ZZS);111-30-8;glutAh;Milieu;Oppervlaktewater zout;Andere oppervlaktewateren Indicatief MAC-MKN (opgelost);0,95;µg/l;OW;Oppervlaktewateren;CONCTTE;(massa)Concentratie;nf;na filtratie (opgeloste fractie);MAX;Maximum
4653;glutaaraldehyde (ZZS);111-30-8;glutAh;Milieu;Oppervlaktewater zout;Andere oppervlaktewateren Indicatief MAC-MKN (totaal);0,95;µg/l;OW;Oppervlaktewater;CONCTTE;(massa)Concentratie;NVT;Niet van toepassing;MAX;Maximum
4655;glycerine;56-81-5;glycrne;Milieu;Oppervlaktewater zoet;Landoppervlaktewateren Indicatief MTR (opgelost);15000;µg/l;OW;Oppervlaktewater;CONCTTE;(massa)Concentratie;nf;na filtratie (opgeloste fractie);P90;90-Percentiel
4656;glycerine;56-81-5;glycrne;Milieu;Sediment;Sediment Indicatief MTR (droge stof);32000;µg/kg;BS;Bodem/Sediment;MASSFTE;Massafractie;dg;t.o.v. drooggewicht;;
4658;glycidol (ZZS);556-52-5;glycdl;Milieu;Oppervlaktewater zoet;Landoppervlaktewateren Indicatief MTR (opgelost);5,3;µg/l;OW;Oppervlaktewater;CONCTTE;(massa)Concentratie;nf;na filtratie (opgeloste fractie);P90;90-Percentiel
4659;glycidol (ZZS);556-52-5;glycdl;Milieu;Sediment;Sediment Indicatief MTR (droge stof);12;µg/kg;BS;Bodem/Sediment;MASSFTE;Massafractie;dg;t.o.v. drooggewicht;;
4661;glyfosaat;1071-83-6;glyfst;Milieu;Oppervlaktewater zoet;Landoppervlaktewateren Indicatief MTR (opgelost);77;µg/l;OW;Oppervlaktewater;CONCTTE;(massa)Concentratie;nf;na filtratie (opgeloste fractie);P90;90-Percentiel
4662;glyfosaat trimesium;81591-81-3;glyfsTmsm;Milieu;Oppervlaktewater zoet;Landoppervlaktewateren Indicatief MTR (opgelost);11;µg/l;OW;Oppervlaktewater;CONCTTE;(massa)Concentratie;nf;na filtratie (opgeloste fractie);P90;90-Percentiel
4663;chlooramine-T;127-65-1;ClAeT;Milieu;Oppervlaktewater zoet;Landoppervlaktewateren Indicatief MTR (opgelost);11;µg/l;OW;Oppervlaktewater;CONCTTE;(massa)Concentratie;nf;na filtratie (opgeloste fractie);P90;90-Percentiel
4665;haloxyfop-ethoxyethyl (ZZS);87237-48-7;halOxfC2oxC2;Milieu;Oppervlaktewater zoet;Landoppervlaktewateren Indicatief JG-MKN (opgelost);0,041;µg/l;OW;Oppervlaktewater;CONCTTE;(massa)Concentratie;nf;na filtratie (opgeloste fractie);JGM;Jaargemiddelde
4666;haloxyfop-ethoxyethyl (ZZS);87237-48-7;halOxfC2oxC2;Milieu;Oppervlaktewater zoet;Landoppervlaktewateren Indicatief MAC-MKN (opgelost);3,9;µg/l;OW;Oppervlaktewater;CONCTTE;(massa)Concentratie;nf;na filtratie (opgeloste fractie);MAX;Maximum
4667;haloxyfop-ethoxyethyl (ZZS);87237-48-7;halOxfC2oxC2;Milieu;Oppervlaktewater zout;Andere oppervlaktewateren Indicatief JG-MKN (opgelost);0,024;µg/l;OW;Oppervlaktewater;CONCTTE;(massa)Concentratie;nf;na filtratie (opgeloste fractie);JGM;Jaargemiddelde
4668;haloxyfop-ethoxyethyl (ZZS);87237-48-7;halOxfC2oxC2;Milieu;Oppervlaktewater zout;Andere oppervlaktewateren Indicatief MAC-MKN (opgelost);0,39;µg/l;OW;Oppervlaktewateren;CONCTTE;(massa)Concentratie;nf;na filtratie (opgeloste fractie);MAX;Maximum
4669;haloxyfop-P-methyl (ZZS);72619-32-0;halOxfPC1y;Milieu;Oppervlaktewater zoet;Landoppervlaktewateren Indicatief MTR (opgelost);0,051;µg/l;OW;Oppervlaktewater;CONCTTE;(massa)Concentratie;nf;na filtratie (opgeloste fractie);P90;90-Percentiel
4670;haloxyfop-methylester (ZZS);69806-40-2;halOxfC1y;Milieu;Oppervlaktewater zoet;Landoppervlaktewateren Indicatief MTR (opgelost);1,18;µg/l;OW;Oppervlaktewater;CONCTTE;(massa)Concentratie;nf;na filtratie (opgeloste fractie);P90;90-Percentiel
4683;heptachloor (ZZS);76-44-8;HpCl;Milieu;Grondwater;Signaleringsparameter  beoordeling grondwatersanering (opgelost);0,3;mg/l;GW;Grondwater;CONCTTE;(massa)Concentratie;nf;na filtratie;Nee;
4684;heptachloor (ZZS);76-44-8;HpCl;Milieu;Sediment;Sediment MTR (droge stof);0,65;µg/kg;BS;Bodem/Sediment;MASSFTE;Massafractie;dg;t.o.v. drooggewicht;;
4686;heptachloor (ZZS);76-44-8;HpCl;Milieu;Oppervlaktewater zoet;log Kp l/kg (zwevend stof);3,45;;OW;Oppervlaktewater;NVT;Niet van toepassing;NVT;Niet van toepassing;NVT;Niet van toepassing
4687;heptachloor (ZZS);76-44-8;HpCl;Milieu;Oppervlaktewater zoet;Landoppervlaktewateren wettelijk JG-MKN (totaal);2E-07;µg/l;OW;Oppervlaktewater;CONCTTE;(massa)Concentratie;NVT;Niet van toepassing;JGM;Jaargemiddelde
4688;heptachloor (ZZS);76-44-8;HpCl;Milieu;Oppervlaktewater zoet;Landoppervlaktewateren wettelijk MAC-MKN (totaal);3E-04;µg/l;OW;Oppervlaktewater;CONCTTE;(massa)Concentratie;NVT;Niet van toepassing;MAX;Maximum
4689;heptachloor (ZZS);76-44-8;HpCl;Milieu;Oppervlaktewater zout;Andere oppervlaktewateren wettelijk JG-MKN (totaal);1E-08;µg/l;OW;Oppervlaktewater;CONCTTE;(massa)Concentratie;NVT;Niet van toepassing;JGM;Jaargemiddelde
4690;heptachloor (ZZS);76-44-8;HpCl;Milieu;Oppervlaktewater zout;Andere oppervlaktewateren wettelijk MAC-MKN (totaal);3E-05;µg/l;OW;Oppervlaktewater;CONCTTE;(massa)Concentratie;NVT;Niet van toepassing;MAX;Maximum
4693;heptachloor (ZZS);76-44-8;HpCl;Milieu;Grondwater;Standaardwaarden grondwater (inclusief AC) (opgelost);0,005;ng/l;GW;Grondwater;CONCTTE;(massa)Concentratie;nf;na filtratie;Nee;
4718;heptachloorepoxide (ZZS);1024-57-3;sHpClepO;Milieu;Sediment;Sediment MTR (droge stof);0,02;µg/kg;BS;Bodem/Sediment;MASSFTE;Massafractie;dg;t.o.v. drooggewicht;;
4719;heptachloorepoxide (ZZS);1024-57-3;sHpClepO;Milieu;Oppervlaktewater zoet;log Kp l/kg (zwevend stof);1,94;;OW;Oppervlaktewater;NVT;Niet van toepassing;NVT;Niet van toepassing;NVT;Niet van toepassing
4721;heptachloorepoxide (ZZS);1024-57-3;sHpClepO;Milieu;Grondwater;Signaleringsparameter  beoordeling grondwatersanering (opgelost);3;µg/l;GW;Grondwater;CONCTTE;(massa)Concentratie;nf;na filtratie;Nee;
4722;heptachloorepoxide (ZZS);1024-57-3;sHpClepO;Milieu;Oppervlaktewater zoet;Landoppervlaktewateren wettelijk JG-MKN (totaal);2E-07;µg/l;OW;Oppervlaktewater;CONCTTE;(massa)Concentratie;NVT;Niet van toepassing;JGM;Jaargemiddelde
4723;heptachloorepoxide (ZZS);1024-57-3;sHpClepO;Milieu;Oppervlaktewater zoet;Landoppervlaktewateren wettelijk MAC-MKN (totaal);3E-04;µg/l;OW;Oppervlaktewater;CONCTTE;(massa)Concentratie;NVT;Niet van toepassing;MAX;Maximum
4724;heptachloorepoxide (ZZS);1024-57-3;sHpClepO;Milieu;Oppervlaktewater zout;Andere oppervlaktewateren wettelijk JG-MKN (totaal);1E-08;µg/l;OW;Oppervlaktewater;CONCTTE;(massa)Concentratie;NVT;Niet van toepassing;JGM;Jaargemiddelde
4725;heptachloorepoxide (ZZS);1024-57-3;sHpClepO;Milieu;Oppervlaktewater zout;Andere oppervlaktewateren wettelijk MAC-MKN (totaal);3E-05;µg/l;OW;Oppervlaktewater;CONCTTE;(massa)Concentratie;NVT;Niet van toepassing;MAX;Maximum
4727;heptachloorepoxide (ZZS);1024-57-3;sHpClepO;Milieu;Grondwater;Standaardwaarden grondwater (inclusief AC) (opgelost);0,005;ng/l;GW;Grondwater;CONCTTE;(massa)Concentratie;nf;na filtratie;Nee;
4752;heptachloornaftaleen (ZZS);32241-08-0;HpClNaf;Milieu;Oppervlaktewater zoet;Landoppervlaktewateren Indicatief MTR (opgelost);1,01E-04;µg/l;OW;Oppervlaktewater;CONCTTE;(massa)Concentratie;nf;na filtratie (opgeloste fractie);P90;90-Percentiel
4755;heptachloornorborneen (ZZS);28680-45-7;HpClnbnn;Milieu;Oppervlaktewater zoet;Landoppervlaktewateren Indicatief MTR (opgelost);2,58E-02;µg/l;OW;Oppervlaktewater;CONCTTE;(massa)Concentratie;nf;na filtratie (opgeloste fractie);P90;90-Percentiel
4758;heptenofos;23560-59-0;heptnfs;Milieu;Oppervlaktewater zoet;Landoppervlaktewateren wettelijk JG-MKN (totaal);2;ng/l;OW;Oppervlaktewater;CONCTTE;(massa)Concentratie;NVT;Niet van toepassing;JGM;Jaargemiddelde
4759;heptenofos;23560-59-0;heptnfs;Milieu;Oppervlaktewater zout;Andere oppervlaktewateren wettelijk JG-MKN (totaal);0,2;ng/l;OW;Oppervlaktewater;CONCTTE;(massa)Concentratie;NVT;Niet van toepassing;JGM;Jaargemiddelde
4760;heptenofos;23560-59-0;heptnfs;Milieu;Oppervlaktewater zoet;Landoppervlaktewateren wettelijk MAC-MKN (totaal);20;ng/l;OW;Oppervlaktewater;CONCTTE;(massa)Concentratie;NVT;Niet van toepassing;MAX;Maximum
4761;heptenofos;23560-59-0;heptnfs;Milieu;Oppervlaktewater zout;Andere oppervlaktewateren wettelijk MAC-MKN (totaal);2;ng/l;OW;Oppervlaktewater;CONCTTE;(massa)Concentratie;NVT;Niet van toepassing;MAX;Maximum
4763;heptenofos;23560-59-0;heptnfs;Milieu;Oppervlaktewater zoet;log Kp l/kg (zwevend stof);1,78;;OW;Oppervlaktewater;NVT;Niet van toepassing;NVT;Niet van toepassing;NVT;Niet van toepassing
4764;heptenofos;23560-59-0;heptnfs;Milieu;Oppervlaktewater zoet;Landoppervlaktewateren JG-MKN (opgelost);2;ng/l;OW;Oppervlaktewater;CONCTTE;(massa)Concentratie;nf;na filtratie (opgeloste fractie);JGM;Jaargemiddelde
4765;heptenofos;23560-59-0;heptnfs;Milieu;Oppervlaktewater zoet;Landoppervlaktewateren MAC-MKN (opgelost);20;ng/l;OW;Oppervlaktewater;CONCTTE;(massa)Concentratie;nf;na filtratie (opgeloste fractie);MAX;Maximum
4766;heptenofos;23560-59-0;heptnfs;Milieu;Oppervlaktewater zout;Andere oppervlaktewateren JG-MKN (opgelost);0,2;ng/l;OW;Oppervlaktewater;CONCTTE;(massa)Concentratie;nf;na filtratie (opgeloste fractie);JGM;Jaargemiddelde
4767;heptenofos;23560-59-0;heptnfs;Milieu;Oppervlaktewater zout;Andere oppervlaktewateren MAC-MKN (opgelost);2;ng/l;OW;Oppervlaktewater;CONCTTE;(massa)Concentratie;nf;na filtratie (opgeloste fractie);MAX;Maximum
4768;hexabroombifenyl (ZZS);36355-01-8;HxBr11bFy;Milieu;Oppervlaktewater zoet;Landoppervlaktewateren Indicatief MTR (opgelost);2,06E-03;µg/l;OW;Oppervlaktewater;CONCTTE;(massa)Concentratie;nf;na filtratie (opgeloste fractie);P90;90-Percentiel
4769;hexabroombifenyl (ZZS);36355-01-8;HxBr11bFy;Milieu;Sediment;Sediment Indicatief MTR (droge stof);3,30;µg/kg;BS;Bodem/Sediment;MASSFTE;Massafractie;dg;t.o.v. drooggewicht;;
4772;hexachloorbenzeen (ZZS);118-74-1;HCB;Milieu;Grondwater;Signaleringsparameter  beoordeling grondwatersanering (opgelost);0,5;µg/l;GW;Grondwater;CONCTTE;(massa)Concentratie;nf;na filtratie;Nee;
4774;hexachloorbenzeen (ZZS);118-74-1;HCB;Milieu;Oppervlaktewater zoet;Landoppervlaktewateren wettelijk JG-MKN (totaal);0,000026;µg/l;OW;Oppervlaktewater;CONCTTE;(massa)Concentratie;NVT;Niet van toepassing;JGM;Jaargemiddelde
4775;hexachloorbenzeen (ZZS);118-74-1;HCB;Milieu;Oppervlaktewater zout;Andere oppervlaktewateren wettelijk JG-MKN (totaal);0,000026;µg/l;OW;Oppervlaktewater;CONCTTE;(massa)Concentratie;NVT;Niet van toepassing;JGM;Jaargemiddelde
4776;hexachloorbenzeen (ZZS);118-74-1;HCB;Milieu;Oppervlaktewater zoet;Landoppervlaktewateren wettelijk MAC-MKN (totaal);0,05;µg/l;OW;Oppervlaktewater;CONCTTE;(massa)Concentratie;NVT;Niet van toepassing;MAX;Maximum
4777;hexachloorbenzeen (ZZS);118-74-1;HCB;Milieu;Oppervlaktewater zout;Andere oppervlaktewateren wettelijk MAC-MKN (totaal);0,05;µg/l;OW;Oppervlaktewater;CONCTTE;(massa)Concentratie;NVT;Niet van toepassing;MAX;Maximum
4779;hexachloorbenzeen (ZZS);118-74-1;HCB;Milieu;Sediment;Sediment MTR (droge stof);0,005;mg/kg;BS;Bodem/Sediment;MASSFTE;Massafractie;dg;t.o.v. drooggewicht;;
4781;hexachloorbenzeen (ZZS);118-74-1;HCB;Milieu;Oppervlaktewater zoet;log Kp l/kg (zwevend stof);3,04;;OW;Oppervlaktewater;NVT;Niet van toepassing;NVT;Niet van toepassing;NVT;Niet van toepassing
4782;hexachloorbenzeen (ZZS);118-74-1;HCB;Milieu;Oppervlaktewater zoet;Landoppervlaktewateren JG-MKN (opgelost);0,000027;µg/l;OW;Oppervlaktewater;CONCTTE;(massa)Concentratie;nf;na filtratie (opgeloste fractie);JGM;Jaargemiddelde
4784;hexachloorbenzeen (ZZS);118-74-1;HCB;Milieu;Grondwater;Standaardwaarden grondwater (inclusief AC) (opgelost);9e-005;µg/l;GW;Grondwater;CONCTTE;(massa)Concentratie;nf;na filtratie;Nee;
4809;hexachloorbutadieen (ZZS);87-68-3;HxClbtDen;Milieu;Oppervlaktewater zoet;Landoppervlaktewateren wettelijk JG-MKN (totaal);0,00055;µg/l;OW;Oppervlaktewater;CONCTTE;(massa)Concentratie;NVT;Niet van toepassing;JGM;Jaargemiddelde
4810;hexachloorbutadieen (ZZS);87-68-3;HxClbtDen;Milieu;Oppervlaktewater zout;Andere oppervlaktewateren wettelijk JG-MKN (totaal);0,00055;µg/l;OW;Oppervlaktewater;CONCTTE;(massa)Concentratie;NVT;Niet van toepassing;JGM;Jaargemiddelde
4811;hexachloorbutadieen (ZZS);87-68-3;HxClbtDen;Milieu;Oppervlaktewater zoet;Landoppervlaktewateren wettelijk MAC-MKN (totaal);0,6;µg/l;OW;Oppervlaktewater;CONCTTE;(massa)Concentratie;NVT;Niet van toepassing;MAX;Maximum
4812;hexachloorbutadieen (ZZS);87-68-3;HxClbtDen;Milieu;Oppervlaktewater zout;Andere oppervlaktewateren wettelijk MAC-MKN (totaal);0,6;µg/l;OW;Oppervlaktewater;CONCTTE;(massa)Concentratie;NVT;Niet van toepassing;MAX;Maximum
4815;hexachloorbutadieen (ZZS);87-68-3;HxClbtDen;Milieu;Oppervlaktewater zoet;Landoppervlaktewateren JG-MKN (opgelost);0,00057;µg/l;OW;Oppervlaktewater;CONCTTE;(massa)Concentratie;nf;na filtratie (opgeloste fractie);JGM;Jaargemiddelde
4851;hexachloorcyclohexaan (ZZS);608-73-1;sHCH;Milieu;Oppervlaktewater zoet;Landoppervlaktewateren wettelijk JG-MKN (totaal);0,02;µg/l;OW;Oppervlaktewater;CONCTTE;(massa)Concentratie;NVT;Niet van toepassing;JGM;Jaargemiddelde
4852;hexachloorcyclohexaan (ZZS);608-73-1;sHCH;Milieu;Oppervlaktewater zout;Andere oppervlaktewateren wettelijk JG-MKN (totaal);0,002;µg/l;OW;Oppervlaktewater;CONCTTE;(massa)Concentratie;NVT;Niet van toepassing;JGM;Jaargemiddelde
4853;hexachloorcyclohexaan (ZZS);608-73-1;sHCH;Milieu;Oppervlaktewater zoet;Landoppervlaktewateren wettelijk MAC-MKN (totaal);0,04;µg/l;OW;Oppervlaktewater;CONCTTE;(massa)Concentratie;NVT;Niet van toepassing;MAX;Maximum
4854;hexachloorcyclohexaan (ZZS);608-73-1;sHCH;Milieu;Oppervlaktewater zout;Andere oppervlaktewateren wettelijk MAC-MKN (totaal);0,02;µg/l;OW;Oppervlaktewater;CONCTTE;(massa)Concentratie;NVT;Niet van toepassing;MAX;Maximum
4856;hexachloorcyclohexaan (ZZS);608-73-1;sHCH;Milieu;Grondwater;Signaleringsparameter  beoordeling grondwatersanering (opgelost);1;µg/l;GW;Grondwater;CONCTTE;(massa)Concentratie;nf;na filtratie;Nee;
4857;hexachloorcyclohexaan (ZZS);608-73-1;sHCH;Milieu;Grondwater;Standaardwaarden grondwater (inclusief AC) (opgelost);0,05;µg/l;GW;Grondwater;CONCTTE;(massa)Concentratie;nf;na filtratie;Nee;
4882;hexachloorcyclopentadieen (ZZS);77-47-4;HCCPD;Milieu;Oppervlaktewater zoet;Landoppervlaktewateren Indicatief MTR (opgelost);3,61E-01;µg/l;OW;Oppervlaktewater;CONCTTE;(massa)Concentratie;nf;na filtratie (opgeloste fractie);P90;90-Percentiel
4896;hexachloorethaan;67-72-1;HxClC2a;Milieu;Oppervlaktewater zoet;log Kp l/kg (zwevend stof);2,47;;OW;Oppervlaktewater;NVT;Niet van toepassing;NVT;Niet van toepassing;NVT;Niet van toepassing
4897;hexachloorethaan;67-72-1;HxClC2a;Milieu;Oppervlaktewater zoet;Landoppervlaktewateren JG-MKN (totaal);0,67;µg/l;OW;Oppervlaktewater;CONCTTE;(massa)Concentratie;NVT;Niet van toepassing;JGM;Jaargemiddelde
4898;hexachloorethaan;67-72-1;HxClC2a;Milieu;Oppervlaktewater zoet;Landoppervlaktewateren MAC-MKN (totaal);1,4;µg/l;OW;Oppervlaktewater;CONCTTE;(massa)Concentratie;NVT;Niet van toepassing;MAX;Maximum
4899;hexachloorethaan;67-72-1;HxClC2a;Milieu;Oppervlaktewater zout;Andere oppervlaktewateren JG-MKN (totaal);0,067;µg/l;OW;Oppervlaktewater;CONCTTE;(massa)Concentratie;NVT;Niet van toepassing;JGM;Jaargemiddelde
4900;hexachloorethaan;67-72-1;HxClC2a;Milieu;Oppervlaktewater zout;Andere oppervlaktewateren MAC-MKN (totaal);0,28;µg/l;OW;Oppervlaktewater;CONCTTE;(massa)Concentratie;NVT;Niet van toepassing;MAX;Maximum
4903;hexachloornaftaleen (ZZS);1335-87-1;HxClNaf;Milieu;Oppervlaktewater zoet;Landoppervlaktewateren Indicatief MTR (opgelost);1,63E-04;µg/l;OW;Oppervlaktewater;CONCTTE;(massa)Concentratie;nf;na filtratie (opgeloste fractie);P90;90-Percentiel
4906;hexadecafluorheptaan (ZZS);335-57-9;hexdcFC7a;Milieu;Oppervlaktewater zoet;Landoppervlaktewateren Indicatief MTR (opgelost);1,54E-03;µg/l;OW;Oppervlaktewater;CONCTTE;(massa)Concentratie;nf;na filtratie (opgeloste fractie);P90;90-Percentiel
4909;hexahydro-1,3,5-trinitro-1,2,3-triazine;121-82-4;RDX;Milieu;Oppervlaktewater zoet;Landoppervlaktewateren Indicatief MTR (opgelost);1,67;µg/l;OW;Oppervlaktewater;CONCTTE;(massa)Concentratie;nf;na filtratie (opgeloste fractie);P90;90-Percentiel
4912;hexamethyldisiloxaan;107-46-0;HxC1yDslxn;Milieu;Oppervlaktewater zoet;Landoppervlaktewateren Indicatief MTR (opgelost);3,07E-05;µg/l;OW;Oppervlaktewater;CONCTTE;(massa)Concentratie;nf;na filtratie (opgeloste fractie);P90;90-Percentiel
4913;hexamethyldisiloxaan;107-46-0;HxC1yDslxn;Milieu;Sediment;Sediment Indicatief MTR (droge stof);0,0110;µg/kg;BS;Bodem/Sediment;MASSFTE;Massafractie;dg;t.o.v. drooggewicht;;
4916;hexamethyleentetramine;100-97-0;HxC1yeT4Ae;Milieu;Oppervlaktewater zoet;Landoppervlaktewateren Indicatief MTR (opgelost);2510;µg/l;OW;Oppervlaktewater;CONCTTE;(massa)Concentratie;nf;na filtratie (opgeloste fractie);P90;90-Percentiel
4919;hexazinon;51235-04-2;Hxznn;Milieu;Oppervlaktewater zoet;Landoppervlaktewateren Indicatief MTR (opgelost);0,56;µg/l;OW;Oppervlaktewater;CONCTTE;(massa)Concentratie;nf;na filtratie (opgeloste fractie);P90;90-Percentiel
4920;hexythiazox;78587-05-0;hextazx;Milieu;Oppervlaktewater zoet;Landoppervlaktewateren Indicatief MTR (opgelost);0,025;µg/l;OW;Oppervlaktewater;CONCTTE;(massa)Concentratie;nf;na filtratie (opgeloste fractie);P90;90-Percentiel
4921;hydrazine (ZZS);302-01-2;hydzne;Milieu;Oppervlaktewater zoet;Landoppervlaktewateren Indicatief MTR (opgelost);1,92E-02;µg/l;OW;Oppervlaktewater;CONCTTE;(massa)Concentratie;nf;na filtratie (opgeloste fractie);P90;90-Percentiel
4938;hydrochinon;123-31-9;14DHOxBen;Milieu;Grondwater;Grondwater indicatief niveau voor ernstige verontreiniging (opgelost);800;µg/l;GW;Grondwater;CONCTTE;(massa)Concentratie;nf;na filtratie;Nee;
4939;hydrochinon;123-31-9;14DHOxBen;Milieu;Oppervlaktewater zoet;Landoppervlaktewateren Indicatief MTR (opgelost);4,96E+04;µg/l;OW;Oppervlaktewater;CONCTTE;(massa)Concentratie;nf;na filtratie (opgeloste fractie);P90;90-Percentiel
4941;hydrochinon;123-31-9;14DHOxBen;Milieu;Grondwater;Standaardwaarden grondwater (inclusief AC) (opgelost);0,2;µg/l;GW;Grondwater;CONCTTE;(massa)Concentratie;nf;na filtratie;Nee;
4942;hymexazool;10004-44-1;hymxzl;Milieu;Oppervlaktewater zoet;Landoppervlaktewateren Indicatief MTR (opgelost);8,8;µg/l;OW;Oppervlaktewater;CONCTTE;(massa)Concentratie;nf;na filtratie (opgeloste fractie);P90;90-Percentiel
4944;ijzer;7439-89-6;Fe;Milieu;Oppervlaktewater voor drinkwaterbereiding;Oppervlaktewater voor drinkwaterbereiding (gericht op waterbeheerder);0,3;mg/l;;;;;;;;
4945;ijzer;7439-89-6;Fe;Milieu;Oppervlaktewater voor drinkwaterbereiding;Oppervlaktewater voor drinkwaterbereiding (gericht tot het drinkwaterbedrijf);0,3;mg/l;;;;;;;;
4947;imazalil;35554-44-0;imzll;Milieu;Oppervlaktewater zoet;Landoppervlaktewateren Indicatief MTR (opgelost);0,87;µg/l;OW;Oppervlaktewater;CONCTTE;(massa)Concentratie;nf;na filtratie (opgeloste fractie);P90;90-Percentiel
4948;imazamethabenzmethyl;81405-85-8;imzmtbzC1y;Milieu;Oppervlaktewater zoet;Landoppervlaktewateren Indicatief MTR (opgelost);37;µg/l;OW;Oppervlaktewater;CONCTTE;(massa)Concentratie;nf;na filtratie (opgeloste fractie);P90;90-Percentiel
4949;imazamox;114311-32-9;imzmx;Milieu;Oppervlaktewater zoet;Landoppervlaktewateren Indicatief MTR (opgelost);120;µg/l;OW;Oppervlaktewater;CONCTTE;(massa)Concentratie;nf;na filtratie (opgeloste fractie);P90;90-Percentiel
4950;imidacloprid;138261-41-3;imdcpd;Milieu;Oppervlaktewater zoet;Landoppervlaktewateren wettelijk JG-MKN (totaal);0,0083;µg/l;OW;Oppervlaktewater;CONCTTE;(massa)Concentratie;NVT;Niet van toepassing;JGM;Jaargemiddelde
4951;imidacloprid;138261-41-3;imdcpd;Milieu;Oppervlaktewater zout;Andere oppervlaktewateren wettelijk JG-MKN (totaal);0,00083;µg/l;OW;Oppervlaktewater;CONCTTE;(massa)Concentratie;NVT;Niet van toepassing;JGM;Jaargemiddelde
4952;imidacloprid;138261-41-3;imdcpd;Milieu;Oppervlaktewater zoet;Landoppervlaktewateren wettelijk MAC-MKN (totaal);0,2;µg/l;OW;Oppervlaktewater;CONCTTE;(massa)Concentratie;NVT;Niet van toepassing;MAX;Maximum
4953;imidacloprid;138261-41-3;imdcpd;Milieu;Oppervlaktewater zout;Andere oppervlaktewateren wettelijk MAC-MKN (totaal);0,02;µg/l;OW;Oppervlaktewater;CONCTTE;(massa)Concentratie;NVT;Niet van toepassing;MAX;Maximum
4955;imidacloprid;138261-41-3;imdcpd;Milieu;Oppervlaktewater zoet;log Kp l/kg (zwevend stof);1,43;;OW;Oppervlaktewater;NVT;Niet van toepassing;NVT;Niet van toepassing;NVT;Niet van toepassing
4956;imidacloprid;138261-41-3;imdcpd;Milieu;Oppervlaktewater zoet;Landoppervlaktewateren JG-MKN (opgelost);0,0083;µg/l;OW;Oppervlaktewater;CONCTTE;(massa)Concentratie;nf;na filtratie (opgeloste fractie);JGM;Jaargemiddelde
4957;imidacloprid;138261-41-3;imdcpd;Milieu;Oppervlaktewater zoet;Landoppervlaktewateren MAC-MKN (opgelost);0,2;µg/l;OW;Oppervlaktewater;CONCTTE;(massa)Concentratie;nf;na filtratie (opgeloste fractie);MAX;Maximum
4958;imidacloprid;138261-41-3;imdcpd;Milieu;Oppervlaktewater zout;Andere oppervlaktewateren JG-MKN (opgelost);0,00083;µg/l;OW;Oppervlaktewater;CONCTTE;(massa)Concentratie;nf;na filtratie (opgeloste fractie);JGM;Jaargemiddelde
4959;imidacloprid;138261-41-3;imdcpd;Milieu;Oppervlaktewater zout;Andere oppervlaktewateren MAC-MKN (opgelost);0,02;µg/l;OW;Oppervlaktewater;CONCTTE;(massa)Concentratie;nf;na filtratie (opgeloste fractie);MAX;Maximum
4961;indeno[1,2,3-cd]pyreen (ZZS);193-39-5;InP;Milieu;Grondwater;Signaleringsparameter  beoordeling grondwatersanering (opgelost);0,05;µg/l;GW;Grondwater;CONCTTE;(massa)Concentratie;nf;na filtratie;Nee;
4967;indeno[1,2,3-cd]pyreen (ZZS);193-39-5;InP;Milieu;Sediment;Sediment MTR (droge stof);6;mg/kg;BS;Bodem/Sediment;MASSFTE;Massafractie;dg;t.o.v. drooggewicht;;
4968;indeno[1,2,3-cd]pyreen (ZZS);193-39-5;InP;Milieu;Oppervlaktewater zoet;log Kp l/kg (zwevend stof);5,47;;OW;Oppervlaktewater;NVT;Niet van toepassing;NVT;Niet van toepassing;NVT;Niet van toepassing
4971;indeno[1,2,3-cd]pyreen (ZZS);193-39-5;InP;Milieu;Grondwater;Standaardwaarden grondwater (inclusief AC) (opgelost);0,0004;µg/l;GW;Grondwater;CONCTTE;(massa)Concentratie;nf;na filtratie;Nee;
4996;indoxacarb (ZZS);173584-44-6;indxcb;Milieu;Oppervlaktewater zoet;Landoppervlaktewateren Indicatief JG-MKN (opgelost);0,022;µg/l;OW;Oppervlaktewater;CONCTTE;(massa)Concentratie;nf;na filtratie (opgeloste fractie);JGM;Jaargemiddelde
4997;indoxacarb (ZZS);173584-44-6;indxcb;Milieu;Oppervlaktewater zoet;Landoppervlaktewateren Indicatief JG-MKN (totaal);0,022;µg/l;OW;Oppervlaktewater;CONCTTE;(massa)Concentratie;NVT;Niet van toepassing;JGM;Jaargemiddelde
4998;indoxacarb (ZZS);173584-44-6;indxcb;Milieu;Oppervlaktewater zoet;Landoppervlaktewateren Indicatief JG-MKN (totaal);0,022;µg/l;OW;Oppervlaktewater;CONCTTE;(massa)Concentratie;NVT;Niet van toepassing;JGM;Jaargemiddelde
4999;indoxacarb (ZZS);173584-44-6;indxcb;Milieu;Oppervlaktewater zoet;Landoppervlaktewateren Indicatief MAC-MKN (opgelost);0,22;µg/l;OW;Oppervlaktewater;CONCTTE;(massa)Concentratie;nf;na filtratie (opgeloste fractie);MAX;Maximum
5000;indoxacarb (ZZS);173584-44-6;indxcb;Milieu;Oppervlaktewater zoet;Landoppervlaktewateren Indicatief MAC-MKN (totaal);0,22;µg/l;OW;Oppervlaktewater;CONCTTE;(massa)Concentratie;NVT;Niet van toepassing;MAX;Maximum
5001;indoxacarb (ZZS);173584-44-6;indxcb;Milieu;Oppervlaktewater zout;Andere oppervlaktewateren Indicatief JG-MKN (opgelost);0,0022;µg/l;OW;Oppervlaktewater;CONCTTE;(massa)Concentratie;nf;na filtratie (opgeloste fractie);JGM;Jaargemiddelde
5002;indoxacarb (ZZS);173584-44-6;indxcb;Milieu;Oppervlaktewater zout;Andere oppervlaktewateren Indicatief JG-MKN (totaal);0,0022;µg/l;OW;Oppervlaktewater;CONCTTE;(massa)Concentratie;NVT;Niet van toepassing;JGM;Jaargemiddelde
5003;indoxacarb (ZZS);173584-44-6;indxcb;Milieu;Oppervlaktewater zout;Andere oppervlaktewateren Indicatief MAC-MKN (opgelost);0,022;µg/l;OW;Oppervlaktewateren;CONCTTE;(massa)Concentratie;nf;na filtratie (opgeloste fractie);MAX;Maximum
5004;indoxacarb (ZZS);173584-44-6;indxcb;Milieu;Oppervlaktewater zout;Andere oppervlaktewateren Indicatief MAC-MKN (totaal);0,022;µg/l;OW;Oppervlaktewater;CONCTTE;(massa)Concentratie;NVT;Niet van toepassing;MAX;Maximum
5005;ioxynil;1689-83-4;iOxnl;Milieu;Oppervlaktewater zoet;Landoppervlaktewateren Indicatief MTR (opgelost);0,26;µg/l;OW;Oppervlaktewater;CONCTTE;(massa)Concentratie;nf;na filtratie (opgeloste fractie);P90;90-Percentiel
5006;ioxynil natrium zout;2961-62-8;;Milieu;Oppervlaktewater zoet;Landoppervlaktewateren Indicatief MTR (opgelost);1;µg/l;OW;Oppervlaktewater;CONCTTE;(massa)Concentratie;nf;na filtratie (opgeloste fractie);P90;90-Percentiel
5007;ioxyniloctanoaat;3861-47-0;ioxnOcnat;Milieu;Oppervlaktewater zoet;Landoppervlaktewateren Indicatief MTR (opgelost);0,044;µg/l;OW;Oppervlaktewater;CONCTTE;(massa)Concentratie;nf;na filtratie (opgeloste fractie);P90;90-Percentiel
5008;iprodion;36734-19-7;ipDon;Milieu;Oppervlaktewater zoet;Landoppervlaktewateren Indicatief MTR (opgelost);0,5;µg/l;OW;Oppervlaktewater;CONCTTE;(massa)Concentratie;nf;na filtratie (opgeloste fractie);P90;90-Percentiel
5010;iprovalicarb;140923-17-7;ipvlcb;Milieu;Oppervlaktewater zoet;Landoppervlaktewateren Indicatief MTR (opgelost);19;µg/l;OW;Oppervlaktewater;CONCTTE;(massa)Concentratie;nf;na filtratie (opgeloste fractie);P90;90-Percentiel
5011;cybutryne;28159-98-0;irgrl;Milieu;Sediment;Sediment MTR (standaard Sediment met 10% organisch materiaal);1,4;µg/kg;BS;Bodem/Sediment;MASSFTE;Massafractie;dg;t.o.v. drooggewicht;;
5012;cybutryne;28159-98-0;irgrl;Milieu;Oppervlaktewater zoet;log Kp l/kg (zwevend stof);2,06;;OW;Oppervlaktewater;NVT;Niet van toepassing;NVT;Niet van toepassing;NVT;Niet van toepassing
5013;cybutryne;28159-98-0;irgrl;Milieu;Oppervlaktewater zoet;Landoppervlaktewateren wettelijk JG-MKN (totaal);0,0025;µg/l;OW;Oppervlaktewater;CONCTTE;(massa)Concentratie;NVT;Niet van toepassing;JGM;Jaargemiddelde
5014;cybutryne;28159-98-0;irgrl;Milieu;Oppervlaktewater zoet;Landoppervlaktewateren wettelijk MAC-MKN (totaal);0,016;µg/l;OW;Oppervlaktewater;CONCTTE;(massa)Concentratie;NVT;Niet van toepassing;MAX;Maximum
5015;cybutryne;28159-98-0;irgrl;Milieu;Oppervlaktewater zout;Andere oppervlaktewateren wettelijk JG-MKN (totaal);0,0025;µg/l;OW;Oppervlaktewater;CONCTTE;(massa)Concentratie;NVT;Niet van toepassing;JGM;Jaargemiddelde
5016;cybutryne;28159-98-0;irgrl;Milieu;Oppervlaktewater zout;Andere oppervlaktewateren wettelijk MAC-MKN (totaal);0,016;µg/l;OW;Oppervlaktewater;CONCTTE;(massa)Concentratie;NVT;Niet van toepassing;MAX;Maximum
5017;isoboterzuur;79-31-2;ibtzr;Milieu;Oppervlaktewater zoet;Landoppervlaktewateren Indicatief MTR (opgelost);184;µg/l;OW;Oppervlaktewater;CONCTTE;(massa)Concentratie;nf;na filtratie (opgeloste fractie);P90;90-Percentiel
5018;isodecyl alcohol, ethoxylated;61827-42-7;geetxldiC10y;Milieu;Oppervlaktewater zoet;Landoppervlaktewateren Indicatief MTR (opgelost);0,53;µg/l;OW;Oppervlaktewater;CONCTTE;(massa)Concentratie;nf;na filtratie (opgeloste fractie);P90;90-Percentiel
5019;isodecyl alcohol, ethoxylated;61827-42-7;geetxldiC10y;Milieu;Sediment;Sediment Indicatief MTR (droge stof);11;µg/kg;BS;Bodem/Sediment;MASSFTE;Massafractie;dg;t.o.v. drooggewicht;;
5020;isodrin (ZZS);465-73-6;idn;Milieu;Oppervlaktewater zoet;Landoppervlaktewateren wettelijk JG-MKN (totaal);0,01;µg/l;OW;Oppervlaktewater;CONCTTE;(massa)Concentratie;NVT;Niet van toepassing;JGM;Jaargemiddelde
5021;isodrin (ZZS);465-73-6;idn;Milieu;Oppervlaktewater zout;Andere oppervlaktewateren wettelijk JG-MKN (totaal);0,005;µg/l;OW;Oppervlaktewater;CONCTTE;(massa)Concentratie;NVT;Niet van toepassing;JGM;Jaargemiddelde
5049;iso-fenfos;25311-71-1;iffs;Milieu;Oppervlaktewater zoet;Landoppervlaktewateren Indicatief MTR (opgelost);0,00032;µg/l;OW;Oppervlaktewater;CONCTTE;(massa)Concentratie;nf;na filtratie (opgeloste fractie);P90;90-Percentiel
5050;phthalimide;85-41-6;ftalmde;Milieu;Oppervlaktewater zoet;Landoppervlaktewateren Indicatief MTR (opgelost);16,5;µg/l;OW;Oppervlaktewater;CONCTTE;(massa)Concentratie;nf;na filtratie (opgeloste fractie);P90;90-Percentiel
5059;diisopropylether;108-20-3;DiC3yEtr;Milieu;Oppervlaktewater zoet;Landoppervlaktewateren Indicatief MTR (opgelost);21;µg/l;OW;Oppervlaktewater;CONCTTE;(massa)Concentratie;nf;na filtratie (opgeloste fractie);P90;90-Percentiel
5060;diisopropylether;108-20-3;DiC3yEtr;Milieu;Sediment;Sediment Indicatief MTR (droge stof);240;µg/kg;BS;Bodem/Sediment;MASSFTE;Massafractie;dg;t.o.v. drooggewicht;;
5067;isopropylmyristaat;110-27-0;iC3ymrtt;Milieu;Oppervlaktewater zoet;Landoppervlaktewateren Indicatief MTR (opgelost);0,03;µg/l;OW;Oppervlaktewater;CONCTTE;(massa)Concentratie;nf;na filtratie (opgeloste fractie);P90;90-Percentiel
5068;isopropylmyristaat;110-27-0;iC3ymrtt;Milieu;Sediment;Sediment Indicatief MTR (droge stof);2,08E+03;µg/kg;BS;Bodem/Sediment;MASSFTE;Massafractie;dg;t.o.v. drooggewicht;;
5070;isoprothiolan;50512-35-1;iptoln;Milieu;Oppervlaktewater zoet;Landoppervlaktewateren Indicatief MTR (opgelost);4,6;µg/l;OW;Oppervlaktewater;CONCTTE;(massa)Concentratie;nf;na filtratie (opgeloste fractie);P90;90-Percentiel
5071;isoproturon;34123-59-6;iptrn;Milieu;Oppervlaktewater zoet;Landoppervlaktewateren wettelijk JG-MKN (totaal);0,3;µg/l;OW;Oppervlaktewater;CONCTTE;(massa)Concentratie;NVT;Niet van toepassing;JGM;Jaargemiddelde
5072;isoproturon;34123-59-6;iptrn;Milieu;Oppervlaktewater zout;Andere oppervlaktewateren wettelijk JG-MKN (totaal);0,3;µg/l;OW;Oppervlaktewater;CONCTTE;(massa)Concentratie;NVT;Niet van toepassing;JGM;Jaargemiddelde
5073;isoproturon;34123-59-6;iptrn;Milieu;Oppervlaktewater zoet;Landoppervlaktewateren wettelijk MAC-MKN (totaal);1;µg/l;OW;Oppervlaktewater;CONCTTE;(massa)Concentratie;NVT;Niet van toepassing;MAX;Maximum
5074;isoproturon;34123-59-6;iptrn;Milieu;Oppervlaktewater zout;Andere oppervlaktewateren wettelijk MAC-MKN (totaal);1;µg/l;OW;Oppervlaktewater;CONCTTE;(massa)Concentratie;NVT;Niet van toepassing;MAX;Maximum
5075;isoproturon;34123-59-6;iptrn;Milieu;Sediment;Sediment MTR (droge stof);5;µg/kg;BS;Bodem/Sediment;MASSFTE;Massafractie;dg;t.o.v. drooggewicht;;
5077;isoproturon;34123-59-6;iptrn;Milieu;Oppervlaktewater zoet;log Kp l/kg (zwevend stof);1,34;;OW;Oppervlaktewater;NVT;Niet van toepassing;NVT;Niet van toepassing;NVT;Niet van toepassing
5078;isoquinoline (ZZS);119-65-3;iqnlne;Milieu;Oppervlaktewater zoet;Landoppervlaktewateren Indicatief MTR (opgelost);2,4;µg/l;OW;Oppervlaktewater;CONCTTE;(massa)Concentratie;nf;na filtratie (opgeloste fractie);P90;90-Percentiel
5079;isoxaben;82558-50-7;isxbn;Milieu;Oppervlaktewater zoet;Landoppervlaktewateren Indicatief MTR (opgelost);0,11;µg/l;OW;Oppervlaktewater;CONCTTE;(massa)Concentratie;nf;na filtratie (opgeloste fractie);P90;90-Percentiel
5080;isoxaflutool (ZZS);141112-29-0;iOaftl;Milieu;Oppervlaktewater zoet;Landoppervlaktewateren Indicatief MTR (opgelost);1,6;µg/l;OW;Oppervlaktewater;CONCTTE;(massa)Concentratie;nf;na filtratie (opgeloste fractie);P90;90-Percentiel
5081;ivermectine;70288-86-7;ivmctne;Milieu;Oppervlaktewater zoet;Landoppervlaktewateren Indicatief MTR (opgelost);2,5e-005;µg/l;OW;Oppervlaktewater;CONCTTE;(massa)Concentratie;nf;na filtratie (opgeloste fractie);P90;90-Percentiel
5082;jodofenfos;18181-70-9;jodffs;Milieu;Oppervlaktewater zoet;Landoppervlaktewateren Indicatief JG-MKN (opgelost);2,0E-05;µg/l;OW;Oppervlaktewater;CONCTTE;(massa)Concentratie;nf;na filtratie (opgeloste fractie);JGM;Jaargemiddelde
5083;jodofenfos;18181-70-9;jodffs;Milieu;Oppervlaktewater zoet;Landoppervlaktewateren Indicatief MAC-MKN (opgelost);2,3E-03;µg/l;OW;Oppervlaktewater;CONCTTE;(massa)Concentratie;nf;na filtratie (opgeloste fractie);MAX;Maximum
5084;jodofenfos;18181-70-9;jodffs;Milieu;Oppervlaktewater zout;Andere oppervlaktewateren Indicatief JG-MKN (opgelost);2,0E-05;µg/l;OW;Oppervlaktewater;CONCTTE;(massa)Concentratie;nf;na filtratie (opgeloste fractie);JGM;Jaargemiddelde
5085;jodofenfos;18181-70-9;jodffs;Milieu;Oppervlaktewater zout;Andere oppervlaktewateren Indicatief MAC-MKN (opgelost);2,3E-04;µg/l;OW;Oppervlaktewateren;CONCTTE;(massa)Concentratie;nf;na filtratie (opgeloste fractie);MAX;Maximum
5089;kaliumoleaat;143-18-0;Kolat;Milieu;Oppervlaktewater zoet;Landoppervlaktewateren Indicatief MTR (opgelost);0,095;µg/l;OW;Oppervlaktewater;CONCTTE;(massa)Concentratie;nf;na filtratie (opgeloste fractie);P90;90-Percentiel
5090;kaliumoleaat;143-18-0;Kolat;Milieu;Sediment;Sediment Indicatief MTR (droge stof);10,6;µg/kg;BS;Bodem/Sediment;MASSFTE;Massafractie;dg;t.o.v. drooggewicht;;
5091;kasugamycine;6980-18-3;kasgmcne;Milieu;Oppervlaktewater zoet;Landoppervlaktewateren Indicatief MTR (opgelost);10;µg/l;OW;Oppervlaktewater;CONCTTE;(massa)Concentratie;nf;na filtratie (opgeloste fractie);P90;90-Percentiel
5093;kobalt (ZZS);7440-48-4;Co;Milieu;Grondwater;Grondwater streefwaarde ondiep (opgelost);20;µg/l;GW;Grondwater;CONCTTE;(massa)Concentratie;nf;na filtratie;Nee;
5094;kobalt (ZZS);7440-48-4;Co;Milieu;Grondwater;Grondwater diep landelijke achtergrondconcentratie (AC) (opgelost);0,6;µg/l;GW;Grondwater;CONCTTE;(massa)Concentratie;nf;na filtratie;Nee;
5095;kobalt (ZZS);7440-48-4;Co;Milieu;Grondwater;Standaardwaarden grondwater (inclusief AC) (opgelost);0,7;µg/l;GW;Grondwater;CONCTTE;(massa)Concentratie;nf;na filtratie;Nee;
5096;kobalt (ZZS);7440-48-4;Co;Milieu;Grondwater;Signaleringsparameter  beoordeling grondwatersanering (opgelost);100;µg/l;GW;Grondwater;CONCTTE;(massa)Concentratie;nf;na filtratie;Nee;
5100;kobalt (ZZS);7440-48-4;Co;Milieu;Oppervlaktewater zoet;Landoppervlaktewateren achtergrondconcentratie (opgelost);0,1;µg/l;OW;Oppervlaktewater;CONCTTE;(massa)Concentratie;nf;na filtratie (opgeloste fractie);NVT;Niet van toepassing
5101;kobalt (ZZS);7440-48-4;Co;Milieu;Oppervlaktewater zoet;Landoppervlaktewateren wettelijk JG-MKN (opgelost);0,2;µg/l;OW;Oppervlaktewater;CONCTTE;(massa)Concentratie;nf;na filtratie (opgeloste fractie);JGM;Jaargemiddelde
5102;kobalt (ZZS);7440-48-4;Co;Milieu;Oppervlaktewater zoet;Landoppervlaktewateren wettelijk MAC-MKN (opgelost);1,36;µg/l;OW;Oppervlaktewater;CONCTTE;(massa)Concentratie;nf;na filtratie (opgeloste fractie);MAX;Maximum
5103;kobalt (ZZS);7440-48-4;Co;Milieu;Oppervlaktewater zout;Andere oppervlaktewateren wettelijk MAC-MKN (opgelost);0,21;µg/l;OW;Oppervlaktewater;CONCTTE;(massa)Concentratie;nf;na filtratie (opgeloste fractie);MAX;Maximum
5105;kobalt (ZZS);7440-48-4;Co;Milieu;Sediment;Sediment MTR (standaard Sediment met 10% organisch materiaal);12;mg/kg;BS;Bodem/Sediment;MASSFTE;Massafractie;dg;t.o.v. drooggewicht;;
5107;kobalt (ZZS);7440-48-4;Co;Milieu;Oppervlaktewater zoet;log Kp l/kg (zwevend stof);3,59;;OW;Oppervlaktewater;NVT;Niet van toepassing;NVT;Niet van toepassing;NVT;Niet van toepassing
5108;kobalt (ZZS);7440-48-4;Co;Milieu;Oppervlaktewater zout;Andere oppervlaktewateren achtergrondconcentratie (opgelost);0,03;µg/l;OW;Oppervlaktewater;CONCTTE;(massa)Concentratie;nf;na filtratie (opgeloste fractie);NVT;Niet van toepassing
5166;koolstofdisulfide;75-15-0;CS2;Milieu;Oppervlaktewater zoet;Landoppervlaktewateren Indicatief MTR (opgelost);2,77E+01;µg/l;OW;Oppervlaktewater;CONCTTE;(massa)Concentratie;nf;na filtratie (opgeloste fractie);P90;90-Percentiel
5184;koper;7440-50-8;Cu;Milieu;Grondwater;Grondwater streefwaarde ondiep (opgelost);15;µg/l;GW;Grondwater;CONCTTE;(massa)Concentratie;nf;na filtratie;Nee;
5185;koper;7440-50-8;Cu;Milieu;Grondwater;Grondwater diep landelijke achtergrondconcentratie (AC) (opgelost);1,3;µg/l;GW;Grondwater;CONCTTE;(massa)Concentratie;nf;na filtratie;Nee;
5186;koper;7440-50-8;Cu;Milieu;Grondwater;Standaardwaarden grondwater (inclusief AC) (opgelost);1,3;µg/l;GW;Grondwater;CONCTTE;(massa)Concentratie;nf;na filtratie;Nee;
5187;koper;7440-50-8;Cu;Milieu;Grondwater;Signaleringsparameter  beoordeling grondwatersanering (opgelost);75;µg/l;GW;Grondwater;CONCTTE;(massa)Concentratie;nf;na filtratie;Nee;
5191;koper;7440-50-8;Cu;Milieu;Oppervlaktewater zoet;Landoppervlaktewateren achtergrondconcentratie (opgelost);0,5;µg/l;OW;Oppervlaktewater;CONCTTE;(massa)Concentratie;nf;na filtratie (opgeloste fractie);NVT;Niet van toepassing
5192;koper;7440-50-8;Cu;Milieu;Oppervlaktewater zout;Andere oppervlaktewateren achtergrondconcentratie (opgelost);0,4;µg/l;OW;Oppervlaktewater;CONCTTE;(massa)Concentratie;nf;na filtratie (opgeloste fractie);NVT;Niet van toepassing
5193;koper;7440-50-8;Cu;Milieu;Sediment;Sediment MTR (droge stof);73;mg/kg;BS;Bodem/Sediment;MASSFTE;Massafractie;dg;t.o.v. drooggewicht;;
5194;koper;7440-50-8;Cu;Milieu;Oppervlaktewater zoet;log Kp l/kg (zwevend stof);4,7;;OW;Oppervlaktewater;NVT;Niet van toepassing;NVT;Niet van toepassing;NVT;Niet van toepassing
5195;koper;7440-50-8;Cu;Milieu;Oppervlaktewater zout;Andere oppervlaktewateren wettelijk JG-MKN (opgelost);3,5;µg/l;OW;Oppervlaktewater;CONCTTE;(massa)Concentratie;nf;na filtratie (opgeloste fractie);JGM;Jaargemiddelde
5196;koper;7440-50-8;Cu;Milieu;Oppervlaktewater zoet;Landoppervlaktewateren wettelijk JG-MKN (opgelost);2,4;µg/l;OW;Oppervlaktewater;CONCTTE;(massa)Concentratie;nf;na filtratie (opgeloste fractie);JGM;Jaargemiddelde
5198;koper;7440-50-8;Cu;Milieu;Oppervlaktewater zout;Andere oppervlaktewateren wettelijk MAC-MKN (opgelost);4,5;µg/l;OW;Oppervlaktewater;CONCTTE;(massa)Concentratie;nf;na filtratie (opgeloste fractie);MAX;Maximum
5199;koper;7440-50-8;Cu;Milieu;Oppervlaktewater voor drinkwaterbereiding;Oppervlaktewater voor drinkwaterbereiding (gericht op waterbeheerder);50;µg/l;;;;;;;;
5201;koper;7440-50-8;Cu;Milieu;Oppervlaktewater voor drinkwaterbereiding;Oppervlaktewater voor drinkwaterbereiding (gericht tot het drinkwaterbedrijf);50;µg/l;;;;;;;;
5227;kresoxim-methyl;143390-89-0;kresOxmC1y;Milieu;Oppervlaktewater zoet;Landoppervlaktewateren JG-MKN (totaal);0,63;µg/l;OW;Oppervlaktewater;CONCTTE;(massa)Concentratie;NVT;Niet van toepassing;JGM;Jaargemiddelde
5229;kresoxim-methyl;143390-89-0;kresOxmC1y;Milieu;Oppervlaktewater zoet;Landoppervlaktewateren MAC-MKN (totaal);0,63;µg/l;OW;Oppervlaktewater;CONCTTE;(massa)Concentratie;NVT;Niet van toepassing;MAX;Maximum
5232;kresoxim-methyl;143390-89-0;kresOxmC1y;Milieu;Oppervlaktewater zoet;log Kp l/kg (zwevend stof);1,55;;OW;Oppervlaktewater;NVT;Niet van toepassing;NVT;Niet van toepassing;NVT;Niet van toepassing
5233;kresoxim-methyl;143390-89-0;kresOxmC1y;Milieu;Oppervlaktewater zoet;Landoppervlaktewateren JG-MKN (opgelost);0,63;µg/l;OW;Oppervlaktewater;CONCTTE;(massa)Concentratie;nf;na filtratie (opgeloste fractie);JGM;Jaargemiddelde
5234;kresoxim-methyl;143390-89-0;kresOxmC1y;Milieu;Oppervlaktewater zoet;Landoppervlaktewateren MAC-MKN (opgelost);0,63;µg/l;OW;Oppervlaktewater;CONCTTE;(massa)Concentratie;nf;na filtratie (opgeloste fractie);MAX;Maximum
5237;kwik (ZZS);7439-97-6;Hg;Milieu;Grondwater;Grondwater streefwaarde ondiep (opgelost);0,05;µg/l;GW;Grondwater;CONCTTE;(massa)Concentratie;nf;na filtratie;Nee;
5238;kwik (ZZS);7439-97-6;Hg;Milieu;Grondwater;Standaardwaarden grondwater (inclusief AC) (opgelost);0,01;µg/l;GW;Grondwater;CONCTTE;(massa)Concentratie;nf;na filtratie;Nee;
5239;kwik (ZZS);7439-97-6;Hg;Milieu;Grondwater;Signaleringsparameter  beoordeling grondwatersanering (opgelost);0,3;µg/l;GW;Grondwater;CONCTTE;(massa)Concentratie;nf;na filtratie;Nee;
5243;kwik (ZZS);7439-97-6;Hg;Milieu;Oppervlaktewater zoet;Landoppervlaktewateren achtergrondconcentratie (opgelost);0,01;µg/l;OW;Oppervlaktewater;CONCTTE;(massa)Concentratie;nf;na filtratie (opgeloste fractie);NVT;Niet van toepassing
5244;kwik (ZZS);7439-97-6;Hg;Milieu;Sediment;Sediment MTR (droge stof);10;mg/kg;BS;Bodem/Sediment;MASSFTE;Massafractie;dg;t.o.v. drooggewicht;;
5245;kwik (ZZS);7439-97-6;Hg;Milieu;Oppervlaktewater zout;Andere oppervlaktewateren wettelijk MAC-MKN (opgelost);0,07;µg/l;OW;Oppervlaktewater;CONCTTE;(massa)Concentratie;nf;na filtratie (opgeloste fractie);MAX;Maximum
5246;kwik (ZZS);7439-97-6;Hg;Milieu;Oppervlaktewater zoet;Landoppervlaktewateren wettelijk JG-MKN (opgelost);0,00007;µg/l;OW;Oppervlaktewater;CONCTTE;(massa)Concentratie;nf;na filtratie (opgeloste fractie);JGM;Jaargemiddelde
5247;kwik (ZZS);7439-97-6;Hg;Milieu;Oppervlaktewater zout;Andere oppervlaktewateren wettelijk JG-MKN (opgelost);0,00007;µg/l;OW;Oppervlaktewater;CONCTTE;(massa)Concentratie;nf;na filtratie (opgeloste fractie);JGM;Jaargemiddelde
5248;kwik (ZZS);7439-97-6;Hg;Milieu;Oppervlaktewater zout;Andere oppervlaktewateren achtergrondconcentratie (opgelost);0,003;µg/l;OW;Oppervlaktewater;CONCTTE;(massa)Concentratie;nf;na filtratie (opgeloste fractie);NVT;Niet van toepassing
5250;kwik (ZZS);7439-97-6;Hg;Milieu;Oppervlaktewater zoet;log Kp l/kg (zwevend stof);5,23;;OW;Oppervlaktewater;NVT;Niet van toepassing;NVT;Niet van toepassing;NVT;Niet van toepassing
5252;kwik (ZZS);7439-97-6;Hg;Milieu;Oppervlaktewater zoet;Landoppervlaktewateren wettelijk MAC-MKN (opgelost);0,07;µg/l;OW;Oppervlaktewater;CONCTTE;(massa)Concentratie;nf;na filtratie (opgeloste fractie);MAX;Maximum
5253;kwik (ZZS);7439-97-6;Hg;Milieu;Oppervlaktewater voor drinkwaterbereiding;Oppervlaktewater voor drinkwaterbereiding (gericht op waterbeheerder);0,3;µg/l;;;;;;;;
5264;kwik (ZZS);7439-97-6;Hg;Milieu;Oppervlaktewater voor drinkwaterbereiding;Oppervlaktewater voor drinkwaterbereiding (gericht tot het drinkwaterbedrijf);0,3;µg/l;;;;;;;;
5292;lambda-cyhalothrin (ZZS);91465-08-6;lcyhltn;Milieu;Oppervlaktewater zoet;Landoppervlaktewateren wettelijk JG-MKN (totaal);2E-005;µg/l;OW;Oppervlaktewater;CONCTTE;(massa)Concentratie;NVT;Niet van toepassing;JGM;Jaargemiddelde
5294;lambda-cyhalothrin (ZZS);91465-08-6;lcyhltn;Milieu;Oppervlaktewater zoet;Landoppervlaktewateren wettelijk MAC-MKN (totaal);0,00047;µg/l;OW;Oppervlaktewater;CONCTTE;(massa)Concentratie;NVT;Niet van toepassing;MAX;Maximum
5296;lambda-cyhalothrin (ZZS);91465-08-6;lcyhltn;Milieu;Sediment;Sediment MTR (standaard Sediment met 10% organisch materiaal);4,6E-2;µg/kg;BS;Bodem/Sediment;MASSFTE;Massafractie;dg;t.o.v. drooggewicht;;
5297;lambda-cyhalothrin (ZZS);91465-08-6;lcyhltn;Milieu;Oppervlaktewater zoet;log Kp l/kg (zwevend stof);4,27;;OW;Oppervlaktewater;NVT;Niet van toepassing;NVT;Niet van toepassing;NVT;Niet van toepassing
5298;lambda-cyhalothrin (ZZS);91465-08-6;lcyhltn;Milieu;Oppervlaktewater zoet;Landoppervlaktewateren JG-MKN (opgelost);2E-005;µg/l;OW;Oppervlaktewater;CONCTTE;(massa)Concentratie;nf;na filtratie (opgeloste fractie);JGM;Jaargemiddelde
5299;lambda-cyhalothrin (ZZS);91465-08-6;lcyhltn;Milieu;Oppervlaktewater zoet;Landoppervlaktewateren MAC-MKN (opgelost);0,00047;µg/l;OW;Oppervlaktewater;CONCTTE;(massa)Concentratie;nf;na filtratie (opgeloste fractie);MAX;Maximum
5302;lanthanum;7439-91-0;La;Milieu;Oppervlaktewater zout;Andere oppervlaktewateren achtergrondconcentratie (opgelost);0,01;µg/l;OW;Oppervlaktewater;CONCTTE;(massa)Concentratie;nf;na filtratie (opgeloste fractie);NVT;Niet van toepassing
5303;lanthanum;7439-91-0;La;Milieu;Oppervlaktewater zoet;Landoppervlaktewateren MTR (totaal);150;µg/l;OW;Oppervlaktewater;CONCTTE;(massa)Concentratie;NVT;Niet van toepassing;P90;90-Percentiel
5304;lanthanum;7439-91-0;La;Milieu;Oppervlaktewater zout;Andere oppervlaktewateren MTR (totaal);15;µg/l;OW;Oppervlaktewater;CONCTTE;(massa)Concentratie;NVT;Niet van toepassing;P90;90-Percentiel
5305;lanthanum;7439-91-0;La;Milieu;Oppervlaktewater zoet;Landoppervlaktewateren MTR (opgelost);10;µg/l;OW;Oppervlaktewater;CONCTTE;(massa)Concentratie;nf;na filtratie (opgeloste fractie);P90;90-Percentiel
5306;lanthanum;7439-91-0;La;Milieu;Oppervlaktewater zout;Andere oppervlaktewateren MTR (opgelost);1;µg/l;OW;Oppervlaktewater;CONCTTE;(massa)Concentratie;nf;na filtratie (opgeloste fractie);P90;90-Percentiel
5307;lanthanum;7439-91-0;La;Milieu;Sediment;Sediment landelijke achtergrondconcentratie (droge stof);40;mg/kg;BS;Bodem/Sediment;MASSFTE;Massafractie;dg;t.o.v. drooggewicht;;
5308;lanthanum;7439-91-0;La;Milieu;Sediment;Sediment landelijke achtergrondconcentratie, andere oppervlaktewateren (droge stof);40;mg/kg;BS;Bodem/Sediment;MASSFTE;Massafractie;dg;t.o.v. drooggewicht;;
5309;lanthanum;7439-91-0;La;Milieu;Sediment;Sediment MTR (droge stof);4700;mg/kg;BS;Bodem/Sediment;MASSFTE;Massafractie;dg;t.o.v. drooggewicht;;
5310;lanthanum;7439-91-0;La;Milieu;Sediment;Sediment MTR andere oppervlaktewateren (droge stof);500;mg/kg;BS;Bodem/Sediment;MASSFTE;Massafractie;dg;t.o.v. drooggewicht;;
5311;lanthanum;7439-91-0;La;Milieu;Oppervlaktewater zoet;log Kp l/kg (zwevend stof);5,67;;OW;Oppervlaktewater;NVT;Niet van toepassing;NVT;Niet van toepassing;NVT;Niet van toepassing
5312;lanthanum;7439-91-0;La;Milieu;Oppervlaktewater zout;Andere oppervlaktewateren achtergrondconcentratie (totaal);0,2;µg/l;OW;Oppervlaktewater;CONCTTE;(massa)Concentratie;NVT;Niet van toepassing;NVT;Niet van toepassing
5313;lenacil;2164-08-1;lencl;Milieu;Oppervlaktewater zoet;Landoppervlaktewateren Indicatief MTR (opgelost);0,95;µg/l;OW;Oppervlaktewater;CONCTTE;(massa)Concentratie;nf;na filtratie (opgeloste fractie);P90;90-Percentiel
5314;limoneen;138-86-3;limnn;Milieu;Oppervlaktewater zoet;Landoppervlaktewateren Indicatief MTR (opgelost);0,14;µg/l;OW;Oppervlaktewater;CONCTTE;(massa)Concentratie;nf;na filtratie (opgeloste fractie);P90;90-Percentiel
5315;limoneen;138-86-3;limnn;Milieu;Sediment;Sediment Indicatief MTR (droge stof);52,5;µg/kg;BS;Bodem/Sediment;MASSFTE;Massafractie;dg;t.o.v. drooggewicht;;
5317;limoneen (2);5989-27-5;dlimnn;Milieu;Oppervlaktewater zoet;Landoppervlaktewateren Indicatief MTR (opgelost);0,14;µg/l;OW;Oppervlaktewater;CONCTTE;(massa)Concentratie;nf;na filtratie (opgeloste fractie);P90;90-Percentiel
5318;limoneen (2);5989-27-5;dlimnn;Milieu;Sediment;Sediment Indicatief MTR (droge stof);52,5;µg/kg;BS;Bodem/Sediment;MASSFTE;Massafractie;dg;t.o.v. drooggewicht;;
5320;linuron (ZZS);330-55-2;linrn;Milieu;Sediment;Sediment MTR (droge stof);9;µg/kg;BS;Bodem/Sediment;MASSFTE;Massafractie;dg;t.o.v. drooggewicht;;
5321;linuron (ZZS);330-55-2;linrn;Milieu;Oppervlaktewater zoet;log Kp l/kg (zwevend stof);1,85;;OW;Oppervlaktewater;NVT;Niet van toepassing;NVT;Niet van toepassing;NVT;Niet van toepassing
5322;linuron (ZZS);330-55-2;linrn;Milieu;Oppervlaktewater zoet;Landoppervlaktewateren wettelijk MAC-MKN (totaal);0,29;µg/l;OW;Oppervlaktewater;CONCTTE;(massa)Concentratie;NVT;Niet van toepassing;MAX;Maximum
5323;linuron (ZZS);330-55-2;linrn;Milieu;Oppervlaktewater zoet;Landoppervlaktewateren wettelijk JG-MKN (totaal);0,17;µg/l;OW;Oppervlaktewater;CONCTTE;(massa)Concentratie;NVT;Niet van toepassing;JGM;Jaargemiddelde
5324;linuron (ZZS);330-55-2;linrn;Milieu;Oppervlaktewater zoet;Landoppervlaktewateren JG-MKN (opgelost);0,17;µg/l;OW;Oppervlaktewater;CONCTTE;(massa)Concentratie;nf;na filtratie (opgeloste fractie);JGM;Jaargemiddelde
5325;linuron (ZZS);330-55-2;linrn;Milieu;Oppervlaktewater zoet;Landoppervlaktewateren MAC-MKN (opgelost);0,29;µg/l;OW;Oppervlaktewater;CONCTTE;(massa)Concentratie;nf;na filtratie (opgeloste fractie);MAX;Maximum
5328;lithium;7439-93-2;Li;Milieu;Oppervlaktewater zoet;Landoppervlaktewateren achtergrondconcentratie (opgelost);3,5;µg/l;OW;Oppervlaktewater;CONCTTE;(massa)Concentratie;nf;na filtratie (opgeloste fractie);NVT;Niet van toepassing
5329;lithium;7439-93-2;Li;Milieu;Oppervlaktewater zout;Andere oppervlaktewateren achtergrondconcentratie (opgelost);120;µg/l;OW;Oppervlaktewater;CONCTTE;(massa)Concentratie;nf;na filtratie (opgeloste fractie);NVT;Niet van toepassing
5335;lood (ZZS);7439-92-1;Pb;Milieu;Grondwater;Grondwater streefwaarde ondiep (opgelost);15;µg/l;GW;Grondwater;CONCTTE;(massa)Concentratie;nf;na filtratie;Nee;
5336;lood (ZZS);7439-92-1;Pb;Milieu;Grondwater;Grondwater diep landelijke achtergrondconcentratie (AC) (opgelost);1,6;µg/l;GW;Grondwater;CONCTTE;(massa)Concentratie;nf;na filtratie;Nee;
5337;lood (ZZS);7439-92-1;Pb;Milieu;Grondwater;Standaardwaarden grondwater (inclusief AC) (opgelost);1,7;µg/l;GW;Grondwater;CONCTTE;(massa)Concentratie;nf;na filtratie;Nee;
5338;lood (ZZS);7439-92-1;Pb;Milieu;Grondwater;Signaleringsparameter  beoordeling grondwatersanering (opgelost);75;µg/l;GW;Grondwater;CONCTTE;(massa)Concentratie;nf;na filtratie;Nee;
5342;lood (ZZS);7439-92-1;Pb;Milieu;Oppervlaktewater zoet;Landoppervlaktewateren achtergrondconcentratie (opgelost);0,2;µg/l;OW;Oppervlaktewater;CONCTTE;(massa)Concentratie;nf;na filtratie (opgeloste fractie);NVT;Niet van toepassing
5343;lood (ZZS);7439-92-1;Pb;Milieu;Sediment;Sediment MTR (droge stof);530;mg/kg;BS;Bodem/Sediment;MASSFTE;Massafractie;dg;t.o.v. drooggewicht;;
5344;lood (ZZS);7439-92-1;Pb;Milieu;Oppervlaktewater zoet;Landoppervlaktewateren wettelijk JG-MKN (opgelost);1,2;µg/l;OW;Oppervlaktewater;CONCTTE;(massa)Concentratie;nf;na filtratie (opgeloste fractie);JGM;Jaargemiddelde
5345;lood (ZZS);7439-92-1;Pb;Milieu;Oppervlaktewater zout;Andere oppervlaktewateren wettelijk JG-MKN (opgelost);1,3;µg/l;OW;Oppervlaktewater;CONCTTE;(massa)Concentratie;nf;na filtratie (opgeloste fractie);JGM;Jaargemiddelde
5346;lood (ZZS);7439-92-1;Pb;Milieu;Oppervlaktewater zout;Andere oppervlaktewateren achtergrondconcentratie (opgelost);0,02;µg/l;OW;Oppervlaktewater;CONCTTE;(massa)Concentratie;nf;na filtratie (opgeloste fractie);NVT;Niet van toepassing
5347;lood (ZZS);7439-92-1;Pb;Milieu;Oppervlaktewater zoet;Landoppervlaktewateren wettelijk MAC-MKN (opgelost);14;µg/l;OW;Oppervlaktewater;CONCTTE;(massa)Concentratie;nf;na filtratie (opgeloste fractie);MAX;Maximum
5348;lood (ZZS);7439-92-1;Pb;Milieu;Oppervlaktewater zout;Andere oppervlaktewateren wettelijk MAC-MKN (opgelost);14;µg/l;OW;Oppervlaktewater;CONCTTE;(massa)Concentratie;nf;na filtratie (opgeloste fractie);MAX;Maximum
5349;lood (ZZS);7439-92-1;Pb;Milieu;Sediment;Sediment landelijke achtergrondconcentratie (droge stof);85;mg/kg;BS;Bodem/Sediment;MASSFTE;Massafractie;dg;t.o.v. drooggewicht;;
5350;lood (ZZS);7439-92-1;Pb;Milieu;Oppervlaktewater zoet;log Kp l/kg (zwevend stof);5,81;;OW;Oppervlaktewater;NVT;Niet van toepassing;NVT;Niet van toepassing;NVT;Niet van toepassing
5351;lood (ZZS);7439-92-1;Pb;Milieu;Grondwater;Omgevingswaarde voor krw-verontreinigende stoffen nationaal (opgelost);7,4;µg/l;;;;;;;;
5353;lood (ZZS);7439-92-1;Pb;Milieu;Oppervlaktewater voor drinkwaterbereiding;Oppervlaktewater voor drinkwaterbereiding (gericht op waterbeheerder);30;µg/l;;;;;;;;
5355;lood (ZZS);7439-92-1;Pb;Milieu;Oppervlaktewater voor drinkwaterbereiding;Oppervlaktewater voor drinkwaterbereiding (gericht tot het drinkwaterbedrijf);30;µg/l;;;;;;;;
5395;lufenuron (ZZS);103055-07-8;lufnrn;Milieu;Oppervlaktewater zoet;Landoppervlaktewateren Indicatief MTR (opgelost);0,0002;µg/l;OW;Oppervlaktewater;CONCTTE;(massa)Concentratie;nf;na filtratie (opgeloste fractie);P90;90-Percentiel
5396;malathion;121-75-5;malton;Milieu;Sediment;Sediment MTR (droge stof);0,9;µg/kg;BS;Bodem/Sediment;MASSFTE;Massafractie;dg;t.o.v. drooggewicht;;
5397;malathion;121-75-5;malton;Milieu;Oppervlaktewater zoet;log Kp l/kg (zwevend stof);2,14;;OW;Oppervlaktewater;NVT;Niet van toepassing;NVT;Niet van toepassing;NVT;Niet van toepassing
5398;malathion;121-75-5;malton;Milieu;Oppervlaktewater zoet;Landoppervlaktewateren wettelijk JG-MKN (totaal);13;ng/l;OW;Oppervlaktewater;CONCTTE;(massa)Concentratie;NVT;Niet van toepassing;JGM;Jaargemiddelde
5399;malathion;121-75-5;malton;Milieu;Oppervlaktewater zoet;Landoppervlaktewateren JG-MKN (opgelost);13;ng/l;OW;Oppervlaktewater;CONCTTE;(massa)Concentratie;nf;na filtratie (opgeloste fractie);JGM;Jaargemiddelde
5400;mancozeb (ZZS);8018-01-7;manczb;Milieu;Oppervlaktewater zoet;Landoppervlaktewateren JG-MKN (opgelost);0,34;µg/l;OW;Oppervlaktewater;CONCTTE;(massa)Concentratie;nf;na filtratie (opgeloste fractie);JGM;Jaargemiddelde
5402;mangaan;7439-96-5;Mn;Milieu;Oppervlaktewater voor drinkwaterbereiding;Oppervlaktewater voor drinkwaterbereiding (gericht op waterbeheerder);500;µg/l;;;;;;;;
5404;mangaan;7439-96-5;Mn;Milieu;Oppervlaktewater voor drinkwaterbereiding;Oppervlaktewater voor drinkwaterbereiding (gericht tot het drinkwaterbedrijf);500;µg/l;;;;;;;;
5407;MCPA;94-74-6;MCPA;Milieu;Grondwater;Signaleringsparameter  beoordeling grondwatersanering (opgelost);50;µg/l;GW;Grondwater;CONCTTE;(massa)Concentratie;nf;na filtratie;Nee;
5408;MCPA;94-74-6;MCPA;Milieu;Oppervlaktewater zoet;Landoppervlaktewateren wettelijk JG-MKN (totaal);1,4;µg/l;OW;Oppervlaktewater;CONCTTE;(massa)Concentratie;NVT;Niet van toepassing;JGM;Jaargemiddelde
5409;MCPA;94-74-6;MCPA;Milieu;Oppervlaktewater zout;Andere oppervlaktewateren wettelijk JG-MKN (totaal);0,14;µg/l;OW;Oppervlaktewater;CONCTTE;(massa)Concentratie;NVT;Niet van toepassing;JGM;Jaargemiddelde
5410;MCPA;94-74-6;MCPA;Milieu;Oppervlaktewater zoet;Landoppervlaktewateren wettelijk MAC-MKN (totaal);15;µg/l;OW;Oppervlaktewater;CONCTTE;(massa)Concentratie;NVT;Niet van toepassing;MAX;Maximum
5411;MCPA;94-74-6;MCPA;Milieu;Oppervlaktewater zout;Andere oppervlaktewateren wettelijk MAC-MKN (totaal);1,5;µg/l;OW;Oppervlaktewater;CONCTTE;(massa)Concentratie;NVT;Niet van toepassing;MAX;Maximum
5413;MCPA;94-74-6;MCPA;Milieu;Oppervlaktewater zoet;log Kp l/kg (zwevend stof);0,76;;OW;Oppervlaktewater;NVT;Niet van toepassing;NVT;Niet van toepassing;NVT;Niet van toepassing
5414;MCPA;94-74-6;MCPA;Milieu;Oppervlaktewater zoet;Landoppervlaktewateren JG-MKN (opgelost);1,4;µg/l;OW;Oppervlaktewater;CONCTTE;(massa)Concentratie;nf;na filtratie (opgeloste fractie);JGM;Jaargemiddelde
5415;MCPA;94-74-6;MCPA;Milieu;Oppervlaktewater zoet;Landoppervlaktewateren MAC-MKN (opgelost);15;µg/l;OW;Oppervlaktewater;CONCTTE;(massa)Concentratie;nf;na filtratie (opgeloste fractie);MAX;Maximum
5416;MCPA;94-74-6;MCPA;Milieu;Oppervlaktewater zout;Andere oppervlaktewateren JG-MKN (opgelost);0,14;µg/l;OW;Oppervlaktewater;CONCTTE;(massa)Concentratie;nf;na filtratie (opgeloste fractie);JGM;Jaargemiddelde
5417;MCPA;94-74-6;MCPA;Milieu;Oppervlaktewater zout;Andere oppervlaktewateren MAC-MKN (opgelost);1,5;µg/l;OW;Oppervlaktewater;CONCTTE;(massa)Concentratie;nf;na filtratie (opgeloste fractie);MAX;Maximum
5418;MCPA;94-74-6;MCPA;Milieu;Grondwater;Standaardwaarden grondwater (inclusief AC) (opgelost);0,02;µg/l;GW;Grondwater;CONCTTE;(massa)Concentratie;nf;na filtratie;Nee;
5442;2-methyl-4-chloorfenoxyboterzuur;94-81-5;MCPB;Milieu;Oppervlaktewater zoet;Landoppervlaktewateren Indicatief MTR (opgelost);3,3;µg/l;OW;Oppervlaktewater;CONCTTE;(massa)Concentratie;nf;na filtratie (opgeloste fractie);P90;90-Percentiel
5443;m-cresol;108-39-4;mcresl;Milieu;Oppervlaktewater zoet;Landoppervlaktewateren Indicatief MTR (opgelost);160;µg/l;OW;Oppervlaktewater;CONCTTE;(massa)Concentratie;nf;na filtratie (opgeloste fractie);P90;90-Percentiel
5444;mecarbam;2595-54-2;mecbm;Milieu;Oppervlaktewater zoet;Landoppervlaktewateren Indicatief MTR (opgelost);0,0013;µg/l;OW;Oppervlaktewater;CONCTTE;(massa)Concentratie;nf;na filtratie (opgeloste fractie);P90;90-Percentiel
5449;mecoprop-p;16484-77-8;mecppP;Milieu;Oppervlaktewater zoet;Landoppervlaktewateren wettelijk JG-MKN (totaal);18;µg/l;OW;Oppervlaktewater;CONCTTE;(massa)Concentratie;NVT;Niet van toepassing;JGM;Jaargemiddelde
5450;mecoprop-p;16484-77-8;mecppP;Milieu;Oppervlaktewater zoet;Landoppervlaktewateren wettelijk MAC-MKN (totaal);160;µg/l;OW;Oppervlaktewater;CONCTTE;(massa)Concentratie;NVT;Niet van toepassing;MAX;Maximum
5451;mecoprop-p;16484-77-8;mecppP;Milieu;Oppervlaktewater zoet;Landoppervlaktewateren JG-MKN (opgelost);18;µg/l;OW;Oppervlaktewater;CONCTTE;(massa)Concentratie;nf;na filtratie (opgeloste fractie);JGM;Jaargemiddelde
5452;mecoprop-p;16484-77-8;mecppP;Milieu;Oppervlaktewater zoet;Landoppervlaktewateren MAC-MKN (opgelost);160;µg/l;OW;Oppervlaktewater;CONCTTE;(massa)Concentratie;nf;na filtratie (opgeloste fractie);MAX;Maximum
5453;mecoprop-p;16484-77-8;mecppP;Milieu;Oppervlaktewater zout;Andere oppervlaktewateren wettelijk JG-MKN (totaal);1,8;µg/l;OW;Oppervlaktewater;CONCTTE;(massa)Concentratie;NVT;Niet van toepassing;JGM;Jaargemiddelde
5454;mecoprop-p;16484-77-8;mecppP;Milieu;Oppervlaktewater zout;Andere oppervlaktewateren wettelijk MAC-MKN (totaal);16;µg/l;OW;Oppervlaktewater;CONCTTE;(massa)Concentratie;NVT;Niet van toepassing;MAX;Maximum
5455;mecoprop-p;16484-77-8;mecppP;Milieu;Oppervlaktewater zout;Andere oppervlaktewateren MAC-MKN (opgelost);16;µg/l;OW;Oppervlaktewater;CONCTTE;(massa)Concentratie;nf;na filtratie (opgeloste fractie);MAX;Maximum
5456;mecoprop-p;16484-77-8;mecppP;Milieu;Oppervlaktewater zout;Andere oppervlaktewateren JG-MKN (opgelost);1,8;µg/l;OW;Oppervlaktewater;CONCTTE;(massa)Concentratie;nf;na filtratie (opgeloste fractie);JGM;Jaargemiddelde
5457;mefosfolan;950-10-7;meffln;Milieu;Oppervlaktewater zoet;Landoppervlaktewateren Indicatief MTR (opgelost);0,013;µg/l;OW;Oppervlaktewater;CONCTTE;(massa)Concentratie;nf;na filtratie (opgeloste fractie);P90;90-Percentiel
5458;melkzuur;50-21-5;melkzr;Milieu;Oppervlaktewater zoet;Landoppervlaktewateren Indicatief MTR (opgelost);19;µg/l;OW;Oppervlaktewater;CONCTTE;(massa)Concentratie;nf;na filtratie (opgeloste fractie);P90;90-Percentiel
5459;melkzuur;50-21-5;melkzr;Milieu;Sediment;Sediment Indicatief MTR (droge stof);45;µg/kg;BS;Bodem/Sediment;MASSFTE;Massafractie;dg;t.o.v. drooggewicht;;
5461;mepanipyrim (ZZS);110235-47-7;mepnprm;Milieu;Oppervlaktewater zoet;Landoppervlaktewateren Indicatief MTR (opgelost);1,45;µg/l;OW;Oppervlaktewater;CONCTTE;(massa)Concentratie;nf;na filtratie (opgeloste fractie);P90;90-Percentiel
5501;mesotrion;104206-82-8;meston;Milieu;Oppervlaktewater zoet;Landoppervlaktewateren JG-MKN (opgelost);40;ng/l;OW;Oppervlaktewater;CONCTTE;(massa)Concentratie;nf;na filtratie (opgeloste fractie);JGM;Jaargemiddelde
5502;mesotrion;104206-82-8;meston;Milieu;Oppervlaktewater zoet;Landoppervlaktewateren JG-MKN (totaal);40;ng/l;OW;Oppervlaktewater;CONCTTE;(massa)Concentratie;NVT;Niet van toepassing;JGM;Jaargemiddelde
5503;mesotrion;104206-82-8;meston;Milieu;Oppervlaktewater zoet;Landoppervlaktewateren MAC-MKN (opgelost);2,1;µg/l;OW;Oppervlaktewater;CONCTTE;(massa)Concentratie;nf;na filtratie (opgeloste fractie);MAX;Maximum
5504;mesotrion;104206-82-8;meston;Milieu;Oppervlaktewater zoet;Landoppervlaktewateren MAC-MKN (totaal);2,1;µg/l;OW;Oppervlaktewater;CONCTTE;(massa)Concentratie;NVT;Niet van toepassing;MAX;Maximum
5505;mesotrion;104206-82-8;meston;Milieu;Oppervlaktewater zout;Andere oppervlaktewateren JG-MKN (opgelost);4,0;ng/l;OW;Oppervlaktewater;CONCTTE;(massa)Concentratie;nf;na filtratie (opgeloste fractie);JGM;Jaargemiddelde
5506;mesotrion;104206-82-8;meston;Milieu;Oppervlaktewater zout;Andere oppervlaktewateren JG-MKN (totaal);4,0;ng/l;OW;Oppervlaktewater;CONCTTE;(massa)Concentratie;NVT;Niet van toepassing;JGM;Jaargemiddelde
5507;mesotrion;104206-82-8;meston;Milieu;Oppervlaktewater zout;Andere oppervlaktewateren MAC-MKN (opgelost);0,21;µg/l;OW;Oppervlaktewater;CONCTTE;(massa)Concentratie;nf;na filtratie (opgeloste fractie);MAX;Maximum
5508;mesotrion;104206-82-8;meston;Milieu;Oppervlaktewater zout;Andere oppervlaktewateren MAC-MKN (totaal);0,21;µg/l;OW;Oppervlaktewater;CONCTTE;(massa)Concentratie;NVT;Niet van toepassing;MAX;Maximum
5509;metabenzthiazuron;18691-97-9;metbtazrn;Milieu;Sediment;Sediment MTR (droge stof);67;µg/kg;BS;Bodem/Sediment;MASSFTE;Massafractie;dg;t.o.v. drooggewicht;;
5510;metabenzthiazuron;18691-97-9;metbtazrn;Milieu;Oppervlaktewater zoet;log Kp l/kg (zwevend stof);1,87;;OW;Oppervlaktewater;NVT;Niet van toepassing;NVT;Niet van toepassing;NVT;Niet van toepassing
5511;metabenzthiazuron;18691-97-9;metbtazrn;Milieu;Oppervlaktewater zoet;Landoppervlaktewateren wettelijk JG-MKN (totaal);1,8;µg/l;OW;Oppervlaktewater;CONCTTE;(massa)Concentratie;NVT;Niet van toepassing;JGM;Jaargemiddelde
5515;metabenzthiazuron;18691-97-9;metbtazrn;Milieu;Oppervlaktewater zoet;Landoppervlaktewateren JG-MKN (opgelost);1,8;µg/l;OW;Oppervlaktewater;CONCTTE;(massa)Concentratie;nf;na filtratie (opgeloste fractie);JGM;Jaargemiddelde
5516;metalaxyl;57837-19-1;mlxl;Milieu;Oppervlaktewater zoet;Landoppervlaktewateren Indicatief MTR (opgelost);46;µg/l;OW;Oppervlaktewater;CONCTTE;(massa)Concentratie;nf;na filtratie (opgeloste fractie);P90;90-Percentiel
5518;metalaxyl-m;70630-17-0;mlxlM;Milieu;Oppervlaktewater zoet;Landoppervlaktewateren Indicatief MTR (opgelost);9,7;µg/l;OW;Oppervlaktewater;CONCTTE;(massa)Concentratie;nf;na filtratie (opgeloste fractie);P90;90-Percentiel
5519;metaldehyde;108-62-3;mAh;Milieu;Oppervlaktewater zoet;Landoppervlaktewateren Indicatief MTR (opgelost);50;µg/l;OW;Oppervlaktewater;CONCTTE;(massa)Concentratie;nf;na filtratie (opgeloste fractie);P90;90-Percentiel
5520;metamitron;41394-05-2;mmtn;Milieu;Oppervlaktewater zoet;Landoppervlaktewateren MTR (totaal);10000;ng/l;OW;Oppervlaktewater;CONCTTE;(massa)Concentratie;NVT;Niet van toepassing;P90;90-Percentiel
5521;metamitron;41394-05-2;mmtn;Milieu;Oppervlaktewater zoet;Landoppervlaktewateren MTR (opgelost);10000;ng/l;OW;Oppervlaktewater;CONCTTE;(massa)Concentratie;nf;na filtratie (opgeloste fractie);P90;90-Percentiel
5522;metamitron;41394-05-2;mmtn;Milieu;Sediment;Sediment MTR (droge stof);95;µg/kg;BS;Bodem/Sediment;MASSFTE;Massafractie;dg;t.o.v. drooggewicht;;
5523;metamitron;41394-05-2;mmtn;Milieu;Oppervlaktewater zoet;log Kp l/kg (zwevend stof);1,27;;OW;Oppervlaktewater;NVT;Niet van toepassing;NVT;Niet van toepassing;NVT;Niet van toepassing
5524;metam-natrium;137-42-8;metNa;Milieu;Oppervlaktewater zoet;Landoppervlaktewateren MTR (totaal);35;ng/l;OW;Oppervlaktewater;CONCTTE;(massa)Concentratie;NVT;Niet van toepassing;P90;90-Percentiel
5525;metam-natrium;137-42-8;metNa;Milieu;Oppervlaktewater zoet;Landoppervlaktewateren MTR (opgelost);35;ng/l;OW;Oppervlaktewater;CONCTTE;(massa)Concentratie;nf;na filtratie (opgeloste fractie);P90;90-Percentiel
5526;metam-natrium;137-42-8;metNa;Milieu;Sediment;Sediment MTR (droge stof);0,6;µg/kg;BS;Bodem/Sediment;MASSFTE;Massafractie;dg;t.o.v. drooggewicht;;
5527;metam-natrium;137-42-8;metNa;Milieu;Oppervlaktewater zoet;log Kp l/kg (zwevend stof);1,5;;OW;Oppervlaktewater;NVT;Niet van toepassing;NVT;Niet van toepassing;NVT;Niet van toepassing
5529;metazachloor;67129-08-2;mzCl;Milieu;Sediment;Sediment MTR (droge stof);260;µg/kg;BS;Bodem/Sediment;MASSFTE;Massafractie;dg;t.o.v. drooggewicht;;
5530;metazachloor;67129-08-2;mzCl;Milieu;Oppervlaktewater zoet;log Kp l/kg (zwevend stof);1,18;;OW;Oppervlaktewater;NVT;Niet van toepassing;NVT;Niet van toepassing;NVT;Niet van toepassing
5531;metazachloor;67129-08-2;mzCl;Milieu;Oppervlaktewater zoet;Landoppervlaktewateren wettelijk MAC-MKN (totaal);0,48;µg/l;OW;Oppervlaktewater;CONCTTE;(massa)Concentratie;NVT;Niet van toepassing;MAX;Maximum
5532;metazachloor;67129-08-2;mzCl;Milieu;Oppervlaktewater zout;Andere oppervlaktewateren wettelijk JG-MKN (totaal);0,008;µg/l;OW;Oppervlaktewater;CONCTTE;(massa)Concentratie;NVT;Niet van toepassing;JGM;Jaargemiddelde
5533;metazachloor;67129-08-2;mzCl;Milieu;Oppervlaktewater zout;Andere oppervlaktewateren wettelijk MAC-MKN (totaal);0,048;µg/l;OW;Oppervlaktewater;CONCTTE;(massa)Concentratie;NVT;Niet van toepassing;MAX;Maximum
5534;metazachloor;67129-08-2;mzCl;Milieu;Oppervlaktewater zoet;Landoppervlaktewateren wettelijk JG-MKN (totaal);0,08;µg/l;OW;Oppervlaktewater;CONCTTE;(massa)Concentratie;NVT;Niet van toepassing;JGM;Jaargemiddelde
5535;metazachloor;67129-08-2;mzCl;Milieu;Oppervlaktewater zoet;Landoppervlaktewateren JG-MKN (opgelost);0,08;µg/l;OW;Oppervlaktewater;CONCTTE;(massa)Concentratie;nf;na filtratie (opgeloste fractie);JGM;Jaargemiddelde
5536;metazachloor;67129-08-2;mzCl;Milieu;Oppervlaktewater zoet;Landoppervlaktewateren MAC-MKN (opgelost);0,48;µg/l;OW;Oppervlaktewater;CONCTTE;(massa)Concentratie;nf;na filtratie (opgeloste fractie);MAX;Maximum
5537;metazachloor;67129-08-2;mzCl;Milieu;Oppervlaktewater zout;Andere oppervlaktewateren JG-MKN (opgelost);0,008;µg/l;OW;Oppervlaktewater;CONCTTE;(massa)Concentratie;nf;na filtratie (opgeloste fractie);JGM;Jaargemiddelde
5538;metazachloor;67129-08-2;mzCl;Milieu;Oppervlaktewater zout;Andere oppervlaktewateren MAC-MKN (opgelost);0,048;µg/l;OW;Oppervlaktewater;CONCTTE;(massa)Concentratie;nf;na filtratie (opgeloste fractie);MAX;Maximum
5539;metconazool;125116-23-6;metcnzl;Milieu;Oppervlaktewater zoet;Landoppervlaktewateren JG-MKN (opgelost);0,291;µg/l;OW;Oppervlaktewater;CONCTTE;(massa)Concentratie;nf;na filtratie (opgeloste fractie);JGM;Jaargemiddelde
5540;metconazool;125116-23-6;metcnzl;Milieu;Oppervlaktewater zoet;Landoppervlaktewateren MAC-MKN (opgelost);210;µg/l;OW;Oppervlaktewater;CONCTTE;(massa)Concentratie;nf;na filtratie (opgeloste fractie);MAX;Maximum
5541;metconazool;125116-23-6;metcnzl;Milieu;Sediment;Sediment Indicatief MTR (droge stof);0,6;µg/kg;BS;Bodem/Sediment;MASSFTE;Massafractie;dg;t.o.v. drooggewicht;;
5543;methacrylzuur;79-41-4;metaczr;Milieu;Oppervlaktewater zoet;Landoppervlaktewateren JG-MKN (totaal);164;µg/l;OW;Oppervlaktewater;CONCTTE;(massa)Concentratie;NVT;Niet van toepassing;JGM;Jaargemiddelde
5544;methacrylzuur;79-41-4;metaczr;Milieu;Oppervlaktewater zout;Andere oppervlaktewateren JG-MKN (totaal);16,4;µg/l;OW;Oppervlaktewater;CONCTTE;(massa)Concentratie;NVT;Niet van toepassing;JGM;Jaargemiddelde
5545;methacrylzuur;79-41-4;metaczr;Milieu;Oppervlaktewater zoet;Landoppervlaktewateren MAC-MKN (totaal);450;µg/l;OW;Oppervlaktewater;CONCTTE;(massa)Concentratie;NVT;Niet van toepassing;MAX;Maximum
5546;methacrylzuur;79-41-4;metaczr;Milieu;Oppervlaktewater zout;Andere oppervlaktewateren MAC-MKN (totaal);45;µg/l;OW;Oppervlaktewater;CONCTTE;(massa)Concentratie;NVT;Niet van toepassing;MAX;Maximum
5549;methamidofos;10265-92-6;mtmdfs;Milieu;Oppervlaktewater zoet;Landoppervlaktewateren MTR (opgelost);0,016;µg/l;OW;Oppervlaktewater;CONCTTE;(massa)Concentratie;nf;na filtratie (opgeloste fractie);P90;90-Percentiel
5551;methanol;67-56-1;C1ol;Milieu;Grondwater;Grondwater indicatief niveau voor ernstige verontreiniging (opgelost);24000;µg/l;GW;Grondwater;CONCTTE;(massa)Concentratie;nf;na filtratie;Nee;
5553;methanol;67-56-1;C1ol;Milieu;Oppervlaktewater zoet;Landoppervlaktewateren Indicatief MTR (opgelost);190;µg/l;OW;Oppervlaktewater;CONCTTE;(massa)Concentratie;nf;na filtratie (opgeloste fractie);P90;90-Percentiel
5554;methanol;67-56-1;C1ol;Milieu;Sediment;Sediment Indicatief MTR (droge stof);426;µg/kg;BS;Bodem/Sediment;MASSFTE;Massafractie;dg;t.o.v. drooggewicht;;
5592;methidathion;950-37-8;metdton;Milieu;Oppervlaktewater zoet;Landoppervlaktewateren Indicatief MTR (opgelost);0,09;µg/l;OW;Oppervlaktewater;CONCTTE;(massa)Concentratie;nf;na filtratie (opgeloste fractie);P90;90-Percentiel
5593;methiocarb;2032-65-7;metocb;Milieu;Oppervlaktewater zoet;Landoppervlaktewateren JG-MKN (opgelost);0,002;µg/l;OW;Oppervlaktewater;CONCTTE;(massa)Concentratie;nf;na filtratie (opgeloste fractie);JGM;Jaargemiddelde
5594;methiocarb;2032-65-7;metocb;Milieu;Oppervlaktewater zoet;Landoppervlaktewateren MAC-MKN (opgelost);0,16;µg/l;OW;Oppervlaktewater;CONCTTE;(massa)Concentratie;nf;na filtratie (opgeloste fractie);MAX;Maximum
5595;methiocarbsulfon;2179-25-1;metocbsfn;Milieu;Oppervlaktewater zoet;Landoppervlaktewateren Indicatief MTR (opgelost);94;µg/l;OW;Oppervlaktewater;CONCTTE;(massa)Concentratie;nf;na filtratie (opgeloste fractie);P90;90-Percentiel
5596;methiocarbsulfoxide;2635-10-1;metocbSO;Milieu;Oppervlaktewater zoet;Landoppervlaktewateren Indicatief MTR (opgelost);100;µg/l;OW;Oppervlaktewater;CONCTTE;(massa)Concentratie;nf;na filtratie (opgeloste fractie);P90;90-Percentiel
5597;methomyl;16752-77-5;metml;Milieu;Oppervlaktewater zoet;Landoppervlaktewateren MTR (totaal);80;ng/l;OW;Oppervlaktewater;CONCTTE;(massa)Concentratie;NVT;Niet van toepassing;P90;90-Percentiel
5598;methomyl;16752-77-5;metml;Milieu;Oppervlaktewater zoet;Landoppervlaktewateren MTR (opgelost);80;ng/l;OW;Oppervlaktewater;CONCTTE;(massa)Concentratie;nf;na filtratie (opgeloste fractie);P90;90-Percentiel
5599;methomyl;16752-77-5;metml;Milieu;Sediment;Sediment MTR (droge stof);0,1;µg/kg;BS;Bodem/Sediment;MASSFTE;Massafractie;dg;t.o.v. drooggewicht;;
5600;methomyl;16752-77-5;metml;Milieu;Oppervlaktewater zoet;log Kp l/kg (zwevend stof);0,43;;OW;Oppervlaktewater;NVT;Niet van toepassing;NVT;Niet van toepassing;NVT;Niet van toepassing
5602;methopreen;40596-69-8;metpn;Milieu;Oppervlaktewater zoet;Landoppervlaktewateren Indicatief MTR (opgelost);0,0014;µg/l;OW;Oppervlaktewater;CONCTTE;(massa)Concentratie;nf;na filtratie (opgeloste fractie);P90;90-Percentiel
5603;methoprotryn;841-06-5;metptn;Milieu;Oppervlaktewater zoet;Landoppervlaktewateren Indicatief MTR (opgelost);1,33;µg/l;OW;Oppervlaktewater;CONCTTE;(massa)Concentratie;nf;na filtratie (opgeloste fractie);P90;90-Percentiel
5604;methoxyazijnzuur (ZZS);625-45-6;C1oxHAc;Milieu;Oppervlaktewater zoet;Landoppervlaktewateren Indicatief MTR (opgelost);6,92E-01;µg/l;OW;Oppervlaktewater;CONCTTE;(massa)Concentratie;nf;na filtratie (opgeloste fractie);P90;90-Percentiel
5607;methoxychloor (ZZS);72-43-5;C1oxCl;Milieu;Oppervlaktewater zoet;Landoppervlaktewateren Indicatief MTR (opgelost);5,00E-05;µg/l;OW;Oppervlaktewater;CONCTTE;(massa)Concentratie;nf;na filtratie (opgeloste fractie);P90;90-Percentiel
5608;methoxychloor (ZZS);72-43-5;C1oxCl;Milieu;Sediment;Sediment Indicatief MTR (droge stof);0,120;µg/kg;BS;Bodem/Sediment;MASSFTE;Massafractie;dg;t.o.v. drooggewicht;;
5610;methoxyfenozide;161050-58-4;C1oxfnzde;Milieu;Oppervlaktewater zoet;Landoppervlaktewateren Indicatief MTR (opgelost);0,18;µg/l;OW;Oppervlaktewater;CONCTTE;(massa)Concentratie;nf;na filtratie (opgeloste fractie);P90;90-Percentiel
5611;methoxyfenozide;161050-58-4;C1oxfnzde;Milieu;Sediment;Sediment Indicatief MTR (droge stof);13,7;µg/kg;BS;Bodem/Sediment;MASSFTE;Massafractie;dg;t.o.v. drooggewicht;;
5613;methyl-3-hydroxyfenylcarbamaat;13683-89-1;MHPC;Milieu;Oppervlaktewater zoet;Landoppervlaktewateren Indicatief MTR (opgelost);1,22;µg/l;OW;Oppervlaktewater;CONCTTE;(massa)Concentratie;nf;na filtratie (opgeloste fractie);P90;90-Percentiel
5614;methylacetaat;79-20-9;C1yactt;Milieu;Oppervlaktewater zoet;Landoppervlaktewateren JG-MKN (totaal);320;µg/l;OW;Oppervlaktewater;CONCTTE;(massa)Concentratie;NVT;Niet van toepassing;JGM;Jaargemiddelde
5615;methylacetaat;79-20-9;C1yactt;Milieu;Oppervlaktewater zout;Andere oppervlaktewateren JG-MKN (totaal);32;µg/l;OW;Oppervlaktewater;CONCTTE;(massa)Concentratie;NVT;Niet van toepassing;JGM;Jaargemiddelde
5616;methylacetaat;79-20-9;C1yactt;Milieu;Oppervlaktewater zoet;Landoppervlaktewateren MAC-MKN (totaal);3200;µg/l;OW;Oppervlaktewater;CONCTTE;(massa)Concentratie;NVT;Niet van toepassing;MAX;Maximum
5617;methylacetaat;79-20-9;C1yactt;Milieu;Oppervlaktewater zout;Andere oppervlaktewateren MAC-MKN (totaal);320;µg/l;OW;Oppervlaktewater;CONCTTE;(massa)Concentratie;NVT;Niet van toepassing;MAX;Maximum
5620;methylacetaat;79-20-9;C1yactt;Milieu;Oppervlaktewater zoet;log Kp l/kg (zwevend stof);0,18;;OW;Oppervlaktewater;NVT;Niet van toepassing;NVT;Niet van toepassing;NVT;Niet van toepassing
5631;methylcarbamaat;598-55-0;C1ycbmt;Milieu;Oppervlaktewater zoet;Landoppervlaktewateren Indicatief MTR (opgelost);0,016;µg/l;OW;Oppervlaktewater;CONCTTE;(massa)Concentratie;nf;na filtratie (opgeloste fractie);P90;90-Percentiel
5632;methyleenbisthiocyanaat;6317-18-6;C1yebtoCN;Milieu;Oppervlaktewater zoet;Landoppervlaktewateren Indicatief MTR (opgelost);0,06;µg/l;OW;Oppervlaktewater;CONCTTE;(massa)Concentratie;nf;na filtratie (opgeloste fractie);P90;90-Percentiel
5645;methylkwik (ZZS);22967-92-6;C1yHg;Milieu;Oppervlaktewater zoet;Landoppervlaktewateren achtergrondconcentratie (opgelost);0,01;µg/l;OW;Oppervlaktewater;CONCTTE;(massa)Concentratie;nf;na filtratie (opgeloste fractie);NVT;Niet van toepassing
5646;methylkwik (ZZS);22967-92-6;C1yHg;Milieu;Sediment;Sediment landelijke achtergrondconcentratie (droge stof);0,3;mg/kg;BS;Bodem/Sediment;MASSFTE;Massafractie;dg;t.o.v. drooggewicht;;
5648;methylkwik (ZZS);22967-92-6;C1yHg;Milieu;Sediment;Sediment MTR (droge stof);1,4;mg/kg;BS;Bodem/Sediment;MASSFTE;Massafractie;dg;t.o.v. drooggewicht;;
5649;methylkwik (ZZS);22967-92-6;C1yHg;Milieu;Oppervlaktewater zoet;log Kp l/kg (zwevend stof);5,23;;OW;Oppervlaktewater;NVT;Niet van toepassing;NVT;Niet van toepassing;NVT;Niet van toepassing
5650;methylkwik (ZZS);22967-92-6;C1yHg;Milieu;Oppervlaktewater zoet;Landoppervlaktewateren wettelijk JG-MKN (opgelost);0,00007;µg/l;OW;Oppervlaktewater;CONCTTE;(massa)Concentratie;nf;na filtratie (opgeloste fractie);JGM;Jaargemiddelde
5651;methylkwik (ZZS);22967-92-6;C1yHg;Milieu;Oppervlaktewater zoet;Landoppervlaktewateren wettelijk MAC-MKN (opgelost);0,07;µg/l;OW;Oppervlaktewater;CONCTTE;(massa)Concentratie;nf;na filtratie (opgeloste fractie);MAX;Maximum
5652;methylkwik (ZZS);22967-92-6;C1yHg;Milieu;Oppervlaktewater zout;Andere oppervlaktewateren wettelijk JG-MKN (opgelost);0,00007;µg/l;OW;Oppervlaktewater;CONCTTE;(massa)Concentratie;nf;na filtratie (opgeloste fractie);JGM;Jaargemiddelde
5653;methylkwik (ZZS);22967-92-6;C1yHg;Milieu;Oppervlaktewater zout;Andere oppervlaktewateren wettelijk MAC-MKN (opgelost);0,07;µg/l;OW;Oppervlaktewater;CONCTTE;(massa)Concentratie;nf;na filtratie (opgeloste fractie);MAX;Maximum
5655;2-pentanon;107-87-9;2C5on;Milieu;Oppervlaktewater zoet;Landoppervlaktewateren Indicatief MTR (opgelost);124;µg/l;OW;Oppervlaktewater;CONCTTE;(massa)Concentratie;nf;na filtratie (opgeloste fractie);P90;90-Percentiel
5659;methyl-tert-butylether;1634-04-4;C1yttC4yEtr;Milieu;Grondwater;Grondwater indicatief niveau voor ernstige verontreiniging (opgelost);9400;µg/l;GW;Grondwater;CONCTTE;(massa)Concentratie;nf;na filtratie;Nee;
5672;methyl-tert-butylether;1634-04-4;C1yttC4yEtr;Milieu;Oppervlaktewater zoet;Landoppervlaktewateren JG-MKN (opgelost);2600;µg/l;OW;Oppervlaktewater;CONCTTE;(massa)Concentratie;nf;na filtratie (opgeloste fractie);JGM;Jaargemiddelde
5673;methyl-tert-butylether;1634-04-4;C1yttC4yEtr;Milieu;Oppervlaktewater zoet;Landoppervlaktewateren JG-MKN (totaal);2600;µg/l;OW;Oppervlaktewater;CONCTTE;(massa)Concentratie;NVT;Niet van toepassing;JGM;Jaargemiddelde
5674;methyl-tert-butylether;1634-04-4;C1yttC4yEtr;Milieu;Oppervlaktewater zoet;Landoppervlaktewateren MAC-MKN (opgelost);15;mg/l;OW;Oppervlaktewater;CONCTTE;(massa)Concentratie;nf;na filtratie (opgeloste fractie);MAX;Maximum
5675;methyl-tert-butylether;1634-04-4;C1yttC4yEtr;Milieu;Oppervlaktewater zoet;Landoppervlaktewateren MAC-MKN (totaal);15;mg/l;OW;Oppervlaktewater;CONCTTE;(massa)Concentratie;NVT;Niet van toepassing;MAX;Maximum
5676;methyl-tert-butylether;1634-04-4;C1yttC4yEtr;Milieu;Oppervlaktewater zout;Andere oppervlaktewateren JG-MKN (opgelost);260;µg/l;OW;Oppervlaktewater;CONCTTE;(massa)Concentratie;nf;na filtratie (opgeloste fractie);JGM;Jaargemiddelde
5677;methyl-tert-butylether;1634-04-4;C1yttC4yEtr;Milieu;Oppervlaktewater zout;Andere oppervlaktewateren JG-MKN (totaal);260;µg/l;OW;Oppervlaktewater;CONCTTE;(massa)Concentratie;NVT;Niet van toepassing;JGM;Jaargemiddelde
5678;methyl-tert-butylether;1634-04-4;C1yttC4yEtr;Milieu;Oppervlaktewater zout;Andere oppervlaktewateren MAC-MKN (opgelost);1,5;mg/l;OW;Oppervlaktewater;CONCTTE;(massa)Concentratie;nf;na filtratie (opgeloste fractie);MAX;Maximum
5679;methyl-tert-butylether;1634-04-4;C1yttC4yEtr;Milieu;Oppervlaktewater zout;Andere oppervlaktewateren MAC-MKN (totaal);1,5;mg/l;OW;Oppervlaktewater;CONCTTE;(massa)Concentratie;NVT;Niet van toepassing;MAX;Maximum
5684;methyl-tert-butylether;1634-04-4;C1yttC4yEtr;Milieu;Oppervlaktewater voor drinkwaterbereiding;Oppervlaktewater voor drinkwaterbereiding (gericht tot het drinkwaterbedrijf) - Signaleringsparameter;1;µg/l;;;;;;;;
5708;metiram (ZZS);9006-42-2;metrm;Milieu;Oppervlaktewater zoet;Landoppervlaktewateren Indicatief MTR (opgelost);7;µg/l;OW;Oppervlaktewater;CONCTTE;(massa)Concentratie;nf;na filtratie (opgeloste fractie);P90;90-Percentiel
5709;metobromuron;3060-89-7;metbmrn;Milieu;Oppervlaktewater zoet;Landoppervlaktewateren MTR (totaal);10000;ng/l;OW;Oppervlaktewater;CONCTTE;(massa)Concentratie;NVT;Niet van toepassing;P90;90-Percentiel
5710;metobromuron;3060-89-7;metbmrn;Milieu;Oppervlaktewater zoet;Landoppervlaktewateren MTR (opgelost);10000;ng/l;OW;Oppervlaktewater;CONCTTE;(massa)Concentratie;nf;na filtratie (opgeloste fractie);P90;90-Percentiel
5711;metobromuron;3060-89-7;metbmrn;Milieu;Sediment;Sediment MTR (droge stof);110;µg/kg;BS;Bodem/Sediment;MASSFTE;Massafractie;dg;t.o.v. drooggewicht;;
5712;metobromuron;3060-89-7;metbmrn;Milieu;Oppervlaktewater zoet;log Kp l/kg (zwevend stof);1,34;;OW;Oppervlaktewater;NVT;Niet van toepassing;NVT;Niet van toepassing;NVT;Niet van toepassing
5713;metolachloor;51218-45-2;metlCl;Milieu;Sediment;Sediment MTR (droge stof);3;µg/kg;BS;Bodem/Sediment;MASSFTE;Massafractie;dg;t.o.v. drooggewicht;;
5714;metolachloor;51218-45-2;metlCl;Milieu;Oppervlaktewater zoet;log Kp l/kg (zwevend stof);1,4;;OW;Oppervlaktewater;NVT;Niet van toepassing;NVT;Niet van toepassing;NVT;Niet van toepassing
5715;metolachloor;51218-45-2;metlCl;Milieu;Oppervlaktewater zoet;Landoppervlaktewateren wettelijk MAC-MKN (totaal);2,2;µg/l;OW;Oppervlaktewater;CONCTTE;(massa)Concentratie;NVT;Niet van toepassing;MAX;Maximum
5716;metolachloor;51218-45-2;metlCl;Milieu;Oppervlaktewater zoet;Landoppervlaktewateren wettelijk JG-MKN (totaal);0,4;µg/l;OW;Oppervlaktewater;CONCTTE;(massa)Concentratie;NVT;Niet van toepassing;JGM;Jaargemiddelde
5719;metolachloor;51218-45-2;metlCl;Milieu;Oppervlaktewater zoet;Landoppervlaktewateren JG-MKN (opgelost);0,4;µg/l;OW;Oppervlaktewater;CONCTTE;(massa)Concentratie;nf;na filtratie (opgeloste fractie);JGM;Jaargemiddelde
5720;metolachloor;51218-45-2;metlCl;Milieu;Oppervlaktewater zoet;Landoppervlaktewateren MAC-MKN (opgelost);2,2;µg/l;OW;Oppervlaktewater;CONCTTE;(massa)Concentratie;nf;na filtratie (opgeloste fractie);MAX;Maximum
5721;metoxuron;19937-59-8;metxrn;Milieu;Oppervlaktewater zoet;Landoppervlaktewateren Indicatief MTR (opgelost);19;µg/l;OW;Oppervlaktewater;CONCTTE;(massa)Concentratie;nf;na filtratie (opgeloste fractie);P90;90-Percentiel
5723;metrafenon;220899-03-6;metfnn;Milieu;Oppervlaktewater zoet;Landoppervlaktewateren Indicatief MTR (opgelost);0,142;µg/l;OW;Oppervlaktewater;CONCTTE;(massa)Concentratie;nf;na filtratie (opgeloste fractie);P90;90-Percentiel
5724;metribuzin (ZZS);21087-64-9;metbzn;Milieu;Oppervlaktewater zoet;Landoppervlaktewateren JG-MKN (opgelost);0,12;µg/l;OW;Oppervlaktewater;CONCTTE;(massa)Concentratie;nf;na filtratie (opgeloste fractie);JGM;Jaargemiddelde
5725;metribuzin (ZZS);21087-64-9;metbzn;Milieu;Oppervlaktewater zoet;Landoppervlaktewateren MAC-MKN (opgelost);1,1;µg/l;OW;Oppervlaktewater;CONCTTE;(massa)Concentratie;nf;na filtratie (opgeloste fractie);MAX;Maximum
5727;metsulfuron-methyl;74223-64-6;C1ymsfrn;Milieu;Oppervlaktewater zoet;Landoppervlaktewateren wettelijk JG-MKN (totaal);0,01;µg/l;OW;Oppervlaktewater;CONCTTE;(massa)Concentratie;NVT;Niet van toepassing;JGM;Jaargemiddelde
5729;metsulfuron-methyl;74223-64-6;C1ymsfrn;Milieu;Oppervlaktewater zoet;Landoppervlaktewateren wettelijk MAC-MKN (totaal);0,03;µg/l;OW;Oppervlaktewater;CONCTTE;(massa)Concentratie;NVT;Niet van toepassing;MAX;Maximum
5732;metsulfuron-methyl;74223-64-6;C1ymsfrn;Milieu;Oppervlaktewater zoet;log Kp l/kg (zwevend stof);0,67;;OW;Oppervlaktewater;NVT;Niet van toepassing;NVT;Niet van toepassing;NVT;Niet van toepassing
5733;metsulfuron-methyl;74223-64-6;C1ymsfrn;Milieu;Oppervlaktewater zoet;Landoppervlaktewateren JG-MKN (opgelost);0,01;µg/l;OW;Oppervlaktewater;CONCTTE;(massa)Concentratie;nf;na filtratie (opgeloste fractie);JGM;Jaargemiddelde
5734;metsulfuron-methyl;74223-64-6;C1ymsfrn;Milieu;Oppervlaktewater zoet;Landoppervlaktewateren MAC-MKN (opgelost);0,03;µg/l;OW;Oppervlaktewater;CONCTTE;(massa)Concentratie;nf;na filtratie (opgeloste fractie);MAX;Maximum
5735;miconazolnitraat;22832-87-7;micnzNO3;Milieu;Oppervlaktewater zoet;Landoppervlaktewateren Indicatief MTR (opgelost);4,88E-03;µg/l;OW;Oppervlaktewater;CONCTTE;(massa)Concentratie;nf;na filtratie (opgeloste fractie);P90;90-Percentiel
5749;milbemectine;51596-10-2;milbmcA3;Milieu;Oppervlaktewater zoet;Landoppervlaktewateren Indicatief MTR (opgelost);0,0012;µg/l;OW;Oppervlaktewater;CONCTTE;(massa)Concentratie;nf;na filtratie (opgeloste fractie);P90;90-Percentiel
5752;minerale olie;8042-47-5;minrlole;Milieu;Grondwater;Signaleringsparameter  beoordeling grondwatersanering (opgelost);600;µg/l;GW;Grondwater;CONCTTE;(massa)Concentratie;nf;na filtratie;Nee;
5754;minerale olie;8042-47-5;minrlole;Milieu;Sediment;Sediment MTR (droge stof);1000;mg/kg;BS;Bodem/Sediment;MASSFTE;Massafractie;dg;t.o.v. drooggewicht;;
5755;minerale olie;8042-47-5;minrlole;Milieu;Grondwater;Standaardwaarden grondwater (inclusief AC) (opgelost);50;µg/l;GW;Grondwater;CONCTTE;(massa)Concentratie;nf;na filtratie;Nee;
5779;mirex (ZZS);2385-85-5;mirx;Milieu;Oppervlaktewater zoet;Landoppervlaktewateren Indicatief MTR (opgelost);7,70E-04;µg/l;OW;Oppervlaktewater;CONCTTE;(massa)Concentratie;nf;na filtratie (opgeloste fractie);P90;90-Percentiel
5780;mirex (ZZS);2385-85-5;mirx;Milieu;Sediment;Sediment Indicatief MTR (droge stof);31,0;µg/kg;BS;Bodem/Sediment;MASSFTE;Massafractie;dg;t.o.v. drooggewicht;;
5783;molybdeen;7439-98-7;Mo;Milieu;Grondwater;Grondwater streefwaarde ondiep (opgelost);5;µg/l;GW;Grondwater;CONCTTE;(massa)Concentratie;nf;na filtratie;Nee;
5784;molybdeen;7439-98-7;Mo;Milieu;Grondwater;Grondwater diep landelijke achtergrondconcentratie (AC) (opgelost);0,7;µg/l;GW;Grondwater;CONCTTE;(massa)Concentratie;nf;na filtratie;Nee;
5785;molybdeen;7439-98-7;Mo;Milieu;Grondwater;Standaardwaarden grondwater (inclusief AC) (opgelost);3,6;µg/l;GW;Grondwater;CONCTTE;(massa)Concentratie;nf;na filtratie;Nee;
5786;molybdeen;7439-98-7;Mo;Milieu;Grondwater;Signaleringsparameter  beoordeling grondwatersanering (opgelost);300;µg/l;GW;Grondwater;CONCTTE;(massa)Concentratie;nf;na filtratie;Nee;
5789;molybdeen;7439-98-7;Mo;Milieu;Oppervlaktewater zoet;Landoppervlaktewateren achtergrondconcentratie (opgelost);0,5;µg/l;OW;Oppervlaktewater;CONCTTE;(massa)Concentratie;nf;na filtratie (opgeloste fractie);NVT;Niet van toepassing
5790;molybdeen;7439-98-7;Mo;Milieu;Oppervlaktewater zoet;Landoppervlaktewateren wettelijk JG-MKN (opgelost);136;µg/l;OW;Oppervlaktewater;CONCTTE;(massa)Concentratie;nf;na filtratie (opgeloste fractie);JGM;Jaargemiddelde
5791;molybdeen;7439-98-7;Mo;Milieu;Oppervlaktewater zoet;Landoppervlaktewateren wettelijk MAC-MKN (opgelost);340;µg/l;OW;Oppervlaktewater;CONCTTE;(massa)Concentratie;nf;na filtratie (opgeloste fractie);MAX;Maximum
5792;molybdeen;7439-98-7;Mo;Milieu;Oppervlaktewater zout;Andere oppervlaktewateren achtergrondconcentratie (opgelost);8,8;µg/l;OW;Oppervlaktewater;CONCTTE;(massa)Concentratie;nf;na filtratie (opgeloste fractie);NVT;Niet van toepassing
5795;molybdeen;7439-98-7;Mo;Milieu;Sediment;Sediment MTR (standaard Sediment met 10% organisch materiaal);440;mg/kg;BS;Bodem/Sediment;MASSFTE;Massafractie;dg;t.o.v. drooggewicht;;
5796;molybdeen;7439-98-7;Mo;Milieu;Oppervlaktewater zoet;log Kp l/kg (zwevend stof);3,05;;OW;Oppervlaktewater;NVT;Niet van toepassing;NVT;Niet van toepassing;NVT;Niet van toepassing
5821;monalide;7287-36-7;monlde;Milieu;Oppervlaktewater zoet;Landoppervlaktewateren Indicatief MTR (opgelost);0,0262;µg/l;OW;Oppervlaktewater;CONCTTE;(massa)Concentratie;nf;na filtratie (opgeloste fractie);P90;90-Percentiel
5822;monalide;7287-36-7;monlde;Milieu;Sediment;Sediment Indicatief MTR (droge stof);0,8;µg/kg;BS;Bodem/Sediment;MASSFTE;Massafractie;dg;t.o.v. drooggewicht;;
5825;monochloorbenzeen;108-90-7;ClBen;Milieu;Grondwater;Signaleringsparameter  beoordeling grondwatersanering (opgelost);180;µg/l;GW;Grondwater;CONCTTE;(massa)Concentratie;nf;na filtratie;Nee;
5828;monochloorbenzeen;108-90-7;ClBen;Milieu;Sediment;Sediment MTR (droge stof);8;mg/kg;BS;Bodem/Sediment;MASSFTE;Massafractie;dg;t.o.v. drooggewicht;;
5830;monochloorbenzeen;108-90-7;ClBen;Milieu;Oppervlaktewater zoet;log Kp l/kg (zwevend stof);1,41;;OW;Oppervlaktewater;NVT;Niet van toepassing;NVT;Niet van toepassing;NVT;Niet van toepassing
5831;monochloorbenzeen;108-90-7;ClBen;Milieu;Oppervlaktewater zoet;Landoppervlaktewateren JG-MKN (opgelost);32;µg/l;OW;Oppervlaktewater;CONCTTE;(massa)Concentratie;nf;na filtratie (opgeloste fractie);JGM;Jaargemiddelde
5832;monochloorbenzeen;108-90-7;ClBen;Milieu;Oppervlaktewater zoet;Landoppervlaktewateren MAC-MKN (opgelost);40;µg/l;OW;Oppervlaktewater;CONCTTE;(massa)Concentratie;nf;na filtratie (opgeloste fractie);MAX;Maximum
5833;monochloorbenzeen;108-90-7;ClBen;Milieu;Oppervlaktewater zout;Andere oppervlaktewateren JG-MKN (opgelost);4;µg/l;OW;Oppervlaktewater;CONCTTE;(massa)Concentratie;nf;na filtratie (opgeloste fractie);JGM;Jaargemiddelde
5834;monochloorbenzeen;108-90-7;ClBen;Milieu;Oppervlaktewater zout;Andere oppervlaktewateren MAC-MKN (opgelost);40;µg/l;OW;Oppervlaktewater;CONCTTE;(massa)Concentratie;nf;na filtratie (opgeloste fractie);MAX;Maximum
5847;monochloorbenzeen;108-90-7;ClBen;Milieu;Grondwater;Standaardwaarden grondwater (inclusief AC) (opgelost);7;µg/l;GW;Grondwater;CONCTTE;(massa)Concentratie;nf;na filtratie;Nee;
5872;monochloorfenolen som;25167-80-0;;Milieu;Grondwater;Signaleringsparameter  beoordeling grondwatersanering (opgelost);100;µg/l;GW;Grondwater;CONCTTE;(massa)Concentratie;nf;na filtratie;Nee;
5873;monochloorfenolen som;25167-80-0;;Milieu;Grondwater;Standaardwaarden grondwater (inclusief AC) (opgelost);0,3;µg/l;GW;Grondwater;CONCTTE;(massa)Concentratie;nf;na filtratie;Nee;
5897;monochloorhydrine;96-24-2;MClhdne;Milieu;Oppervlaktewater zoet;Landoppervlaktewateren Indicatief MTR (opgelost);0,34;µg/l;OW;Oppervlaktewater;CONCTTE;(massa)Concentratie;nf;na filtratie (opgeloste fractie);P90;90-Percentiel
5898;monochloorhydrine;96-24-2;MClhdne;Milieu;Sediment;Sediment Indicatief MTR (droge stof);0,77;µg/kg;BS;Bodem/Sediment;MASSFTE;Massafractie;dg;t.o.v. drooggewicht;;
5900;monocrotofos;6923-22-4;Mctfs;Milieu;Oppervlaktewater zoet;Landoppervlaktewateren Indicatief MTR (opgelost);8e-005;µg/l;OW;Oppervlaktewater;CONCTTE;(massa)Concentratie;nf;na filtratie (opgeloste fractie);P90;90-Percentiel
5901;monolinuron;1746-81-2;Mlnrn;Milieu;Oppervlaktewater zoet;Landoppervlaktewateren wettelijk JG-MKN (totaal);0,15;µg/l;OW;Oppervlaktewater;CONCTTE;(massa)Concentratie;NVT;Niet van toepassing;JGM;Jaargemiddelde
5903;monolinuron;1746-81-2;Mlnrn;Milieu;Oppervlaktewater zoet;Landoppervlaktewateren wettelijk MAC-MKN (totaal);0,15;µg/l;OW;Oppervlaktewater;CONCTTE;(massa)Concentratie;NVT;Niet van toepassing;MAX;Maximum
5906;monolinuron;1746-81-2;Mlnrn;Milieu;Oppervlaktewater zoet;log Kp l/kg (zwevend stof);0,87;;OW;Oppervlaktewater;NVT;Niet van toepassing;NVT;Niet van toepassing;NVT;Niet van toepassing
5908;monolinuron;1746-81-2;Mlnrn;Milieu;Oppervlaktewater zoet;Landoppervlaktewateren JG-MKN (opgelost);0,15;µg/l;OW;Oppervlaktewater;CONCTTE;(massa)Concentratie;nf;na filtratie (opgeloste fractie);JGM;Jaargemiddelde
5909;monolinuron;1746-81-2;Mlnrn;Milieu;Oppervlaktewater zoet;Landoppervlaktewateren MAC-MKN (opgelost);0,15;µg/l;OW;Oppervlaktewater;CONCTTE;(massa)Concentratie;nf;na filtratie (opgeloste fractie);MAX;Maximum
5910;monuron;150-68-5;monrn;Milieu;Oppervlaktewater zoet;Landoppervlaktewateren Indicatief MTR (opgelost);0,2;µg/l;OW;Oppervlaktewater;CONCTTE;(massa)Concentratie;nf;na filtratie (opgeloste fractie);P90;90-Percentiel
5913;morfoline;110-91-8;morflne;Milieu;Oppervlaktewater zoet;Landoppervlaktewateren Indicatief MTR (opgelost);1;µg/l;OW;Oppervlaktewater;CONCTTE;(massa)Concentratie;nf;na filtratie (opgeloste fractie);P90;90-Percentiel
5917;m-toluïdine;108-44-1;3C1yAn;Milieu;Oppervlaktewater zoet;log Kp l/kg (zwevend stof);0,81;;OW;Oppervlaktewater;NVT;Niet van toepassing;NVT;Niet van toepassing;NVT;Niet van toepassing
5918;m-toluïdine;108-44-1;3C1yAn;Milieu;Oppervlaktewater zoet;Landoppervlaktewateren MTR (opgelost);10;µg/l;OW;Oppervlaktewater;CONCTTE;(massa)Concentratie;nf;na filtratie (opgeloste fractie);P90;90-Percentiel
5919;m-toluïdine;108-44-1;3C1yAn;Milieu;Oppervlaktewater zoet;Landoppervlaktewateren MTR (totaal);10;µg/l;OW;Oppervlaktewater;CONCTTE;(massa)Concentratie;NVT;Niet van toepassing;P90;90-Percentiel
5920;m-toluïdine;108-44-1;3C1yAn;Milieu;Sediment;Sediment MTR (droge stof);30;µg/kg;BS;Bodem/Sediment;MASSFTE;Massafractie;dg;t.o.v. drooggewicht;;
5921;m-xyleen;108-38-3;13xyln;Milieu;Oppervlaktewater zoet;Landoppervlaktewateren wettelijk JG-MKN (totaal);17;µg/l;OW;Oppervlaktewater;CONCTTE;(massa)Concentratie;NVT;Niet van toepassing;JGM;Jaargemiddelde
5922;m-xyleen;108-38-3;13xyln;Milieu;Oppervlaktewater zoet;Landoppervlaktewateren wettelijk MAC-MKN (totaal);244;µg/l;OW;Oppervlaktewater;CONCTTE;(massa)Concentratie;NVT;Niet van toepassing;MAX;Maximum
5923;m-xyleen;108-38-3;13xyln;Milieu;Oppervlaktewater zout;Andere oppervlaktewateren wettelijk JG-MKN (totaal);1,7;µg/l;OW;Oppervlaktewater;CONCTTE;(massa)Concentratie;NVT;Niet van toepassing;JGM;Jaargemiddelde
5924;m-xyleen;108-38-3;13xyln;Milieu;Oppervlaktewater zout;Andere oppervlaktewateren wettelijk MAC-MKN (totaal);49;µg/l;OW;Oppervlaktewater;CONCTTE;(massa)Concentratie;NVT;Niet van toepassing;MAX;Maximum
5925;m-xyleen;108-38-3;13xyln;Milieu;Oppervlaktewater zout;Andere oppervlaktewateren JG-MKN (opgelost);1,7;µg/l;OW;Oppervlaktewater;CONCTTE;(massa)Concentratie;nf;na filtratie (opgeloste fractie);JGM;Jaargemiddelde
5926;m-xyleen;108-38-3;13xyln;Milieu;Oppervlaktewater zout;Andere oppervlaktewateren MAC-MKN (opgelost);49;µg/l;OW;Oppervlaktewater;CONCTTE;(massa)Concentratie;nf;na filtratie (opgeloste fractie);MAX;Maximum
5927;m-xyleen;108-38-3;13xyln;Milieu;Oppervlaktewater zoet;Landoppervlaktewateren JG-MKN (opgelost);17;µg/l;OW;Oppervlaktewater;CONCTTE;(massa)Concentratie;nf;na filtratie (opgeloste fractie);JGM;Jaargemiddelde
5928;m-xyleen;108-38-3;13xyln;Milieu;Oppervlaktewater zoet;Landoppervlaktewateren MAC-MKN (opgelost);244;µg/l;OW;Oppervlaktewater;CONCTTE;(massa)Concentratie;nf;na filtratie (opgeloste fractie);MAX;Maximum
5929;myclobutanil;88671-89-0;mycbtnl;Milieu;Oppervlaktewater zoet;Landoppervlaktewateren MTR (totaal);55;µg/l;OW;Oppervlaktewater;CONCTTE;(massa)Concentratie;NVT;Niet van toepassing;P90;90-Percentiel
5930;myclobutanil;88671-89-0;mycbtnl;Milieu;Oppervlaktewater zoet;Landoppervlaktewateren MTR (opgelost);55;µg/l;OW;Oppervlaktewater;CONCTTE;(massa)Concentratie;nf;na filtratie (opgeloste fractie);P90;90-Percentiel
5931;myclobutanil;88671-89-0;mycbtnl;Milieu;Sediment;Sediment MTR (droge stof);250;µg/kg;BS;Bodem/Sediment;MASSFTE;Massafractie;dg;t.o.v. drooggewicht;;
5932;myclobutanil;88671-89-0;mycbtnl;Milieu;Oppervlaktewater zoet;log Kp l/kg (zwevend stof);1,72;;OW;Oppervlaktewater;NVT;Niet van toepassing;NVT;Niet van toepassing;NVT;Niet van toepassing
5933;N-(cyclohexylthio)phtalimide;17796-82-6;;Milieu;Oppervlaktewater zoet;Landoppervlaktewateren Indicatief MTR (opgelost);0,4;µg/l;OW;Oppervlaktewater;CONCTTE;(massa)Concentratie;nf;na filtratie (opgeloste fractie);P90;90-Percentiel
5937;N,N-dimethylaceetamide (ZZS);127-19-5;DC1yacAd;Milieu;Oppervlaktewater zoet;Landoppervlaktewateren Indicatief MTR (opgelost);3,20E+02;µg/l;OW;Oppervlaktewater;CONCTTE;(massa)Concentratie;nf;na filtratie (opgeloste fractie);P90;90-Percentiel
5943;N,N-dimethylaniline;121-69-7;NNDC1yAn;Milieu;Oppervlaktewater zoet;log Kp l/kg (zwevend stof);1,14;;OW;Oppervlaktewater;NVT;Niet van toepassing;NVT;Niet van toepassing;NVT;Niet van toepassing
5944;N,N-dimethylaniline;121-69-7;NNDC1yAn;Milieu;Oppervlaktewater zoet;Landoppervlaktewateren MTR (opgelost);50;µg/l;OW;Oppervlaktewater;CONCTTE;(massa)Concentratie;nf;na filtratie (opgeloste fractie);P90;90-Percentiel
5945;N,N-dimethylaniline;121-69-7;NNDC1yAn;Milieu;Oppervlaktewater zoet;Landoppervlaktewateren MTR (totaal);50;µg/l;OW;Oppervlaktewater;CONCTTE;(massa)Concentratie;NVT;Niet van toepassing;P90;90-Percentiel
5946;N,N-dimethylaniline;121-69-7;NNDC1yAn;Milieu;Sediment;Sediment MTR (droge stof);350;µg/kg;BS;Bodem/Sediment;MASSFTE;Massafractie;dg;t.o.v. drooggewicht;;
5949;N,N-dimethylformamide (ZZS);68-12-2;DC1yfAd;Milieu;Oppervlaktewater zoet;Landoppervlaktewateren Indicatief MTR (opgelost);6,84E-01;µg/l;OW;Oppervlaktewater;CONCTTE;(massa)Concentratie;nf;na filtratie (opgeloste fractie);P90;90-Percentiel
5967;N,N-dimethyl-p-toluïdine (ZZS);99-97-8;NN4TC1yAn;Milieu;Oppervlaktewater zoet;log Kp l/kg (zwevend stof);1,54;;OW;Oppervlaktewater;NVT;Niet van toepassing;NVT;Niet van toepassing;NVT;Niet van toepassing
5968;N,N-dimethyl-p-toluïdine (ZZS);99-97-8;NN4TC1yAn;Milieu;Oppervlaktewater zoet;Landoppervlaktewateren MTR (opgelost);50;µg/l;OW;Oppervlaktewater;CONCTTE;(massa)Concentratie;nf;na filtratie (opgeloste fractie);P90;90-Percentiel
5969;N,N-dimethyl-p-toluïdine (ZZS);99-97-8;NN4TC1yAn;Milieu;Oppervlaktewater zoet;Landoppervlaktewateren MTR (totaal);50;µg/l;OW;Oppervlaktewater;CONCTTE;(massa)Concentratie;NVT;Niet van toepassing;P90;90-Percentiel
5970;N,N-dimethyl-p-toluïdine (ZZS);99-97-8;NN4TC1yAn;Milieu;Sediment;Sediment MTR (droge stof);870;µg/kg;BS;Bodem/Sediment;MASSFTE;Massafractie;dg;t.o.v. drooggewicht;;
5971;Na4EDTA;64-02-8;;Milieu;Oppervlaktewater zoet;Landoppervlaktewateren JG-MKN (totaal);2200;µg/l;OW;Oppervlaktewater;CONCTTE;(massa)Concentratie;NVT;Niet van toepassing;JGM;Jaargemiddelde
5972;Na4EDTA;64-02-8;;Milieu;Oppervlaktewater zoet;Landoppervlaktewateren MAC-MKN (totaal);2200;µg/l;OW;Oppervlaktewater;CONCTTE;(massa)Concentratie;NVT;Niet van toepassing;MAX;Maximum
5974;naftaleen (ZZS);91-20-3;Naf;Milieu;Grondwater;Signaleringsparameter  beoordeling grondwatersanering (opgelost);70;µg/l;GW;Grondwater;CONCTTE;(massa)Concentratie;nf;na filtratie;Nee;
5977;naftaleen (ZZS);91-20-3;Naf;Milieu;Oppervlaktewater zoet;Landoppervlaktewateren wettelijk JG-MKN (totaal);2;µg/l;OW;Oppervlaktewater;CONCTTE;(massa)Concentratie;NVT;Niet van toepassing;JGM;Jaargemiddelde
5978;naftaleen (ZZS);91-20-3;Naf;Milieu;Oppervlaktewater zout;Andere oppervlaktewateren wettelijk JG-MKN (totaal);2;µg/l;OW;Oppervlaktewater;CONCTTE;(massa)Concentratie;NVT;Niet van toepassing;JGM;Jaargemiddelde
5979;naftaleen (ZZS);91-20-3;Naf;Milieu;Oppervlaktewater zoet;Landoppervlaktewateren wettelijk MAC-MKN (totaal);130;µg/l;OW;Oppervlaktewater;CONCTTE;(massa)Concentratie;NVT;Niet van toepassing;MAX;Maximum
5980;naftaleen (ZZS);91-20-3;Naf;Milieu;Oppervlaktewater zout;Andere oppervlaktewateren wettelijk MAC-MKN (totaal);130;µg/l;OW;Oppervlaktewater;CONCTTE;(massa)Concentratie;NVT;Niet van toepassing;MAX;Maximum
5981;naftaleen (ZZS);91-20-3;Naf;Milieu;Sediment;Sediment MTR (droge stof);0,1;µg/kg;BS;Bodem/Sediment;MASSFTE;Massafractie;dg;t.o.v. drooggewicht;;
5982;naftaleen (ZZS);91-20-3;Naf;Milieu;Oppervlaktewater zoet;log Kp l/kg (zwevend stof);2,37;;OW;Oppervlaktewater;NVT;Niet van toepassing;NVT;Niet van toepassing;NVT;Niet van toepassing
5986;naftaleen (ZZS);91-20-3;Naf;Milieu;Grondwater;Standaardwaarden grondwater (inclusief AC) (opgelost);0,01;µg/l;GW;Grondwater;CONCTTE;(massa)Concentratie;nf;na filtratie;Nee;
6012;naled;300-76-5;nald;Milieu;Oppervlaktewater zoet;Landoppervlaktewateren Indicatief MTR (opgelost);0,00014;µg/l;OW;Oppervlaktewater;CONCTTE;(massa)Concentratie;nf;na filtratie (opgeloste fractie);P90;90-Percentiel
6013;N-aminoethylpiperazine;140-31-8;2AoC2ypprzne;Milieu;Oppervlaktewater zoet;Landoppervlaktewateren Indicatief MTR (opgelost);58;µg/l;OW;Oppervlaktewater;CONCTTE;(massa)Concentratie;nf;na filtratie (opgeloste fractie);P90;90-Percentiel
6014;napropamide;15299-99-7;nappAd;Milieu;Oppervlaktewater zoet;Landoppervlaktewateren Indicatief MTR (opgelost);0,2;µg/l;OW;Oppervlaktewater;CONCTTE;(massa)Concentratie;nf;na filtratie (opgeloste fractie);P90;90-Percentiel
6015;natrium lignosulfonaat;8061-51-6;Nalnsfnt;Milieu;Oppervlaktewater zoet;Landoppervlaktewateren Indicatief MTR (opgelost);0,54;µg/l;OW;Oppervlaktewater;CONCTTE;(massa)Concentratie;nf;na filtratie (opgeloste fractie);P90;90-Percentiel
6016;natrium lignosulfonaat;8061-51-6;Nalnsfnt;Milieu;Sediment;Sediment Indicatief MTR (droge stof);1,3;µg/kg;BS;Bodem/Sediment;MASSFTE;Massafractie;dg;t.o.v. drooggewicht;;
6021;natriumbisulfiet;7631-90-5;NaHSO3;Milieu;Oppervlaktewater zoet;Landoppervlaktewateren Indicatief MTR (opgelost);20;µg/l;OW;Oppervlaktewater;CONCTTE;(massa)Concentratie;nf;na filtratie (opgeloste fractie);P90;90-Percentiel
6022;natriumbisulfiet;7631-90-5;NaHSO3;Milieu;Sediment;Sediment Indicatief MTR (droge stof);58;µg/kg;BS;Bodem/Sediment;MASSFTE;Massafractie;dg;t.o.v. drooggewicht;;
6024;natriumdodecyl-benzeensulfonaat;25155-30-0;NaC12yBensfn;Milieu;Oppervlaktewater zoet;Landoppervlaktewateren Indicatief MTR (opgelost);0,7;µg/l;OW;Oppervlaktewater;CONCTTE;(massa)Concentratie;nf;na filtratie (opgeloste fractie);P90;90-Percentiel
6025;natriumdodecyl-benzeensulfonaat;25155-30-0;NaC12yBensfn;Milieu;Sediment;Sediment Indicatief MTR (droge stof);701;µg/kg;BS;Bodem/Sediment;MASSFTE;Massafractie;dg;t.o.v. drooggewicht;;
6029;natriumthiocyanaat;540-72-7;NatoCN;Milieu;Oppervlaktewater zoet;Landoppervlaktewateren Indicatief MTR (opgelost);3,6;µg/l;OW;Oppervlaktewater;CONCTTE;(massa)Concentratie;nf;na filtratie (opgeloste fractie);P90;90-Percentiel
6031;n-butanol;71-36-3;C4ol;Milieu;Grondwater;Grondwater indicatief niveau voor ernstige verontreiniging (opgelost);5600;µg/l;GW;Grondwater;CONCTTE;(massa)Concentratie;nf;na filtratie;Nee;
6070;n-butylacrylaat;141-32-2;C4yaclt;Milieu;Oppervlaktewater zoet;Landoppervlaktewateren Indicatief MTR (opgelost);5;µg/l;OW;Oppervlaktewater;CONCTTE;(massa)Concentratie;nf;na filtratie (opgeloste fractie);P90;90-Percentiel
6077;neburon;555-37-3;nebrn;Milieu;Oppervlaktewater zoet;Landoppervlaktewateren Indicatief MTR (opgelost);0,0017;µg/l;OW;Oppervlaktewater;CONCTTE;(massa)Concentratie;nf;na filtratie (opgeloste fractie);P90;90-Percentiel
6078;neodecaanzuur;26896-20-8;neoC10azr;Milieu;Oppervlaktewater zoet;Landoppervlaktewateren Indicatief MTR (opgelost);4,2;µg/l;OW;Oppervlaktewater;CONCTTE;(massa)Concentratie;nf;na filtratie (opgeloste fractie);P90;90-Percentiel
6079;neodecaanzuur;26896-20-8;neoC10azr;Milieu;Sediment;Sediment Indicatief MTR (droge stof);370;µg/kg;BS;Bodem/Sediment;MASSFTE;Massafractie;dg;t.o.v. drooggewicht;;
6081;ethenyl ester van neodecaanzuur (ZZS);51000-52-3;neoC10azetnE;Milieu;Oppervlaktewater zoet;Landoppervlaktewateren Indicatief MTR (opgelost);2,67E-02;µg/l;OW;Oppervlaktewater;CONCTTE;(massa)Concentratie;nf;na filtratie (opgeloste fractie);P90;90-Percentiel
6086;neodymium;7440-00-8;Nd;Milieu;Oppervlaktewater zout;Andere oppervlaktewateren achtergrondconcentratie (opgelost);0,009;µg/l;OW;Oppervlaktewater;CONCTTE;(massa)Concentratie;nf;na filtratie (opgeloste fractie);NVT;Niet van toepassing
6087;neodymium;7440-00-8;Nd;Milieu;Oppervlaktewater zoet;Landoppervlaktewateren MTR (totaal);23;µg/l;OW;Oppervlaktewater;CONCTTE;(massa)Concentratie;NVT;Niet van toepassing;P90;90-Percentiel
6088;neodymium;7440-00-8;Nd;Milieu;Oppervlaktewater zout;Andere oppervlaktewateren MTR (totaal);14;µg/l;OW;Oppervlaktewater;CONCTTE;(massa)Concentratie;NVT;Niet van toepassing;P90;90-Percentiel
6089;neodymium;7440-00-8;Nd;Milieu;Oppervlaktewater zoet;Landoppervlaktewateren MTR (opgelost);1,4;µg/l;OW;Oppervlaktewater;CONCTTE;(massa)Concentratie;nf;na filtratie (opgeloste fractie);P90;90-Percentiel
6090;neodymium;7440-00-8;Nd;Milieu;Oppervlaktewater zout;Andere oppervlaktewateren MTR (opgelost);0,9;µg/l;OW;Oppervlaktewater;CONCTTE;(massa)Concentratie;nf;na filtratie (opgeloste fractie);P90;90-Percentiel
6091;neodymium;7440-00-8;Nd;Milieu;Sediment;Sediment landelijke achtergrondconcentratie (droge stof);40;mg/kg;BS;Bodem/Sediment;MASSFTE;Massafractie;dg;t.o.v. drooggewicht;;
6092;neodymium;7440-00-8;Nd;Milieu;Sediment;Sediment landelijke achtergrondconcentratie, andere oppervlaktewateren (droge stof);40;mg/kg;BS;Bodem/Sediment;MASSFTE;Massafractie;dg;t.o.v. drooggewicht;;
6093;neodymium;7440-00-8;Nd;Milieu;Sediment;Sediment MTR (droge stof);7500;mg/kg;BS;Bodem/Sediment;MASSFTE;Massafractie;dg;t.o.v. drooggewicht;;
6094;neodymium;7440-00-8;Nd;Milieu;Sediment;Sediment MTR andere oppervlaktewateren (droge stof);500;mg/kg;BS;Bodem/Sediment;MASSFTE;Massafractie;dg;t.o.v. drooggewicht;;
6095;neodymium;7440-00-8;Nd;Milieu;Oppervlaktewater zoet;log Kp l/kg (zwevend stof);5,71;;OW;Oppervlaktewater;NVT;Niet van toepassing;NVT;Niet van toepassing;NVT;Niet van toepassing
6096;neodymium;7440-00-8;Nd;Milieu;Oppervlaktewater zout;Andere oppervlaktewateren achtergrondconcentratie (totaal);0,2;µg/l;OW;Oppervlaktewater;CONCTTE;(massa)Concentratie;NVT;Niet van toepassing;NVT;Niet van toepassing
6097;N-ethylaniline;103-69-5;C2yAn;Milieu;Oppervlaktewater zoet;Landoppervlaktewateren Indicatief MTR (opgelost);0,42;µg/l;OW;Oppervlaktewater;CONCTTE;(massa)Concentratie;nf;na filtratie (opgeloste fractie);P90;90-Percentiel
6113;nicosulfuron;111991-09-4;nicsfrn;Milieu;Oppervlaktewater zoet;Landoppervlaktewateren Indicatief MTR (opgelost);1100;µg/l;OW;Oppervlaktewater;CONCTTE;(massa)Concentratie;nf;na filtratie (opgeloste fractie);P90;90-Percentiel
6120;nikkel (ZZS);7440-02-0;Ni;Milieu;Grondwater;Grondwater streefwaarde ondiep (opgelost);15;µg/l;GW;Grondwater;CONCTTE;(massa)Concentratie;nf;na filtratie;Nee;
6121;nikkel (ZZS);7440-02-0;Ni;Milieu;Grondwater;Grondwater diep landelijke achtergrondconcentratie (AC) (opgelost);2,1;µg/l;GW;Grondwater;CONCTTE;(massa)Concentratie;nf;na filtratie;Nee;
6122;nikkel (ZZS);7440-02-0;Ni;Milieu;Grondwater;Standaardwaarden grondwater (inclusief AC) (opgelost);2,1;µg/l;GW;Grondwater;CONCTTE;(massa)Concentratie;nf;na filtratie;Nee;
6123;nikkel (ZZS);7440-02-0;Ni;Milieu;Grondwater;Signaleringsparameter  beoordeling grondwatersanering (opgelost);75;µg/l;GW;Grondwater;CONCTTE;(massa)Concentratie;nf;na filtratie;Nee;
6127;nikkel (ZZS);7440-02-0;Ni;Milieu;Oppervlaktewater zoet;Landoppervlaktewateren achtergrondconcentratie (opgelost);1;µg/l;OW;Oppervlaktewater;CONCTTE;(massa)Concentratie;nf;na filtratie (opgeloste fractie);NVT;Niet van toepassing
6128;nikkel (ZZS);7440-02-0;Ni;Milieu;Oppervlaktewater zoet;Landoppervlaktewateren wettelijk JG-MKN (opgelost);4;µg/l;OW;Oppervlaktewater;CONCTTE;(massa)Concentratie;nf;na filtratie (opgeloste fractie);JGM;Jaargemiddelde
6129;nikkel (ZZS);7440-02-0;Ni;Milieu;Oppervlaktewater zout;Andere oppervlaktewateren wettelijk JG-MKN (opgelost);8,6;µg/l;OW;Oppervlaktewater;CONCTTE;(massa)Concentratie;nf;na filtratie (opgeloste fractie);JGM;Jaargemiddelde
6130;nikkel (ZZS);7440-02-0;Ni;Milieu;Oppervlaktewater zout;Andere oppervlaktewateren achtergrondconcentratie (opgelost);0,25;µg/l;OW;Oppervlaktewater;CONCTTE;(massa)Concentratie;nf;na filtratie (opgeloste fractie);NVT;Niet van toepassing
6131;nikkel (ZZS);7440-02-0;Ni;Milieu;Oppervlaktewater zoet;Landoppervlaktewateren wettelijk MAC-MKN (opgelost);34;µg/l;OW;Oppervlaktewater;CONCTTE;(massa)Concentratie;nf;na filtratie (opgeloste fractie);MAX;Maximum
6132;nikkel (ZZS);7440-02-0;Ni;Milieu;Oppervlaktewater zout;Andere oppervlaktewateren wettelijk MAC-MKN (opgelost);34;µg/l;OW;Oppervlaktewater;CONCTTE;(massa)Concentratie;nf;na filtratie (opgeloste fractie);MAX;Maximum
6133;nikkel (ZZS);7440-02-0;Ni;Milieu;Sediment;Sediment MTR (droge stof);44;mg/kg;BS;Bodem/Sediment;MASSFTE;Massafractie;dg;t.o.v. drooggewicht;;
6134;nikkel (ZZS);7440-02-0;Ni;Milieu;Oppervlaktewater zoet;log Kp l/kg (zwevend stof);3,90;;OW;Oppervlaktewater;NVT;Niet van toepassing;NVT;Niet van toepassing;NVT;Niet van toepassing
6135;nikkel (ZZS);7440-02-0;Ni;Milieu;Grondwater;Omgevingswaarde voor krw-verontreinigende stoffen nationaal (opgelost);20;µg/l;;;;;;;;
6162;nikkelverbindingen (ZZS);;;Milieu;Oppervlaktewater zoet;Landoppervlaktewateren wettelijk JG-MKN (opgelost);4;µg/l;OW;Oppervlaktewater;CONCTTE;(massa)Concentratie;nf;na filtratie (opgeloste fractie);JGM;Jaargemiddelde
6163;nikkelverbindingen (ZZS);;;Milieu;Oppervlaktewater zoet;Landoppervlaktewateren wettelijk MAC-MKN (opgelost);34;µg/l;OW;Oppervlaktewater;CONCTTE;(massa)Concentratie;nf;na filtratie (opgeloste fractie);MAX;Maximum
6164;nikkelverbindingen (ZZS);;;Milieu;Oppervlaktewater zout;Andere oppervlaktewateren wettelijk JG-MKN (opgelost);8,6;µg/l;OW;Oppervlaktewater;CONCTTE;(massa)Concentratie;nf;na filtratie (opgeloste fractie);JGM;Jaargemiddelde
6165;nikkelverbindingen (ZZS);;;Milieu;Oppervlaktewater zout;Andere oppervlaktewateren wettelijk MAC-MKN (opgelost);34;µg/l;OW;Oppervlaktewater;CONCTTE;(massa)Concentratie;nf;na filtratie (opgeloste fractie);MAX;Maximum
6185;nitraat;14797-55-8;NO3;Milieu;Oppervlaktewater voor drinkwaterbereiding;Oppervlaktewater voor drinkwaterbereiding (gericht op waterbeheerder);50;mg/l;;;;;;;;
6187;nitraat;14797-55-8;NO3;Milieu;Oppervlaktewater voor drinkwaterbereiding;Oppervlaktewater voor drinkwaterbereiding (gericht tot het drinkwaterbedrijf);50;mg/l;;;;;;;;
6188;nitraat;14797-55-8;NO3;Milieu;Grondwater;Omgevingswaarde voor krw-verontreinigende stoffen (opgelost);50;mg/l;;;;;;;;
6190;nitrobenzeen (ZZS);98-95-3;NO2Ben;Milieu;Oppervlaktewater zoet;Landoppervlaktewateren Indicatief MTR (opgelost);2,27E+01;µg/l;OW;Oppervlaktewater;CONCTTE;(massa)Concentratie;nf;na filtratie (opgeloste fractie);P90;90-Percentiel
6206;nitrocellulose;9004-70-0;NO2cllse;Milieu;Oppervlaktewater zoet;Landoppervlaktewateren Indicatief MTR (opgelost);0,74;µg/l;OW;Oppervlaktewater;CONCTTE;(massa)Concentratie;nf;na filtratie (opgeloste fractie);P90;90-Percentiel
6210;nitrofeen (ZZS);1836-75-5;NO2fn;Milieu;Oppervlaktewater zoet;Landoppervlaktewateren Indicatief MTR (opgelost);2,63E+01;µg/l;OW;Oppervlaktewater;CONCTTE;(massa)Concentratie;nf;na filtratie (opgeloste fractie);P90;90-Percentiel
6213;nitroglycerine;55-63-0;NO2gcrne;Milieu;Oppervlaktewater zoet;Landoppervlaktewateren Indicatief MTR (opgelost);0,4;µg/l;OW;Oppervlaktewater;CONCTTE;(massa)Concentratie;nf;na filtratie (opgeloste fractie);P90;90-Percentiel
6219;nitrothal-isopropyl;10552-74-6;nittliC3y;Milieu;Oppervlaktewater zoet;Landoppervlaktewateren Indicatief MTR (opgelost);3;µg/l;OW;Oppervlaktewater;CONCTTE;(massa)Concentratie;nf;na filtratie (opgeloste fractie);P90;90-Percentiel
6225;N-methyl-2-pyrrolidon (ZZS);872-50-4;1C1y2prldnn;Milieu;Oppervlaktewater zoet;Landoppervlaktewateren Indicatief JG-MKN (opgelost);125;µg/l;OW;Oppervlaktewater;CONCTTE;(massa)Concentratie;nf;na filtratie (opgeloste fractie);JGM;Jaargemiddelde
6226;N-methyl-2-pyrrolidon (ZZS);872-50-4;1C1y2prldnn;Milieu;Oppervlaktewater zoet;Landoppervlaktewateren Indicatief JG-MKN (totaal);125;µg/l;OW;Oppervlaktewater;CONCTTE;(massa)Concentratie;NVT;Niet van toepassing;JGM;Jaargemiddelde
6227;N-methyl-2-pyrrolidon (ZZS);872-50-4;1C1y2prldnn;Milieu;Oppervlaktewater zoet;Landoppervlaktewateren Indicatief MAC-MKN (opgelost);8320;µg/l;OW;Oppervlaktewater;CONCTTE;(massa)Concentratie;nf;na filtratie (opgeloste fractie);MAX;Maximum
6228;N-methyl-2-pyrrolidon (ZZS);872-50-4;1C1y2prldnn;Milieu;Oppervlaktewater zoet;Landoppervlaktewateren Indicatief MAC-MKN (totaal);8320;µg/l;OW;Oppervlaktewater;CONCTTE;(massa)Concentratie;NVT;Niet van toepassing;MAX;Maximum
6229;N-methyl-2-pyrrolidon (ZZS);872-50-4;1C1y2prldnn;Milieu;Oppervlaktewater zout;Andere oppervlaktewateren Indicatief JG-MKN (opgelost);12,5;µg/l;OW;Oppervlaktewater;CONCTTE;(massa)Concentratie;nf;na filtratie (opgeloste fractie);JGM;Jaargemiddelde
6230;N-methyl-2-pyrrolidon (ZZS);872-50-4;1C1y2prldnn;Milieu;Oppervlaktewater zout;Andere oppervlaktewateren Indicatief JG-MKN (totaal);12,5;µg/l;OW;Oppervlaktewater;CONCTTE;(massa)Concentratie;NVT;Niet van toepassing;JGM;Jaargemiddelde
6231;N-methyl-2-pyrrolidon (ZZS);872-50-4;1C1y2prldnn;Milieu;Oppervlaktewater zout;Andere oppervlaktewateren Indicatief MAC-MKN (opgelost);832;µg/l;OW;Oppervlaktewateren;CONCTTE;(massa)Concentratie;nf;na filtratie (opgeloste fractie);MAX;Maximum
6232;N-methyl-2-pyrrolidon (ZZS);872-50-4;1C1y2prldnn;Milieu;Oppervlaktewater zout;Andere oppervlaktewateren Indicatief MAC-MKN (totaal);832;µg/l;OW;Oppervlaktewater;CONCTTE;(massa)Concentratie;NVT;Niet van toepassing;MAX;Maximum
6235;N-methylacetamide (ZZS);79-16-3;NC1yacAd;Milieu;Oppervlaktewater zoet;Landoppervlaktewateren Indicatief MTR (opgelost);6,82E+02;µg/l;OW;Oppervlaktewater;CONCTTE;(massa)Concentratie;nf;na filtratie (opgeloste fractie);P90;90-Percentiel
6238;N-methylaniline;100-61-8;C1yAn;Milieu;Oppervlaktewater zoet;log Kp l/kg (zwevend stof);0,81;;OW;Oppervlaktewater;NVT;Niet van toepassing;NVT;Niet van toepassing;NVT;Niet van toepassing
6239;N-methylaniline;100-61-8;C1yAn;Milieu;Oppervlaktewater zoet;Landoppervlaktewateren MTR (opgelost);10;µg/l;OW;Oppervlaktewater;CONCTTE;(massa)Concentratie;nf;na filtratie (opgeloste fractie);P90;90-Percentiel
6240;N-methylaniline;100-61-8;C1yAn;Milieu;Oppervlaktewater zoet;Landoppervlaktewateren MTR (totaal);10;µg/l;OW;Oppervlaktewater;CONCTTE;(massa)Concentratie;NVT;Niet van toepassing;P90;90-Percentiel
6241;N-methylaniline;100-61-8;C1yAn;Milieu;Sediment;Sediment MTR (droge stof);30;µg/kg;BS;Bodem/Sediment;MASSFTE;Massafractie;dg;t.o.v. drooggewicht;;
6246;nonylfenolen (ZZS);;;Milieu;Oppervlaktewater zoet;Landoppervlaktewateren wettelijk JG-MKN (totaal);0,3;µg/l;OW;Oppervlaktewater;CONCTTE;(massa)Concentratie;NVT;Niet van toepassing;JGM;Jaargemiddelde
6247;nonylfenolen (ZZS);;;Milieu;Oppervlaktewater zoet;Landoppervlaktewateren wettelijk MAC-MKN (totaal);2,0;µg/l;OW;Oppervlaktewater;CONCTTE;(massa)Concentratie;NVT;Niet van toepassing;MAX;Maximum
6248;nonylfenolen (ZZS);;;Milieu;Oppervlaktewater zout;Andere oppervlaktewateren wettelijk JG-MKN (totaal);0,3;µg/l;OW;Oppervlaktewater;CONCTTE;(massa)Concentratie;NVT;Niet van toepassing;JGM;Jaargemiddelde
6249;nonylfenolen (ZZS);;;Milieu;Oppervlaktewater zout;Andere oppervlaktewateren wettelijk MAC-MKN (totaal);2,0;µg/l;OW;Oppervlaktewater;CONCTTE;(massa)Concentratie;NVT;Niet van toepassing;MAX;Maximum
6250;nonylfenol (ZZS);25154-52-3;C9yFol;Milieu;Oppervlaktewater zoet;Landoppervlaktewateren wettelijk JG-MKN (totaal);0,3;µg/l;OW;Oppervlaktewater;CONCTTE;(massa)Concentratie;NVT;Niet van toepassing;JGM;Jaargemiddelde
6251;nonylfenol (ZZS);25154-52-3;C9yFol;Milieu;Oppervlaktewater zoet;Landoppervlaktewateren wettelijk MAC-MKN (totaal);2,0;µg/l;OW;Oppervlaktewater;CONCTTE;(massa)Concentratie;NVT;Niet van toepassing;MAX;Maximum
6252;nonylfenol (ZZS);25154-52-3;C9yFol;Milieu;Oppervlaktewater zout;Andere oppervlaktewateren wettelijk JG-MKN (totaal);0,3;µg/l;OW;Oppervlaktewater;CONCTTE;(massa)Concentratie;NVT;Niet van toepassing;JGM;Jaargemiddelde
6253;nonylfenol (ZZS);25154-52-3;C9yFol;Milieu;Oppervlaktewater zout;Andere oppervlaktewateren wettelijk MAC-MKN (totaal);2,0;µg/l;OW;Oppervlaktewater;CONCTTE;(massa)Concentratie;NVT;Niet van toepassing;MAX;Maximum
6255;novaluron (ZZS);116714-46-6;novlrn;Milieu;Oppervlaktewater zoet;Landoppervlaktewateren JG-MKN (opgelost);0,0006;µg/l;OW;Oppervlaktewater;CONCTTE;(massa)Concentratie;nf;na filtratie (opgeloste fractie);JGM;Jaargemiddelde
6256;N-propylbenzeen;103-65-1;1C3yBen;Milieu;Oppervlaktewater zoet;Landoppervlaktewateren Indicatief MTR (opgelost);0,067;µg/l;OW;Oppervlaktewater;CONCTTE;(massa)Concentratie;nf;na filtratie (opgeloste fractie);P90;90-Percentiel
6280;nitrilotriazijnzuur;139-13-9;NTA;Milieu;Oppervlaktewater zoet;Landoppervlaktewateren MTR (totaal);200;µg/l;OW;Oppervlaktewater;CONCTTE;(massa)Concentratie;NVT;Niet van toepassing;P90;90-Percentiel
6284;nuarimol;63284-71-9;nuarml;Milieu;Oppervlaktewater zoet;Landoppervlaktewateren Indicatief MTR (opgelost);0,0043;µg/l;OW;Oppervlaktewater;CONCTTE;(massa)Concentratie;nf;na filtratie (opgeloste fractie);P90;90-Percentiel
6290;o-cresol;95-48-7;ocresl;Milieu;Oppervlaktewater zoet;Landoppervlaktewateren Indicatief MTR (opgelost);2,3;µg/l;OW;Oppervlaktewater;CONCTTE;(massa)Concentratie;nf;na filtratie (opgeloste fractie);P90;90-Percentiel
6303;octabroomdifenylether (ZZS);32536-52-0;;Milieu;Oppervlaktewater zoet;Landoppervlaktewateren wettelijk JG-MKN (totaal);0,5;ng/l;OW;Oppervlaktewater;CONCTTE;(massa)Concentratie;NVT;Niet van toepassing;JGM;Jaargemiddelde
6304;octabroomdifenylether (ZZS);32536-52-0;;Milieu;Oppervlaktewater zoet;Landoppervlaktewateren wettelijk MAC-MKN (totaal);0,14;µg/l;OW;Oppervlaktewater;CONCTTE;(massa)Concentratie;NVT;Niet van toepassing;MAX;Maximum
6305;octabroomdifenylether (ZZS);32536-52-0;;Milieu;Oppervlaktewater zout;Andere oppervlaktewateren wettelijk JG-MKN (totaal);0,2;ng/l;OW;Oppervlaktewater;CONCTTE;(massa)Concentratie;NVT;Niet van toepassing;JGM;Jaargemiddelde
6306;octabroomdifenylether (ZZS);32536-52-0;;Milieu;Oppervlaktewater zout;Andere oppervlaktewateren wettelijk MAC-MKN (totaal);0,014;µg/l;OW;Oppervlaktewater;CONCTTE;(massa)Concentratie;NVT;Niet van toepassing;MAX;Maximum
6308;octachloornaftaleen (ZZS);2234-13-1;OcClNaf;Milieu;Oppervlaktewater zoet;Landoppervlaktewateren Indicatief MTR (opgelost);1,01E-04;µg/l;OW;Oppervlaktewater;CONCTTE;(massa)Concentratie;nf;na filtratie (opgeloste fractie);P90;90-Percentiel
6309;octachloornaftaleen (ZZS);2234-13-1;OcClNaf;Milieu;Sediment;Sediment Indicatief MTR (droge stof);108;µg/kg;BS;Bodem/Sediment;MASSFTE;Massafractie;dg;t.o.v. drooggewicht;;
6311;octamethyltetrasiloxaan (ZZS);556-67-2;OcC1yccT4slx;Milieu;Sediment;Sediment MTR (droge stof);1,3;mg/kg;BS;Bodem/Sediment;MASSFTE;Massafractie;dg;t.o.v. drooggewicht;;
6312;octamethyltetrasiloxaan (ZZS);556-67-2;OcC1yccT4slx;Milieu;Oppervlaktewater zoet;log Kp l/kg (zwevend stof);3,77;;OW;Oppervlaktewater;NVT;Niet van toepassing;NVT;Niet van toepassing;NVT;Niet van toepassing
6313;octamethyltetrasiloxaan (ZZS);556-67-2;OcC1yccT4slx;Milieu;Oppervlaktewater zout;Andere oppervlaktewateren wettelijk JG-MKN (totaal);0,044;µg/l;OW;Oppervlaktewater;CONCTTE;(massa)Concentratie;NVT;Niet van toepassing;JGM;Jaargemiddelde
6314;octamethyltetrasiloxaan (ZZS);556-67-2;OcC1yccT4slx;Milieu;Oppervlaktewater zoet;Landoppervlaktewateren wettelijk JG-MKN (totaal);0,2;µg/l;OW;Oppervlaktewater;CONCTTE;(massa)Concentratie;NVT;Niet van toepassing;JGM;Jaargemiddelde
6319;octamethyltetrasiloxaan (ZZS);556-67-2;OcC1yccT4slx;Milieu;Oppervlaktewater zoet;Landoppervlaktewateren JG-MKN (opgelost);0,19;µg/l;OW;Oppervlaktewater;CONCTTE;(massa)Concentratie;nf;na filtratie (opgeloste fractie);JGM;Jaargemiddelde
6320;octamethyltetrasiloxaan (ZZS);556-67-2;OcC1yccT4slx;Milieu;Oppervlaktewater zout;Andere oppervlaktewateren JG-MKN (opgelost);0,044;µg/l;OW;Oppervlaktewater;CONCTTE;(massa)Concentratie;nf;na filtratie (opgeloste fractie);JGM;Jaargemiddelde
6322;o-fenylfenol;90-43-7;2FyFol;Milieu;Oppervlaktewater zoet;Landoppervlaktewateren Indicatief MTR (opgelost);0,036;µg/l;OW;Oppervlaktewater;CONCTTE;(massa)Concentratie;nf;na filtratie (opgeloste fractie);P90;90-Percentiel
6323;omethoaat;1113-02-6;omtat;Milieu;Oppervlaktewater zoet;Landoppervlaktewateren wettelijk JG-MKN (totaal);1,2;µg/l;OW;Oppervlaktewater;CONCTTE;(massa)Concentratie;NVT;Niet van toepassing;JGM;Jaargemiddelde
6324;o-toluidine (ZZS);95-53-4;2C1yAn;Milieu;Oppervlaktewater zoet;Landoppervlaktewateren Indicatief MTR (opgelost);1,27;µg/l;OW;Oppervlaktewater;CONCTTE;(massa)Concentratie;nf;na filtratie (opgeloste fractie);P90;90-Percentiel
6331;oxadiargyl;39807-15-3;oxdagl;Milieu;Oppervlaktewater zoet;Landoppervlaktewateren Indicatief MTR (opgelost);0,0021;µg/l;OW;Oppervlaktewater;CONCTTE;(massa)Concentratie;nf;na filtratie (opgeloste fractie);P90;90-Percentiel
6332;oxadixyl;77732-09-3;OaDxl;Milieu;Oppervlaktewater zoet;Landoppervlaktewateren Indicatief MTR (opgelost);109;µg/l;OW;Oppervlaktewater;CONCTTE;(massa)Concentratie;nf;na filtratie (opgeloste fractie);P90;90-Percentiel
6333;oxadixyl;77732-09-3;OaDxl;Milieu;Sediment;Sediment Indicatief MTR (droge stof);400;µg/kg;BS;Bodem/Sediment;MASSFTE;Massafractie;dg;t.o.v. drooggewicht;;
6335;oxamyl;23135-22-0;Oaml;Milieu;Oppervlaktewater zoet;Landoppervlaktewateren MTR (totaal);1800;ng/l;OW;Oppervlaktewater;CONCTTE;(massa)Concentratie;NVT;Niet van toepassing;P90;90-Percentiel
6336;oxamyl;23135-22-0;Oaml;Milieu;Oppervlaktewater zoet;Landoppervlaktewateren MTR (opgelost);1800;ng/l;OW;Oppervlaktewater;CONCTTE;(massa)Concentratie;nf;na filtratie (opgeloste fractie);P90;90-Percentiel
6337;oxamyl;23135-22-0;Oaml;Milieu;Sediment;Sediment MTR (droge stof);1;µg/kg;BS;Bodem/Sediment;MASSFTE;Massafractie;dg;t.o.v. drooggewicht;;
6338;oxamyl;23135-22-0;Oaml;Milieu;Oppervlaktewater zoet;log Kp l/kg (zwevend stof);0,12;;OW;Oppervlaktewater;NVT;Niet van toepassing;NVT;Niet van toepassing;NVT;Niet van toepassing
6339;oxasulfuron;144651-06-9;Oasfrn;Milieu;Oppervlaktewater zoet;Landoppervlaktewateren Indicatief MTR (opgelost);0,15;µg/l;OW;Oppervlaktewater;CONCTTE;(massa)Concentratie;nf;na filtratie (opgeloste fractie);P90;90-Percentiel
6340;oxycarboxin;5259-88-1;OxcbOxn;Milieu;Oppervlaktewater zoet;Landoppervlaktewateren Indicatief MTR (opgelost);3,8;µg/l;OW;Oppervlaktewater;CONCTTE;(massa)Concentratie;nf;na filtratie (opgeloste fractie);P90;90-Percentiel
6341;methyloxydemeton;301-12-2;C1yOxdmtn;Milieu;Sediment;Sediment MTR (droge stof);0,03;µg/kg;BS;Bodem/Sediment;MASSFTE;Massafractie;dg;t.o.v. drooggewicht;;
6342;methyloxydemeton;301-12-2;C1yOxdmtn;Milieu;Oppervlaktewater zoet;log Kp l/kg (zwevend stof);0,18;;OW;Oppervlaktewater;NVT;Niet van toepassing;NVT;Niet van toepassing;NVT;Niet van toepassing
6343;methyloxydemeton;301-12-2;C1yOxdmtn;Milieu;Oppervlaktewater zoet;Landoppervlaktewateren MTR (totaal);35;ng/l;OW;Oppervlaktewater;CONCTTE;(massa)Concentratie;NVT;Niet van toepassing;P90;90-Percentiel
6344;o-xyleen;95-47-6;12xyln;Milieu;Oppervlaktewater zoet;Landoppervlaktewateren wettelijk JG-MKN (totaal);17;µg/l;OW;Oppervlaktewater;CONCTTE;(massa)Concentratie;NVT;Niet van toepassing;JGM;Jaargemiddelde
6345;o-xyleen;95-47-6;12xyln;Milieu;Oppervlaktewater zoet;Landoppervlaktewateren wettelijk MAC-MKN (totaal);244;µg/l;OW;Oppervlaktewater;CONCTTE;(massa)Concentratie;NVT;Niet van toepassing;MAX;Maximum
6346;o-xyleen;95-47-6;12xyln;Milieu;Oppervlaktewater zout;Andere oppervlaktewateren wettelijk JG-MKN (totaal);1,7;µg/l;OW;Oppervlaktewater;CONCTTE;(massa)Concentratie;NVT;Niet van toepassing;JGM;Jaargemiddelde
6347;o-xyleen;95-47-6;12xyln;Milieu;Oppervlaktewater zout;Andere oppervlaktewateren wettelijk MAC-MKN (totaal);49;µg/l;OW;Oppervlaktewater;CONCTTE;(massa)Concentratie;NVT;Niet van toepassing;MAX;Maximum
6348;o-xyleen;95-47-6;12xyln;Milieu;Oppervlaktewater zout;Andere oppervlaktewateren JG-MKN (opgelost);1,7;µg/l;OW;Oppervlaktewater;CONCTTE;(massa)Concentratie;nf;na filtratie (opgeloste fractie);JGM;Jaargemiddelde
6349;o-xyleen;95-47-6;12xyln;Milieu;Oppervlaktewater zout;Andere oppervlaktewateren MAC-MKN (opgelost);49;µg/l;OW;Oppervlaktewater;CONCTTE;(massa)Concentratie;nf;na filtratie (opgeloste fractie);MAX;Maximum
6350;o-xyleen;95-47-6;12xyln;Milieu;Oppervlaktewater zoet;Landoppervlaktewateren JG-MKN (opgelost);17;µg/l;OW;Oppervlaktewater;CONCTTE;(massa)Concentratie;nf;na filtratie (opgeloste fractie);JGM;Jaargemiddelde
6351;o-xyleen;95-47-6;12xyln;Milieu;Oppervlaktewater zoet;Landoppervlaktewateren MAC-MKN (opgelost);244;µg/l;OW;Oppervlaktewater;CONCTTE;(massa)Concentratie;nf;na filtratie (opgeloste fractie);MAX;Maximum
6360;paclobutrazol;76738-62-0;pacbtzl;Milieu;Oppervlaktewater zoet;Landoppervlaktewateren Indicatief MTR (opgelost);4,5;µg/l;OW;Oppervlaktewater;CONCTTE;(massa)Concentratie;nf;na filtratie (opgeloste fractie);P90;90-Percentiel
6361;1,4-diaminobenzeen;106-50-3;14DAoBen;Milieu;Oppervlaktewater zoet;Landoppervlaktewateren Indicatief MTR (opgelost);20;µg/l;OW;Oppervlaktewater;CONCTTE;(massa)Concentratie;nf;na filtratie (opgeloste fractie);P90;90-Percentiel
6362;paraquat;4685-14-7;parqt;Milieu;Oppervlaktewater zoet;Landoppervlaktewateren Indicatief MTR (opgelost);0,075;µg/l;OW;Oppervlaktewater;CONCTTE;(massa)Concentratie;nf;na filtratie (opgeloste fractie);P90;90-Percentiel
6363;para-tert-octylfenol (ZZS);140-66-9;4ttC8yFol;Milieu;Oppervlaktewater zoet;Landoppervlaktewateren wettelijk JG-MKN (totaal);0,1;µg/l;OW;Oppervlaktewater;CONCTTE;(massa)Concentratie;NVT;Niet van toepassing;JGM;Jaargemiddelde
6364;para-tert-octylfenol (ZZS);140-66-9;4ttC8yFol;Milieu;Oppervlaktewater zout;Andere oppervlaktewateren wettelijk JG-MKN (totaal);0,01;µg/l;OW;Oppervlaktewater;CONCTTE;(massa)Concentratie;NVT;Niet van toepassing;JGM;Jaargemiddelde
6366;para-tert-octylfenol (ZZS);140-66-9;4ttC8yFol;Milieu;Sediment;Sediment MTR (standaard Sediment met 10% organisch materiaal);19;µg/kg;BS;Bodem/Sediment;MASSFTE;Massafractie;dg;t.o.v. drooggewicht;;
6368;para-tert-octylfenol (ZZS);140-66-9;4ttC8yFol;Milieu;Oppervlaktewater zoet;log Kp l/kg (zwevend stof);2,50;;OW;Oppervlaktewater;NVT;Niet van toepassing;NVT;Niet van toepassing;NVT;Niet van toepassing
6369;para-tert-octylfenol (ZZS);140-66-9;4ttC8yFol;Milieu;Oppervlaktewater zoet;Landoppervlaktewateren MAC-MKN (totaal);0,13;µg/l;OW;Oppervlaktewater;CONCTTE;(massa)Concentratie;NVT;Niet van toepassing;MAX;Maximum
6370;parathion-ethyl;56-38-2;C2yprton;Milieu;Sediment;Sediment MTR (droge stof);0,4;µg/kg;BS;Bodem/Sediment;MASSFTE;Massafractie;dg;t.o.v. drooggewicht;;
6371;parathion-ethyl;56-38-2;C2yprton;Milieu;Oppervlaktewater zoet;log Kp l/kg (zwevend stof);2,24;;OW;Oppervlaktewater;NVT;Niet van toepassing;NVT;Niet van toepassing;NVT;Niet van toepassing
6372;parathion-ethyl;56-38-2;C2yprton;Milieu;Oppervlaktewater zoet;Landoppervlaktewateren wettelijk JG-MKN (totaal);0,005;µg/l;OW;Oppervlaktewater;CONCTTE;(massa)Concentratie;NVT;Niet van toepassing;JGM;Jaargemiddelde
6373;parathion-ethyl;56-38-2;C2yprton;Milieu;Oppervlaktewater zoet;Landoppervlaktewateren JG-MKN (opgelost);0,005;µg/l;OW;Oppervlaktewater;CONCTTE;(massa)Concentratie;nf;na filtratie (opgeloste fractie);JGM;Jaargemiddelde
6387;parathion-methyl;298-00-0;C1yprton;Milieu;Sediment;Sediment MTR (droge stof);1;µg/kg;BS;Bodem/Sediment;MASSFTE;Massafractie;dg;t.o.v. drooggewicht;;
6388;parathion-methyl;298-00-0;C1yprton;Milieu;Oppervlaktewater zoet;log Kp l/kg (zwevend stof);2,24;;OW;Oppervlaktewater;NVT;Niet van toepassing;NVT;Niet van toepassing;NVT;Niet van toepassing
6389;parathion-methyl;298-00-0;C1yprton;Milieu;Oppervlaktewater zoet;Landoppervlaktewateren wettelijk JG-MKN (totaal);11;ng/l;OW;Oppervlaktewater;CONCTTE;(massa)Concentratie;NVT;Niet van toepassing;JGM;Jaargemiddelde
6390;parathion-methyl;298-00-0;C1yprton;Milieu;Oppervlaktewater zoet;Landoppervlaktewateren JG-MKN (opgelost);11;ng/l;OW;Oppervlaktewater;CONCTTE;(massa)Concentratie;nf;na filtratie (opgeloste fractie);JGM;Jaargemiddelde
6395;PCB 101 (ZZS);37680-73-2;PCB101;Milieu;Sediment;Sediment MTR (droge stof);0,004;mg/kg;BS;Bodem/Sediment;MASSFTE;Massafractie;dg;t.o.v. drooggewicht;;
6420;PCB 118 (ZZS);31508-00-6;PCB118;Milieu;Sediment;Sediment MTR (droge stof);0,004;mg/kg;BS;Bodem/Sediment;MASSFTE;Massafractie;dg;t.o.v. drooggewicht;;
6447;PCB 138 (ZZS);35065-28-2;PCB138;Milieu;Sediment;Sediment MTR (droge stof);0,004;mg/kg;BS;Bodem/Sediment;MASSFTE;Massafractie;dg;t.o.v. drooggewicht;;
6473;PCB 153 (ZZS);35065-27-1;PCB153;Milieu;Sediment;Sediment MTR (droge stof);0,004;mg/kg;BS;Bodem/Sediment;MASSFTE;Massafractie;dg;t.o.v. drooggewicht;;
6499;PCB 180 (ZZS);35065-29-3;PCB180;Milieu;Sediment;Sediment MTR (droge stof);0,004;mg/kg;BS;Bodem/Sediment;MASSFTE;Massafractie;dg;t.o.v. drooggewicht;;
6525;PCB 28 (ZZS);7012-37-5;PCB28;Milieu;Sediment;Sediment MTR (droge stof);0,004;mg/kg;BS;Bodem/Sediment;MASSFTE;Massafractie;dg;t.o.v. drooggewicht;;
6551;PCB 52 (ZZS);35693-99-3;PCB52;Milieu;Sediment;Sediment MTR (droge stof);0,004;mg/kg;BS;Bodem/Sediment;MASSFTE;Massafractie;dg;t.o.v. drooggewicht;;
6576;penconazool;66246-88-6;pencnzl;Milieu;Oppervlaktewater zoet;Landoppervlaktewateren MTR (totaal);1,7;µg/l;OW;Oppervlaktewater;CONCTTE;(massa)Concentratie;NVT;Niet van toepassing;P90;90-Percentiel
6577;penconazool;66246-88-6;pencnzl;Milieu;Oppervlaktewater zoet;Landoppervlaktewateren MTR (opgelost);1,7;µg/l;OW;Oppervlaktewater;CONCTTE;(massa)Concentratie;nf;na filtratie (opgeloste fractie);P90;90-Percentiel
6578;penconazool;66246-88-6;pencnzl;Milieu;Sediment;Sediment MTR (droge stof);170;µg/kg;BS;Bodem/Sediment;MASSFTE;Massafractie;dg;t.o.v. drooggewicht;;
6579;penconazool;66246-88-6;pencnzl;Milieu;Oppervlaktewater zoet;log Kp l/kg (zwevend stof);2,3;;OW;Oppervlaktewater;NVT;Niet van toepassing;NVT;Niet van toepassing;NVT;Niet van toepassing
6580;pencycuron;66063-05-6;penccrn;Milieu;Oppervlaktewater zoet;Landoppervlaktewateren Indicatief MTR (opgelost);2,7;µg/l;OW;Oppervlaktewater;CONCTTE;(massa)Concentratie;nf;na filtratie (opgeloste fractie);P90;90-Percentiel
6583;pendimethaline;40487-42-1;pendmtln;Milieu;Oppervlaktewater zoet;Landoppervlaktewateren Indicatief JG-MKN (opgelost);0,018;µg/l;OW;Oppervlaktewater;CONCTTE;(massa)Concentratie;nf;na filtratie (opgeloste fractie);JGM;Jaargemiddelde
6584;pendimethaline;40487-42-1;pendmtln;Milieu;Oppervlaktewater zoet;Landoppervlaktewateren Indicatief MAC-MKN (opgelost);0,024;µg/l;OW;Oppervlaktewater;CONCTTE;(massa)Concentratie;nf;na filtratie (opgeloste fractie);MAX;Maximum
6585;pendimethaline;40487-42-1;pendmtln;Milieu;Oppervlaktewater zout;Andere oppervlaktewateren Indicatief JG-MKN (opgelost);1,8E-03;µg/l;OW;Oppervlaktewater;CONCTTE;(massa)Concentratie;nf;na filtratie (opgeloste fractie);JGM;Jaargemiddelde
6586;pendimethaline;40487-42-1;pendmtln;Milieu;Oppervlaktewater zout;Andere oppervlaktewateren Indicatief MAC-MKN (opgelost);2,4E-03;µg/l;OW;Oppervlaktewateren;CONCTTE;(massa)Concentratie;nf;na filtratie (opgeloste fractie);MAX;Maximum
6592;pentabroomdifenylether (ZZS);32534-81-9;;Milieu;Oppervlaktewater zoet;Landoppervlaktewateren wettelijk JG-MKN (totaal);0,5;ng/l;OW;Oppervlaktewater;CONCTTE;(massa)Concentratie;NVT;Niet van toepassing;JGM;Jaargemiddelde
6593;pentabroomdifenylether (ZZS);32534-81-9;;Milieu;Oppervlaktewater zout;Andere oppervlaktewateren wettelijk JG-MKN (totaal);0,2;ng/l;OW;Oppervlaktewater;CONCTTE;(massa)Concentratie;NVT;Niet van toepassing;JGM;Jaargemiddelde
6594;pentabroomdifenylether (ZZS);32534-81-9;;Milieu;Oppervlaktewater zoet;Landoppervlaktewateren wettelijk MAC-MKN (totaal);0,14;µg/l;OW;Oppervlaktewater;CONCTTE;(massa)Concentratie;NVT;Niet van toepassing;MAX;Maximum
6595;pentabroomdifenylether (ZZS);32534-81-9;;Milieu;Oppervlaktewater zout;Andere oppervlaktewateren wettelijk MAC-MKN (totaal);0,014;µg/l;OW;Oppervlaktewater;CONCTTE;(massa)Concentratie;NVT;Niet van toepassing;MAX;Maximum
6597;pentabroomdifenylether (ZZS);32534-81-9;;Milieu;Oppervlaktewater zoet;log Kp l/kg (zwevend stof);4,82;;OW;Oppervlaktewater;NVT;Niet van toepassing;NVT;Niet van toepassing;NVT;Niet van toepassing
6599;pentabroomethylbenzeen (ZZS);85-22-3;2345PeBrC2y;Milieu;Oppervlaktewater zoet;Landoppervlaktewateren Indicatief MTR (opgelost);1,95E-04;µg/l;OW;Oppervlaktewater;CONCTTE;(massa)Concentratie;nf;na filtratie (opgeloste fractie);P90;90-Percentiel
6603;pentachlooraniline;527-20-8;PeClAn;Milieu;Grondwater;Grondwater indicatief niveau voor ernstige verontreiniging (opgelost);1;µg/l;GW;Grondwater;CONCTTE;(massa)Concentratie;nf;na filtratie;Nee;
6604;pentachlooraniline;527-20-8;PeClAn;Milieu;Oppervlaktewater zoet;Landoppervlaktewateren MTR (totaal);0,1;µg/l;OW;Oppervlaktewater;CONCTTE;(massa)Concentratie;NVT;Niet van toepassing;P90;90-Percentiel
6605;pentachlooraniline;527-20-8;PeClAn;Milieu;Oppervlaktewater zoet;Landoppervlaktewateren MTR (opgelost);0,1;µg/l;OW;Oppervlaktewater;CONCTTE;(massa)Concentratie;nf;na filtratie (opgeloste fractie);P90;90-Percentiel
6606;pentachlooraniline;527-20-8;PeClAn;Milieu;Sediment;Sediment MTR (droge stof);60;µg/kg;BS;Bodem/Sediment;MASSFTE;Massafractie;dg;t.o.v. drooggewicht;;
6607;pentachlooraniline;527-20-8;PeClAn;Milieu;Oppervlaktewater zoet;log Kp l/kg (zwevend stof);3,07;;OW;Oppervlaktewater;NVT;Niet van toepassing;NVT;Niet van toepassing;NVT;Niet van toepassing
6631;pentachlooranisol (ZZS);1825-21-4;PeClansl;Milieu;Oppervlaktewater zoet;Landoppervlaktewateren Indicatief MTR (opgelost);9,49E-03;µg/l;OW;Oppervlaktewater;CONCTTE;(massa)Concentratie;nf;na filtratie (opgeloste fractie);P90;90-Percentiel
6635;pentachloorbenzeen (ZZS);608-93-5;PeClBen;Milieu;Grondwater;Signaleringsparameter  beoordeling grondwatersanering (opgelost);1;µg/l;GW;Grondwater;CONCTTE;(massa)Concentratie;nf;na filtratie;Nee;
6636;pentachloorbenzeen (ZZS);608-93-5;PeClBen;Milieu;Oppervlaktewater zoet;Landoppervlaktewateren wettelijk JG-MKN (totaal);0,007;µg/l;OW;Oppervlaktewater;CONCTTE;(massa)Concentratie;NVT;Niet van toepassing;JGM;Jaargemiddelde
6637;pentachloorbenzeen (ZZS);608-93-5;PeClBen;Milieu;Oppervlaktewater zout;Andere oppervlaktewateren wettelijk JG-MKN (totaal);0,0007;µg/l;OW;Oppervlaktewater;CONCTTE;(massa)Concentratie;NVT;Niet van toepassing;JGM;Jaargemiddelde
6640;pentachloorbenzeen (ZZS);608-93-5;PeClBen;Milieu;Sediment;Sediment MTR (droge stof);0,1;mg/kg;BS;Bodem/Sediment;MASSFTE;Massafractie;dg;t.o.v. drooggewicht;;
6642;pentachloorbenzeen (ZZS);608-93-5;PeClBen;Milieu;Oppervlaktewater zoet;log Kp l/kg (zwevend stof);2,9;;OW;Oppervlaktewater;NVT;Niet van toepassing;NVT;Niet van toepassing;NVT;Niet van toepassing
6643;pentachloorbenzeen (ZZS);608-93-5;PeClBen;Milieu;Grondwater;Standaardwaarden grondwater (inclusief AC) (opgelost);0,003;µg/l;GW;Grondwater;CONCTTE;(massa)Concentratie;nf;na filtratie;Nee;
6668;pentachloorbenzeenthiol (ZZS);133-49-3;PeClBentol;Milieu;Oppervlaktewater zoet;Landoppervlaktewateren Indicatief MTR (opgelost);1,17E-03;µg/l;OW;Oppervlaktewater;CONCTTE;(massa)Concentratie;nf;na filtratie (opgeloste fractie);P90;90-Percentiel
6671;pentachloorethaan (ZZS);76-01-7;PeClC2a;Milieu;Oppervlaktewater zoet;Landoppervlaktewateren MTR (totaal);230;µg/l;OW;Oppervlaktewater;CONCTTE;(massa)Concentratie;NVT;Niet van toepassing;P90;90-Percentiel
6672;pentachloorethaan (ZZS);76-01-7;PeClC2a;Milieu;Oppervlaktewater zoet;Landoppervlaktewateren MTR (opgelost);230;µg/l;OW;Oppervlaktewater;CONCTTE;(massa)Concentratie;nf;na filtratie (opgeloste fractie);P90;90-Percentiel
6673;pentachloorethaan (ZZS);76-01-7;PeClC2a;Milieu;Sediment;Sediment MTR (droge stof);49;mg/kg;BS;Bodem/Sediment;MASSFTE;Massafractie;dg;t.o.v. drooggewicht;;
6675;pentachloorethaan (ZZS);76-01-7;PeClC2a;Milieu;Oppervlaktewater zoet;log Kp l/kg (zwevend stof);2,7;;OW;Oppervlaktewater;NVT;Niet van toepassing;NVT;Niet van toepassing;NVT;Niet van toepassing
6677;pentachloorfenol (ZZS);87-86-5;PeClFol;Milieu;Grondwater;Signaleringsparameter  beoordeling grondwatersanering (opgelost);3;µg/l;GW;Grondwater;CONCTTE;(massa)Concentratie;nf;na filtratie;Nee;
6678;pentachloorfenol (ZZS);87-86-5;PeClFol;Milieu;Oppervlaktewater zoet;Landoppervlaktewateren wettelijk JG-MKN (totaal);0,4;µg/l;OW;Oppervlaktewater;CONCTTE;(massa)Concentratie;NVT;Niet van toepassing;JGM;Jaargemiddelde
6679;pentachloorfenol (ZZS);87-86-5;PeClFol;Milieu;Oppervlaktewater zout;Andere oppervlaktewateren wettelijk JG-MKN (totaal);0,4;µg/l;OW;Oppervlaktewater;CONCTTE;(massa)Concentratie;NVT;Niet van toepassing;JGM;Jaargemiddelde
6680;pentachloorfenol (ZZS);87-86-5;PeClFol;Milieu;Oppervlaktewater zoet;Landoppervlaktewateren wettelijk MAC-MKN (totaal);1;µg/l;OW;Oppervlaktewater;CONCTTE;(massa)Concentratie;NVT;Niet van toepassing;MAX;Maximum
6681;pentachloorfenol (ZZS);87-86-5;PeClFol;Milieu;Oppervlaktewater zout;Andere oppervlaktewateren wettelijk MAC-MKN (totaal);1;µg/l;OW;Oppervlaktewater;CONCTTE;(massa)Concentratie;NVT;Niet van toepassing;MAX;Maximum
6682;pentachloorfenol (ZZS);87-86-5;PeClFol;Milieu;Sediment;Sediment MTR (droge stof);0,3;mg/kg;BS;Bodem/Sediment;MASSFTE;Massafractie;dg;t.o.v. drooggewicht;;
6684;pentachloorfenol (ZZS);87-86-5;PeClFol;Milieu;Oppervlaktewater zoet;log Kp l/kg (zwevend stof);2,23;;OW;Oppervlaktewater;NVT;Niet van toepassing;NVT;Niet van toepassing;NVT;Niet van toepassing
6685;pentachloorfenol (ZZS);87-86-5;PeClFol;Milieu;Grondwater;Standaardwaarden grondwater (inclusief AC) (opgelost);0,04;µg/l;GW;Grondwater;CONCTTE;(massa)Concentratie;nf;na filtratie;Nee;
6710;pentachloornaftaleen (ZZS);1321-64-8;PeClNaf;Milieu;Oppervlaktewater zoet;Landoppervlaktewateren Indicatief MTR (opgelost);2,80E-04;µg/l;OW;Oppervlaktewater;CONCTTE;(massa)Concentratie;nf;na filtratie (opgeloste fractie);P90;90-Percentiel
6712;pentaethylenehexamine;4067-16-7;PeC2yHxAe;Milieu;Oppervlaktewater zoet;Landoppervlaktewateren Indicatief MTR (opgelost);0,7;µg/l;OW;Oppervlaktewater;CONCTTE;(massa)Concentratie;nf;na filtratie (opgeloste fractie);P90;90-Percentiel
6728;perfluoroctaansulfonzuur (ZZS);1763-23-1;PFOS;Milieu;Oppervlaktewater zoet;Landoppervlaktewateren wettelijk JG-MKN (totaal);6,5E-04;µg/l;OW;Oppervlaktewater;CONCTTE;(massa)Concentratie;NVT;Niet van toepassing;JGM;Jaargemiddelde
6729;perfluoroctaansulfonzuur (ZZS);1763-23-1;PFOS;Milieu;Oppervlaktewater zoet;Landoppervlaktewateren wettelijk MAC-MKN (totaal);36;µg/l;OW;Oppervlaktewater;CONCTTE;(massa)Concentratie;NVT;Niet van toepassing;MAX;Maximum
6730;perfluoroctaansulfonzuur (ZZS);1763-23-1;PFOS;Milieu;Oppervlaktewater zout;Andere oppervlaktewateren wettelijk JG-MKN (totaal);1,3E-04;µg/l;OW;Oppervlaktewater;CONCTTE;(massa)Concentratie;NVT;Niet van toepassing;JGM;Jaargemiddelde
6731;perfluoroctaansulfonzuur (ZZS);1763-23-1;PFOS;Milieu;Oppervlaktewater zout;Andere oppervlaktewateren MAC-MKN (totaal);7,2;µg/l;OW;Oppervlaktewater;CONCTTE;(massa)Concentratie;NVT;Niet van toepassing;MAX;Maximum
6733;permethrin;52645-53-1;permtn;Milieu;Oppervlaktewater zoet;Landoppervlaktewateren MTR (totaal);0,3;ng/l;OW;Oppervlaktewater;CONCTTE;(massa)Concentratie;NVT;Niet van toepassing;P90;90-Percentiel
6734;permethrin;52645-53-1;permtn;Milieu;Oppervlaktewater zoet;Landoppervlaktewateren MTR (opgelost);0,2;ng/l;OW;Oppervlaktewater;CONCTTE;(massa)Concentratie;nf;na filtratie (opgeloste fractie);P90;90-Percentiel
6735;permethrin;52645-53-1;permtn;Milieu;Sediment;Sediment MTR (droge stof);0,9;µg/kg;BS;Bodem/Sediment;MASSFTE;Massafractie;dg;t.o.v. drooggewicht;;
6736;permethrin;52645-53-1;permtn;Milieu;Oppervlaktewater zoet;log Kp l/kg (zwevend stof);3,94;;OW;Oppervlaktewater;NVT;Niet van toepassing;NVT;Niet van toepassing;NVT;Niet van toepassing
6738;picolinafen (ZZS);137641-05-5;piclnfn;Milieu;Oppervlaktewater zoet;Landoppervlaktewateren Indicatief MTR (opgelost);0,09;µg/l;OW;Oppervlaktewater;CONCTTE;(massa)Concentratie;nf;na filtratie (opgeloste fractie);P90;90-Percentiel
6739;picoxystrobin (ZZS);117428-22-5;picxsbn;Milieu;Oppervlaktewater zoet;Landoppervlaktewateren Indicatief MTR (opgelost);0,025;µg/l;OW;Oppervlaktewater;CONCTTE;(massa)Concentratie;nf;na filtratie (opgeloste fractie);P90;90-Percentiel
6740;picoxystrobin (ZZS);117428-22-5;picxsbn;Milieu;Sediment;Sediment Indicatief MTR (droge stof);1;µg/kg;BS;Bodem/Sediment;MASSFTE;Massafractie;dg;t.o.v. drooggewicht;;
6744;piperazine;110-85-0;DC2yeDAe;Milieu;Oppervlaktewater zoet;Landoppervlaktewateren Indicatief MTR (opgelost);1,3;mg/l;OW;Oppervlaktewater;CONCTTE;(massa)Concentratie;nf;na filtratie (opgeloste fractie);P90;90-Percentiel
6748;piperonyl-butoxide;51-03-6;piprnbO;Milieu;Oppervlaktewater zoet;Landoppervlaktewateren Indicatief MTR (opgelost);0,000083;µg/l;OW;Oppervlaktewater;CONCTTE;(massa)Concentratie;nf;na filtratie (opgeloste fractie);P90;90-Percentiel
6749;piperonyl-butoxide;51-03-6;piprnbO;Milieu;Sediment;Sediment Indicatief MTR (droge stof);0,39;µg/kg;BS;Bodem/Sediment;MASSFTE;Massafractie;dg;t.o.v. drooggewicht;;
6752;pirimicarb;23103-98-2;pirmcb;Milieu;Sediment;Sediment MTR (droge stof);2;µg/kg;BS;Bodem/Sediment;MASSFTE;Massafractie;dg;t.o.v. drooggewicht;;
6753;pirimicarb;23103-98-2;pirmcb;Milieu;Oppervlaktewater zoet;log Kp l/kg (zwevend stof);1,69;;OW;Oppervlaktewater;NVT;Niet van toepassing;NVT;Niet van toepassing;NVT;Niet van toepassing
6754;pirimicarb;23103-98-2;pirmcb;Milieu;Oppervlaktewater zoet;Landoppervlaktewateren wettelijk MAC-MKN (totaal);1,8;µg/l;OW;Oppervlaktewater;CONCTTE;(massa)Concentratie;NVT;Niet van toepassing;MAX;Maximum
6755;pirimicarb;23103-98-2;pirmcb;Milieu;Oppervlaktewater zoet;Landoppervlaktewateren wettelijk JG-MKN (totaal);0,09;µg/l;OW;Oppervlaktewater;CONCTTE;(massa)Concentratie;NVT;Niet van toepassing;JGM;Jaargemiddelde
6758;pirimicarb;23103-98-2;pirmcb;Milieu;Oppervlaktewater zoet;Landoppervlaktewateren JG-MKN (opgelost);0,09;µg/l;OW;Oppervlaktewater;CONCTTE;(massa)Concentratie;nf;na filtratie (opgeloste fractie);JGM;Jaargemiddelde
6759;pirimicarb;23103-98-2;pirmcb;Milieu;Oppervlaktewater zoet;Landoppervlaktewateren MAC-MKN (opgelost);1,8;µg/l;OW;Oppervlaktewater;CONCTTE;(massa)Concentratie;nf;na filtratie (opgeloste fractie);MAX;Maximum
6760;pirimicarb-desmethyl;30614-22-3;pirmcdC1y;Milieu;Oppervlaktewater zoet;Landoppervlaktewateren Indicatief MTR (opgelost);430;µg/l;OW;Oppervlaktewater;CONCTTE;(massa)Concentratie;nf;na filtratie (opgeloste fractie);P90;90-Percentiel
6761;pirimifos-ethyl;23505-41-1;C2yprmfs;Milieu;Oppervlaktewater zoet;Landoppervlaktewateren Indicatief MTR (opgelost);0,02;µg/l;OW;Oppervlaktewater;CONCTTE;(massa)Concentratie;nf;na filtratie (opgeloste fractie);P90;90-Percentiel
6762;pirimifos-methyl;29232-93-7;C1yprmfs;Milieu;Oppervlaktewater zoet;Landoppervlaktewateren wettelijk JG-MKN (totaal);0,0005;µg/l;OW;Oppervlaktewater;CONCTTE;(massa)Concentratie;NVT;Niet van toepassing;JGM;Jaargemiddelde
6764;pirimifos-methyl;29232-93-7;C1yprmfs;Milieu;Oppervlaktewater zoet;Landoppervlaktewateren wettelijk MAC-MKN (totaal);0,0016;µg/l;OW;Oppervlaktewater;CONCTTE;(massa)Concentratie;NVT;Niet van toepassing;MAX;Maximum
6767;pirimifos-methyl;29232-93-7;C1yprmfs;Milieu;Oppervlaktewater zoet;log Kp l/kg (zwevend stof);2,07;;OW;Oppervlaktewater;NVT;Niet van toepassing;NVT;Niet van toepassing;NVT;Niet van toepassing
6768;pirimifos-methyl;29232-93-7;C1yprmfs;Milieu;Oppervlaktewater zoet;Landoppervlaktewateren JG-MKN (opgelost);0,0005;µg/l;OW;Oppervlaktewater;CONCTTE;(massa)Concentratie;nf;na filtratie (opgeloste fractie);JGM;Jaargemiddelde
6769;pirimifos-methyl;29232-93-7;C1yprmfs;Milieu;Oppervlaktewater zoet;Landoppervlaktewateren MAC-MKN (opgelost);0,0016;µg/l;OW;Oppervlaktewater;CONCTTE;(massa)Concentratie;nf;na filtratie (opgeloste fractie);MAX;Maximum
6771;platina;7440-06-4;Pt;Milieu;Oppervlaktewater zoet;Landoppervlaktewateren Indicatief MTR;0,3;µg/l;OW;Oppervlaktewater;CONCTTE;(massa)Concentratie;nf;na filtratie (opgeloste fractie);P90;90-Percentiel
6772;plifenaat;21757-82-4;plifnt;Milieu;Oppervlaktewater zoet;Landoppervlaktewateren Indicatief MTR (opgelost);0,00049;µg/l;OW;Oppervlaktewater;CONCTTE;(massa)Concentratie;nf;na filtratie (opgeloste fractie);P90;90-Percentiel
6773;p-nonylfenol (ZZS);104-40-5;4C9yFol;Milieu;Oppervlaktewater zoet;Landoppervlaktewateren wettelijk JG-MKN (totaal);0,3;µg/l;OW;Oppervlaktewater;CONCTTE;(massa)Concentratie;NVT;Niet van toepassing;JGM;Jaargemiddelde
6774;p-nonylfenol (ZZS);104-40-5;4C9yFol;Milieu;Oppervlaktewater zout;Andere oppervlaktewateren wettelijk JG-MKN (totaal);0,3;µg/l;OW;Oppervlaktewater;CONCTTE;(massa)Concentratie;NVT;Niet van toepassing;JGM;Jaargemiddelde
6775;p-nonylfenol (ZZS);104-40-5;4C9yFol;Milieu;Oppervlaktewater zoet;Landoppervlaktewateren wettelijk MAC-MKN (totaal);2,0;µg/l;OW;Oppervlaktewater;CONCTTE;(massa)Concentratie;NVT;Niet van toepassing;MAX;Maximum
6776;p-nonylfenol (ZZS);104-40-5;4C9yFol;Milieu;Oppervlaktewater zout;Andere oppervlaktewateren wettelijk MAC-MKN (totaal);2,0;µg/l;OW;Oppervlaktewater;CONCTTE;(massa)Concentratie;NVT;Niet van toepassing;MAX;Maximum
6777;p-nonylfenol (ZZS);104-40-5;4C9yFol;Milieu;Sediment;Sediment Indicatief MTR (droge stof);106;µg/kg;BS;Bodem/Sediment;MASSFTE;Massafractie;dg;t.o.v. drooggewicht;;
6780;p-octylfenol;1806-26-4;4C8yFol;Milieu;Oppervlaktewater zoet;Landoppervlaktewateren wettelijk JG-MKN (totaal);0,1;µg/l;OW;Oppervlaktewater;CONCTTE;(massa)Concentratie;NVT;Niet van toepassing;JGM;Jaargemiddelde
6782;p-octylfenol;1806-26-4;4C8yFol;Milieu;Oppervlaktewater zout;Andere oppervlaktewateren wettelijk JG-MKN (totaal);0,01;µg/l;OW;Oppervlaktewater;CONCTTE;(massa)Concentratie;NVT;Niet van toepassing;JGM;Jaargemiddelde
6784;polyalcoholen;68439-50-9;geetxldC1214;Milieu;Oppervlaktewater zoet;Landoppervlaktewateren Indicatief MTR (opgelost);0,0009;µg/l;OW;Oppervlaktewater;CONCTTE;(massa)Concentratie;nf;na filtratie (opgeloste fractie);P90;90-Percentiel
6785;polyalcoholen;68439-50-9;geetxldC1214;Milieu;Sediment;Sediment Indicatief MTR (droge stof);5,30;µg/kg;BS;Bodem/Sediment;MASSFTE;Massafractie;dg;t.o.v. drooggewicht;;
6788;polychloorbifenylen (ZZS);1336-36-3;;Milieu;Grondwater;Signaleringsparameter  beoordeling grondwatersanering (opgelost);0,01;µg/l;GW;Grondwater;CONCTTE;(massa)Concentratie;nf;na filtratie;Nee;
6790;polychloorbifenylen (ZZS);1336-36-3;;Milieu;Grondwater;Standaardwaarden grondwater (inclusief AC) (opgelost);0,01;µg/l;GW;Grondwater;CONCTTE;(massa)Concentratie;nf;na filtratie;Nee;
6816;polyethyleen polypropyleenglycol;9038-95-3;plC2yeplC3ye;Milieu;Oppervlaktewater zoet;Landoppervlaktewateren Indicatief MTR (opgelost);8,2;µg/l;OW;Oppervlaktewater;CONCTTE;(massa)Concentratie;nf;na filtratie (opgeloste fractie);P90;90-Percentiel
6817;polyethyleen polypropyleenglycol;9038-95-3;plC2yeplC3ye;Milieu;Sediment;Sediment Indicatief MTR (droge stof);58;µg/kg;BS;Bodem/Sediment;MASSFTE;Massafractie;dg;t.o.v. drooggewicht;;
6819;polymaleïnezuur;26099-09-2;polmlinzr;Milieu;Oppervlaktewater zoet;Landoppervlaktewateren Indicatief MTR (opgelost);304;µg/l;OW;Oppervlaktewater;CONCTTE;(massa)Concentratie;nf;na filtratie (opgeloste fractie);P90;90-Percentiel
6823;praseodymium;7440-10-0;Pr;Milieu;Oppervlaktewater zout;Andere oppervlaktewateren achtergrondconcentratie (opgelost);0,08;µg/l;OW;Oppervlaktewater;CONCTTE;(massa)Concentratie;nf;na filtratie (opgeloste fractie);NVT;Niet van toepassing
6824;praseodymium;7440-10-0;Pr;Milieu;Oppervlaktewater zoet;Landoppervlaktewateren MTR (totaal);190;µg/l;OW;Oppervlaktewater;CONCTTE;(massa)Concentratie;NVT;Niet van toepassing;P90;90-Percentiel
6825;praseodymium;7440-10-0;Pr;Milieu;Oppervlaktewater zout;Andere oppervlaktewateren MTR (totaal);20;µg/l;OW;Oppervlaktewater;CONCTTE;(massa)Concentratie;NVT;Niet van toepassing;P90;90-Percentiel
6826;praseodymium;7440-10-0;Pr;Milieu;Oppervlaktewater zoet;Landoppervlaktewateren MTR (opgelost);9;µg/l;OW;Oppervlaktewater;CONCTTE;(massa)Concentratie;nf;na filtratie (opgeloste fractie);P90;90-Percentiel
6827;praseodymium;7440-10-0;Pr;Milieu;Oppervlaktewater zout;Andere oppervlaktewateren MTR (opgelost);1;µg/l;OW;Oppervlaktewater;CONCTTE;(massa)Concentratie;nf;na filtratie (opgeloste fractie);P90;90-Percentiel
6828;praseodymium;7440-10-0;Pr;Milieu;Sediment;Sediment landelijke achtergrondconcentratie (droge stof);8;mg/kg;BS;Bodem/Sediment;MASSFTE;Massafractie;dg;t.o.v. drooggewicht;;
6829;praseodymium;7440-10-0;Pr;Milieu;Sediment;Sediment landelijke achtergrondconcentratie, andere oppervlaktewateren (droge stof);10;mg/kg;BS;Bodem/Sediment;MASSFTE;Massafractie;dg;t.o.v. drooggewicht;;
6830;praseodymium;7440-10-0;Pr;Milieu;Sediment;Sediment MTR (droge stof);5800;mg/kg;BS;Bodem/Sediment;MASSFTE;Massafractie;dg;t.o.v. drooggewicht;;
6831;praseodymium;7440-10-0;Pr;Milieu;Sediment;Sediment MTR andere oppervlaktewateren (droge stof);600;mg/kg;BS;Bodem/Sediment;MASSFTE;Massafractie;dg;t.o.v. drooggewicht;;
6832;praseodymium;7440-10-0;Pr;Milieu;Oppervlaktewater zoet;log Kp l/kg (zwevend stof);5,81;;OW;Oppervlaktewater;NVT;Niet van toepassing;NVT;Niet van toepassing;NVT;Niet van toepassing
6833;praseodymium;7440-10-0;Pr;Milieu;Oppervlaktewater zout;Andere oppervlaktewateren achtergrondconcentratie (totaal);1,6;µg/l;OW;Oppervlaktewater;CONCTTE;(massa)Concentratie;NVT;Niet van toepassing;NVT;Niet van toepassing
6835;prochloraz;67747-09-5;proClaz;Milieu;Oppervlaktewater zoet;Landoppervlaktewateren Indicatief MTR (opgelost);1,3;µg/l;OW;Oppervlaktewater;CONCTTE;(massa)Concentratie;nf;na filtratie (opgeloste fractie);P90;90-Percentiel
6836;procymidon;32809-16-8;procmdn;Milieu;Oppervlaktewater zoet;Landoppervlaktewateren Indicatief MTR (opgelost);370;µg/l;OW;Oppervlaktewater;CONCTTE;(massa)Concentratie;nf;na filtratie (opgeloste fractie);P90;90-Percentiel
6838;profam;122-42-9;profm;Milieu;Oppervlaktewater zoet;Landoppervlaktewateren Indicatief MTR (opgelost);5;µg/l;OW;Oppervlaktewater;CONCTTE;(massa)Concentratie;nf;na filtratie (opgeloste fractie);P90;90-Percentiel
6839;profenofos;41198-08-7;profnfs;Milieu;Oppervlaktewater zoet;Landoppervlaktewateren Indicatief MTR (opgelost);3,3e-005;µg/l;OW;Oppervlaktewater;CONCTTE;(massa)Concentratie;nf;na filtratie (opgeloste fractie);P90;90-Percentiel
6840;prohexadione-calcium;127277-53-6;proHxDonCa;Milieu;Oppervlaktewater zoet;Landoppervlaktewateren Indicatief MTR (opgelost);1000;µg/l;OW;Oppervlaktewater;CONCTTE;(massa)Concentratie;nf;na filtratie (opgeloste fractie);P90;90-Percentiel
6841;prometon;1610-18-0;promtn;Milieu;Oppervlaktewater zoet;Landoppervlaktewateren Indicatief MTR (opgelost);0,049;µg/l;OW;Oppervlaktewater;CONCTTE;(massa)Concentratie;nf;na filtratie (opgeloste fractie);P90;90-Percentiel
6842;prometryn;7287-19-6;promtne;Milieu;Oppervlaktewater zoet;Landoppervlaktewateren Indicatief MTR (opgelost);0,2;µg/l;OW;Oppervlaktewater;CONCTTE;(massa)Concentratie;nf;na filtratie (opgeloste fractie);P90;90-Percentiel
6843;propachloor;1918-16-7;propCl;Milieu;Oppervlaktewater zoet;Landoppervlaktewateren MTR (totaal);1300;ng/l;OW;Oppervlaktewater;CONCTTE;(massa)Concentratie;NVT;Niet van toepassing;P90;90-Percentiel
6844;propachloor;1918-16-7;propCl;Milieu;Oppervlaktewater zoet;Landoppervlaktewateren MTR (opgelost);1300;ng/l;OW;Oppervlaktewater;CONCTTE;(massa)Concentratie;nf;na filtratie (opgeloste fractie);P90;90-Percentiel
6845;propachloor;1918-16-7;propCl;Milieu;Sediment;Sediment MTR (droge stof);6;µg/kg;BS;Bodem/Sediment;MASSFTE;Massafractie;dg;t.o.v. drooggewicht;;
6846;propachloor;1918-16-7;propCl;Milieu;Oppervlaktewater zoet;log Kp l/kg (zwevend stof);0,98;;OW;Oppervlaktewater;NVT;Niet van toepassing;NVT;Niet van toepassing;NVT;Niet van toepassing
6848;propamocarb;24579-73-5;propmcb;Milieu;Oppervlaktewater zoet;Landoppervlaktewateren Indicatief MTR (opgelost);595;µg/l;OW;Oppervlaktewater;CONCTTE;(massa)Concentratie;nf;na filtratie (opgeloste fractie);P90;90-Percentiel
6849;propamocarb hydrochloride;25606-41-1;propmcbHCl;Milieu;Oppervlaktewater zoet;Landoppervlaktewateren Indicatief MTR (opgelost);710;µg/l;OW;Oppervlaktewater;CONCTTE;(massa)Concentratie;nf;na filtratie (opgeloste fractie);P90;90-Percentiel
6850;propanil;709-98-8;propnl;Milieu;Oppervlaktewater zoet;Landoppervlaktewateren MTR (opgelost);0,07;µg/l;OW;Oppervlaktewater;CONCTTE;(massa)Concentratie;nf;na filtratie (opgeloste fractie);P90;90-Percentiel
6851;propazin;139-40-2;propzne;Milieu;Oppervlaktewater zoet;Landoppervlaktewateren Indicatief MTR (opgelost);2,4;µg/l;OW;Oppervlaktewater;CONCTTE;(massa)Concentratie;nf;na filtratie (opgeloste fractie);P90;90-Percentiel
6852;propetamfos;31218-83-4;proptfs;Milieu;Oppervlaktewater zoet;Landoppervlaktewateren Indicatief MTR (opgelost);0,001;µg/l;OW;Oppervlaktewater;CONCTTE;(massa)Concentratie;nf;na filtratie (opgeloste fractie);P90;90-Percentiel
6853;propineb;12071-83-9;propnb;Milieu;Oppervlaktewater zoet;Landoppervlaktewateren Indicatief MTR (opgelost);1,9;µg/l;OW;Oppervlaktewater;CONCTTE;(massa)Concentratie;nf;na filtratie (opgeloste fractie);P90;90-Percentiel
6861;propoxur;114-26-1;propxr;Milieu;Sediment;Sediment MTR (droge stof);0,01;µg/kg;BS;Bodem/Sediment;MASSFTE;Massafractie;dg;t.o.v. drooggewicht;;
6862;propoxur;114-26-1;propxr;Milieu;Oppervlaktewater zoet;log Kp l/kg (zwevend stof);0,42;;OW;Oppervlaktewater;NVT;Niet van toepassing;NVT;Niet van toepassing;NVT;Niet van toepassing
6863;propoxur;114-26-1;propxr;Milieu;Oppervlaktewater zoet;Landoppervlaktewateren wettelijk JG-MKN (totaal);0,01;µg/l;OW;Oppervlaktewater;CONCTTE;(massa)Concentratie;NVT;Niet van toepassing;JGM;Jaargemiddelde
6867;propoxycarbazon-natrium;181274-15-7;;Milieu;Oppervlaktewater zoet;Landoppervlaktewateren Indicatief MTR (opgelost);53;µg/l;OW;Oppervlaktewater;CONCTTE;(massa)Concentratie;nf;na filtratie (opgeloste fractie);P90;90-Percentiel
6868;propiconazool (ZZS);60207-90-1;propcnzl;Milieu;Oppervlaktewater zoet;Landoppervlaktewateren Indicatief MTR (opgelost);10;µg/l;OW;Oppervlaktewater;CONCTTE;(massa)Concentratie;nf;na filtratie (opgeloste fractie);P90;90-Percentiel
6869;propyleenglycol;57-55-6;12C3yegcl;Milieu;Oppervlaktewater zoet;Landoppervlaktewateren Indicatief MTR (opgelost);3,30E+02;µg/l;OW;Oppervlaktewater;CONCTTE;(massa)Concentratie;nf;na filtratie (opgeloste fractie);P90;90-Percentiel
6870;propyleenglycol;57-55-6;12C3yegcl;Milieu;Sediment;Sediment Indicatief MTR (droge stof);7,70E+02;µg/kg;BS;Bodem/Sediment;MASSFTE;Massafractie;dg;t.o.v. drooggewicht;;
6883;propyleenoxide (ZZS);75-56-9;C3yeO;Milieu;Oppervlaktewater zoet;Landoppervlaktewateren Indicatief MTR (opgelost);5,32E-01;µg/l;OW;Oppervlaktewater;CONCTTE;(massa)Concentratie;nf;na filtratie (opgeloste fractie);P90;90-Percentiel
6897;propyzamide;23950-58-5;propAd;Milieu;Oppervlaktewater zoet;Landoppervlaktewateren Indicatief MTR (opgelost);11;µg/l;OW;Oppervlaktewater;CONCTTE;(massa)Concentratie;nf;na filtratie (opgeloste fractie);P90;90-Percentiel
6898;prosulfocarb;52888-80-9;prosfcb;Milieu;Oppervlaktewater zoet;Landoppervlaktewateren JG-MKN (opgelost);0,55;µg/l;OW;Oppervlaktewater;CONCTTE;(massa)Concentratie;nf;na filtratie (opgeloste fractie);JGM;Jaargemiddelde
6899;prosulfuron (ZZS);94125-34-5;prosfrn;Milieu;Oppervlaktewater zoet;Landoppervlaktewateren Indicatief MTR (opgelost);0,0094;µg/l;OW;Oppervlaktewater;CONCTTE;(massa)Concentratie;nf;na filtratie (opgeloste fractie);P90;90-Percentiel
6900;prothiocarb;19622-08-3;protocb;Milieu;Oppervlaktewater zoet;Landoppervlaktewateren Indicatief MTR (opgelost);0,34;µg/l;OW;Oppervlaktewater;CONCTTE;(massa)Concentratie;nf;na filtratie (opgeloste fractie);P90;90-Percentiel
6901;prothioconazool;178928-70-6;protocnzl;Milieu;Oppervlaktewater zoet;Landoppervlaktewateren JG-MKN (opgelost);3,7;µg/l;OW;Oppervlaktewater;CONCTTE;(massa)Concentratie;nf;na filtratie (opgeloste fractie);JGM;Jaargemiddelde
6902;p-tolueensulfonamide;70-55-3;pTolsfAd;Milieu;Oppervlaktewater zoet;Landoppervlaktewateren Indicatief MTR (opgelost);270;µg/l;OW;Oppervlaktewater;CONCTTE;(massa)Concentratie;nf;na filtratie (opgeloste fractie);P90;90-Percentiel
6903;tolueensulfonamide;1333-07-9;TSA;Milieu;Oppervlaktewater zoet;Landoppervlaktewateren Indicatief MTR (opgelost);80;µg/l;OW;Oppervlaktewater;CONCTTE;(massa)Concentratie;nf;na filtratie (opgeloste fractie);P90;90-Percentiel
6904;p-toluïdine;106-49-0;4C1yAn;Milieu;Oppervlaktewater zoet;log Kp l/kg (zwevend stof);0,81;;OW;Oppervlaktewater;NVT;Niet van toepassing;NVT;Niet van toepassing;NVT;Niet van toepassing
6905;p-toluïdine;106-49-0;4C1yAn;Milieu;Oppervlaktewater zoet;Landoppervlaktewateren MTR (opgelost);10;µg/l;OW;Oppervlaktewater;CONCTTE;(massa)Concentratie;nf;na filtratie (opgeloste fractie);P90;90-Percentiel
6906;p-toluïdine;106-49-0;4C1yAn;Milieu;Oppervlaktewater zoet;Landoppervlaktewateren MTR (totaal);10;µg/l;OW;Oppervlaktewater;CONCTTE;(massa)Concentratie;NVT;Niet van toepassing;P90;90-Percentiel
6907;p-toluïdine;106-49-0;4C1yAn;Milieu;Sediment;Sediment MTR (droge stof);30;µg/kg;BS;Bodem/Sediment;MASSFTE;Massafractie;dg;t.o.v. drooggewicht;;
6913;p-xyleen;106-42-3;14xyln;Milieu;Oppervlaktewater zoet;Landoppervlaktewateren wettelijk JG-MKN (totaal);17;µg/l;OW;Oppervlaktewater;CONCTTE;(massa)Concentratie;NVT;Niet van toepassing;JGM;Jaargemiddelde
6914;p-xyleen;106-42-3;14xyln;Milieu;Oppervlaktewater zoet;Landoppervlaktewateren wettelijk MAC-MKN (totaal);244;µg/l;OW;Oppervlaktewater;CONCTTE;(massa)Concentratie;NVT;Niet van toepassing;MAX;Maximum
6915;p-xyleen;106-42-3;14xyln;Milieu;Oppervlaktewater zout;Andere oppervlaktewateren wettelijk JG-MKN (totaal);1,7;µg/l;OW;Oppervlaktewater;CONCTTE;(massa)Concentratie;NVT;Niet van toepassing;JGM;Jaargemiddelde
6916;p-xyleen;106-42-3;14xyln;Milieu;Oppervlaktewater zout;Andere oppervlaktewateren wettelijk MAC-MKN (totaal);49;µg/l;OW;Oppervlaktewater;CONCTTE;(massa)Concentratie;NVT;Niet van toepassing;MAX;Maximum
6917;p-xyleen;106-42-3;14xyln;Milieu;Oppervlaktewater zout;Andere oppervlaktewateren JG-MKN (opgelost);1,7;µg/l;OW;Oppervlaktewater;CONCTTE;(massa)Concentratie;nf;na filtratie (opgeloste fractie);JGM;Jaargemiddelde
6918;p-xyleen;106-42-3;14xyln;Milieu;Oppervlaktewater zout;Andere oppervlaktewateren MAC-MKN (opgelost);49;µg/l;OW;Oppervlaktewater;CONCTTE;(massa)Concentratie;nf;na filtratie (opgeloste fractie);MAX;Maximum
6919;p-xyleen;106-42-3;14xyln;Milieu;Oppervlaktewater zoet;Landoppervlaktewateren JG-MKN (opgelost);17;µg/l;OW;Oppervlaktewater;CONCTTE;(massa)Concentratie;nf;na filtratie (opgeloste fractie);JGM;Jaargemiddelde
6920;p-xyleen;106-42-3;14xyln;Milieu;Oppervlaktewater zoet;Landoppervlaktewateren MAC-MKN (opgelost);244;µg/l;OW;Oppervlaktewater;CONCTTE;(massa)Concentratie;nf;na filtratie (opgeloste fractie);MAX;Maximum
6921;pymetrozine;123312-89-0;pymtzne;Milieu;Oppervlaktewater zoet;Landoppervlaktewateren Indicatief MTR (opgelost);0,5;µg/l;OW;Oppervlaktewater;CONCTTE;(massa)Concentratie;nf;na filtratie (opgeloste fractie);P90;90-Percentiel
6922;pyracarbolide;24691-76-7;pyrcbld;Milieu;Oppervlaktewater zoet;Landoppervlaktewateren Indicatief MTR (opgelost);0,39;µg/l;OW;Oppervlaktewater;CONCTTE;(massa)Concentratie;nf;na filtratie (opgeloste fractie);P90;90-Percentiel
6923;pyraclostrobine;175013-18-0;pyrcsbn;Milieu;Oppervlaktewater zoet;Landoppervlaktewateren Indicatief MTR (opgelost);0,023;µg/l;OW;Oppervlaktewater;CONCTTE;(massa)Concentratie;nf;na filtratie (opgeloste fractie);P90;90-Percentiel
6926;pyrazofos;13457-18-6;pyrazfs;Milieu;Oppervlaktewater zoet;Landoppervlaktewateren MTR (totaal);40;ng/l;OW;Oppervlaktewater;CONCTTE;(massa)Concentratie;NVT;Niet van toepassing;P90;90-Percentiel
6927;pyrazofos;13457-18-6;pyrazfs;Milieu;Oppervlaktewater zoet;Landoppervlaktewateren MTR (opgelost);40;ng/l;OW;Oppervlaktewater;CONCTTE;(massa)Concentratie;nf;na filtratie (opgeloste fractie);P90;90-Percentiel
6928;pyrazofos;13457-18-6;pyrazfs;Milieu;Sediment;Sediment MTR (droge stof);2;µg/kg;BS;Bodem/Sediment;MASSFTE;Massafractie;dg;t.o.v. drooggewicht;;
6929;pyrazofos;13457-18-6;pyrazfs;Milieu;Oppervlaktewater zoet;log Kp l/kg (zwevend stof);2,09;;OW;Oppervlaktewater;NVT;Niet van toepassing;NVT;Niet van toepassing;NVT;Niet van toepassing
6930;pyreen (ZZS);129-00-0;Pyr;Milieu;Oppervlaktewater zoet;Landoppervlaktewateren JG-MKN (opgelost);0,023;µg/l;OW;Oppervlaktewater;CONCTTE;(massa)Concentratie;nf;na filtratie (opgeloste fractie);JGM;Jaargemiddelde
6931;pyreen (ZZS);129-00-0;Pyr;Milieu;Oppervlaktewater zoet;Landoppervlaktewateren MAC-MKN (opgelost);0,023;µg/l;OW;Oppervlaktewater;CONCTTE;(massa)Concentratie;nf;na filtratie (opgeloste fractie);MAX;Maximum
6932;pyreen (ZZS);129-00-0;Pyr;Milieu;Oppervlaktewater zout;Andere oppervlaktewateren JG-MKN (opgelost);0,023;µg/l;OW;Oppervlaktewater;CONCTTE;(massa)Concentratie;nf;na filtratie (opgeloste fractie);JGM;Jaargemiddelde
6933;pyreen (ZZS);129-00-0;Pyr;Milieu;Oppervlaktewater zout;Andere oppervlaktewateren MAC-MKN (opgelost);0,023;µg/l;OW;Oppervlaktewater;CONCTTE;(massa)Concentratie;nf;na filtratie (opgeloste fractie);MAX;Maximum
6934;pyreen (ZZS);129-00-0;Pyr;Milieu;Oppervlaktewater zoet;Landoppervlaktewateren JG-MKN (totaal);0,028;µg/l;OW;Oppervlaktewater;CONCTTE;(massa)Concentratie;NVT;Niet van toepassing;JGM;Jaargemiddelde
6935;pyreen (ZZS);129-00-0;Pyr;Milieu;Oppervlaktewater zoet;Landoppervlaktewateren MAC-MKN (totaal);0,028;µg/l;OW;Oppervlaktewater;CONCTTE;(massa)Concentratie;NVT;Niet van toepassing;MAX;Maximum
6936;pyreen (ZZS);129-00-0;Pyr;Milieu;Oppervlaktewater zout;Andere oppervlaktewateren JG-MKN (totaal);0,024;µg/l;OW;Oppervlaktewater;CONCTTE;(massa)Concentratie;NVT;Niet van toepassing;JGM;Jaargemiddelde
6937;pyreen (ZZS);129-00-0;Pyr;Milieu;Oppervlaktewater zout;Andere oppervlaktewateren MAC-MKN (totaal);0,024;µg/l;OW;Oppervlaktewater;CONCTTE;(massa)Concentratie;NVT;Niet van toepassing;MAX;Maximum
6939;pyrethrine;8003-34-7;pyrtnn;Milieu;Oppervlaktewater zoet;Landoppervlaktewateren JG-MKN (opgelost);0,0014;µg/l;OW;Oppervlaktewater;CONCTTE;(massa)Concentratie;nf;na filtratie (opgeloste fractie);JGM;Jaargemiddelde
6940;pyrethrine;8003-34-7;pyrtnn;Milieu;Oppervlaktewater zoet;Landoppervlaktewateren JG-MKN (totaal);0,0015;µg/l;OW;Oppervlaktewater;CONCTTE;(massa)Concentratie;NVT;Niet van toepassing;JGM;Jaargemiddelde
6941;pyrethrine;8003-34-7;pyrtnn;Milieu;Oppervlaktewater zoet;Landoppervlaktewateren MAC-MKN (opgelost);0,014;µg/l;OW;Oppervlaktewater;CONCTTE;(massa)Concentratie;nf;na filtratie (opgeloste fractie);MAX;Maximum
6942;pyrethrine;8003-34-7;pyrtnn;Milieu;Oppervlaktewater zoet;Landoppervlaktewateren MAC-MKN (totaal);0,015;µg/l;OW;Oppervlaktewater;CONCTTE;(massa)Concentratie;NVT;Niet van toepassing;MAX;Maximum
6943;pyrethrine;8003-34-7;pyrtnn;Milieu;Oppervlaktewater zout;Andere oppervlaktewateren Indicatief JG-MKN (opgelost);0,00014;µg/l;OW;Oppervlaktewater;CONCTTE;(massa)Concentratie;nf;na filtratie (opgeloste fractie);JGM;Jaargemiddelde
6944;pyrethrine;8003-34-7;pyrtnn;Milieu;Oppervlaktewater zout;Andere oppervlaktewateren Indicatief JG-MKN (totaal);0,00014;µg/l;OW;Oppervlaktewater;CONCTTE;(massa)Concentratie;NVT;Niet van toepassing;JGM;Jaargemiddelde
6945;pyrethrine;8003-34-7;pyrtnn;Milieu;Oppervlaktewater zout;Andere oppervlaktewateren Indicatief MAC-MKN (opgelost);0,0014;µg/l;OW;Oppervlaktewateren;CONCTTE;(massa)Concentratie;nf;na filtratie (opgeloste fractie);MAX;Maximum
6946;pyrethrine;8003-34-7;pyrtnn;Milieu;Oppervlaktewater zout;Andere oppervlaktewateren Indicatief MAC-MKN (totaal);0,0014;µg/l;OW;Oppervlaktewater;CONCTTE;(massa)Concentratie;NVT;Niet van toepassing;MAX;Maximum
6947;pyridaat;55512-33-9;pyrdt;Milieu;Oppervlaktewater zoet;Landoppervlaktewateren Indicatief MTR (opgelost);0,1;µg/l;OW;Oppervlaktewater;CONCTTE;(massa)Concentratie;nf;na filtratie (opgeloste fractie);P90;90-Percentiel
6948;pyridaben;96489-71-3;pyrdbn;Milieu;Oppervlaktewater zoet;Landoppervlaktewateren wettelijk JG-MKN (totaal);0,0017;µg/l;OW;Oppervlaktewater;CONCTTE;(massa)Concentratie;NVT;Niet van toepassing;JGM;Jaargemiddelde
6949;pyridaben;96489-71-3;pyrdbn;Milieu;Oppervlaktewater zout;Andere oppervlaktewateren wettelijk JG-MKN (totaal);0,00094;µg/l;OW;Oppervlaktewater;CONCTTE;(massa)Concentratie;NVT;Niet van toepassing;JGM;Jaargemiddelde
6950;pyridaben;96489-71-3;pyrdbn;Milieu;Oppervlaktewater zoet;Landoppervlaktewateren wettelijk MAC-MKN (totaal);0,0062;µg/l;OW;Oppervlaktewater;CONCTTE;(massa)Concentratie;NVT;Niet van toepassing;MAX;Maximum
6951;pyridaben;96489-71-3;pyrdbn;Milieu;Oppervlaktewater zout;Andere oppervlaktewateren wettelijk MAC-MKN (totaal);0,0012;µg/l;OW;Oppervlaktewater;CONCTTE;(massa)Concentratie;NVT;Niet van toepassing;MAX;Maximum
6952;pyridaben;96489-71-3;pyrdbn;Milieu;Sediment;Sediment MTR (standaard Sediment met 10% organisch materiaal);6,3E-1;µg/kg;BS;Bodem/Sediment;MASSFTE;Massafractie;dg;t.o.v. drooggewicht;;
6953;pyridaben;96489-71-3;pyrdbn;Milieu;Oppervlaktewater zoet;log Kp l/kg (zwevend stof);3,87;;OW;Oppervlaktewater;NVT;Niet van toepassing;NVT;Niet van toepassing;NVT;Niet van toepassing
6954;pyridaben;96489-71-3;pyrdbn;Milieu;Oppervlaktewater zoet;Landoppervlaktewateren JG-MKN (opgelost);0,0017;µg/l;OW;Oppervlaktewater;CONCTTE;(massa)Concentratie;nf;na filtratie (opgeloste fractie);JGM;Jaargemiddelde
6955;pyridaben;96489-71-3;pyrdbn;Milieu;Oppervlaktewater zoet;Landoppervlaktewateren MAC-MKN (opgelost);0,0062;µg/l;OW;Oppervlaktewater;CONCTTE;(massa)Concentratie;nf;na filtratie (opgeloste fractie);MAX;Maximum
6956;pyridaben;96489-71-3;pyrdbn;Milieu;Oppervlaktewater zout;Andere oppervlaktewateren JG-MKN (opgelost);0,00094;µg/l;OW;Oppervlaktewater;CONCTTE;(massa)Concentratie;nf;na filtratie (opgeloste fractie);JGM;Jaargemiddelde
6957;pyridaben;96489-71-3;pyrdbn;Milieu;Oppervlaktewater zout;Andere oppervlaktewateren MAC-MKN (opgelost);0,0012;µg/l;OW;Oppervlaktewater;CONCTTE;(massa)Concentratie;nf;na filtratie (opgeloste fractie);MAX;Maximum
6959;pyridine;110-86-1;pyrdne;Milieu;Grondwater;Signaleringsparameter  beoordeling grondwatersanering (opgelost);30;µg/l;GW;Grondwater;CONCTTE;(massa)Concentratie;nf;na filtratie;Nee;
6966;pyridine;110-86-1;pyrdne;Milieu;Grondwater;Standaardwaarden grondwater (inclusief AC) (opgelost);0,5;µg/l;GW;Grondwater;CONCTTE;(massa)Concentratie;nf;na filtratie;Nee;
6990;pyrifenox;88283-41-4;pyrfnx;Milieu;Oppervlaktewater zoet;Landoppervlaktewateren Indicatief MTR (opgelost);0,95;µg/l;OW;Oppervlaktewater;CONCTTE;(massa)Concentratie;nf;na filtratie (opgeloste fractie);P90;90-Percentiel
6991;pyrimethanil;53112-28-0;pyrmtnl;Milieu;Oppervlaktewater zoet;Landoppervlaktewateren JG-MKN (totaal);7;µg/l;OW;Oppervlaktewater;CONCTTE;(massa)Concentratie;NVT;Niet van toepassing;JGM;Jaargemiddelde
6993;pyrimethanil;53112-28-0;pyrmtnl;Milieu;Oppervlaktewater zoet;Landoppervlaktewateren MAC-MKN (totaal);33;µg/l;OW;Oppervlaktewater;CONCTTE;(massa)Concentratie;NVT;Niet van toepassing;MAX;Maximum
6996;pyrimethanil;53112-28-0;pyrmtnl;Milieu;Oppervlaktewater zoet;log Kp l/kg (zwevend stof);1,71;;OW;Oppervlaktewater;NVT;Niet van toepassing;NVT;Niet van toepassing;NVT;Niet van toepassing
6997;pyrimethanil;53112-28-0;pyrmtnl;Milieu;Oppervlaktewater zoet;Landoppervlaktewateren JG-MKN (opgelost);7;µg/l;OW;Oppervlaktewater;CONCTTE;(massa)Concentratie;nf;na filtratie (opgeloste fractie);JGM;Jaargemiddelde
6998;pyrimethanil;53112-28-0;pyrmtnl;Milieu;Oppervlaktewater zoet;Landoppervlaktewateren MAC-MKN (opgelost);33;µg/l;OW;Oppervlaktewater;CONCTTE;(massa)Concentratie;nf;na filtratie (opgeloste fractie);MAX;Maximum
7001;pyriproxyfen;95737-68-1;pyrpxfn;Milieu;Oppervlaktewater zoet;Landoppervlaktewateren wettelijk JG-MKN (totaal);3E-005;µg/l;OW;Oppervlaktewater;CONCTTE;(massa)Concentratie;NVT;Niet van toepassing;JGM;Jaargemiddelde
7003;pyriproxyfen;95737-68-1;pyrpxfn;Milieu;Oppervlaktewater zoet;Landoppervlaktewateren wettelijk MAC-MKN (totaal);0,026;µg/l;OW;Oppervlaktewater;CONCTTE;(massa)Concentratie;NVT;Niet van toepassing;MAX;Maximum
7005;pyriproxyfen;95737-68-1;pyrpxfn;Milieu;Sediment;Sediment MTR (standaard Sediment met 10% organisch materiaal);3,8E-3;µg/kg;BS;Bodem/Sediment;MASSFTE;Massafractie;dg;t.o.v. drooggewicht;;
7006;pyriproxyfen;95737-68-1;pyrpxfn;Milieu;Oppervlaktewater zoet;log Kp l/kg (zwevend stof);3,40;;OW;Oppervlaktewater;NVT;Niet van toepassing;NVT;Niet van toepassing;NVT;Niet van toepassing
7007;pyriproxyfen;95737-68-1;pyrpxfn;Milieu;Oppervlaktewater zoet;Landoppervlaktewateren JG-MKN (opgelost);3E-005;µg/l;OW;Oppervlaktewater;CONCTTE;(massa)Concentratie;nf;na filtratie (opgeloste fractie);JGM;Jaargemiddelde
7008;pyriproxyfen;95737-68-1;pyrpxfn;Milieu;Oppervlaktewater zoet;Landoppervlaktewateren MAC-MKN (opgelost);0,026;µg/l;OW;Oppervlaktewater;CONCTTE;(massa)Concentratie;nf;na filtratie (opgeloste fractie);MAX;Maximum
7009;quarternaire ammoniumverbindingen C12-C14;85409-22-9;QAVbzC1214ak;Milieu;Oppervlaktewater zoet;Landoppervlaktewateren Indicatief MTR (opgelost);0,054;µg/l;OW;Oppervlaktewater;CONCTTE;(massa)Concentratie;nf;na filtratie (opgeloste fractie);P90;90-Percentiel
7010;quarternaire ammoniumverbindingen C12-C14;85409-22-9;QAVbzC1214ak;Milieu;Sediment;Sediment Indicatief MTR (droge stof);1,6;µg/kg;BS;Bodem/Sediment;MASSFTE;Massafractie;dg;t.o.v. drooggewicht;;
7011;quinmerac;90717-03-6;quinmrc;Milieu;Oppervlaktewater zoet;Landoppervlaktewateren Indicatief MTR (opgelost);100;µg/l;OW;Oppervlaktewater;CONCTTE;(massa)Concentratie;nf;na filtratie (opgeloste fractie);P90;90-Percentiel
7012;quinoclamin;2797-51-5;quincmn;Milieu;Oppervlaktewater zoet;Landoppervlaktewateren Indicatief MTR (opgelost);0,021;µg/l;OW;Oppervlaktewater;CONCTTE;(massa)Concentratie;nf;na filtratie (opgeloste fractie);P90;90-Percentiel
7014;quinoxyfen (ZZS);124495-18-7;quinoxfn;Milieu;Oppervlaktewater zoet;Landoppervlaktewateren wettelijk JG-MKN (totaal);0,15;µg/l;OW;Oppervlaktewater;CONCTTE;(massa)Concentratie;NVT;Niet van toepassing;JGM;Jaargemiddelde
7015;quinoxyfen (ZZS);124495-18-7;quinoxfn;Milieu;Oppervlaktewater zoet;Landoppervlaktewateren wettelijk MAC-MKN (totaal);2,7;µg/l;OW;Oppervlaktewater;CONCTTE;(massa)Concentratie;NVT;Niet van toepassing;MAX;Maximum
7016;quinoxyfen (ZZS);124495-18-7;quinoxfn;Milieu;Oppervlaktewater zout;Andere oppervlaktewateren wettelijk JG-MKN (totaal);0,015;µg/l;OW;Oppervlaktewater;CONCTTE;(massa)Concentratie;NVT;Niet van toepassing;JGM;Jaargemiddelde
7017;quinoxyfen (ZZS);124495-18-7;quinoxfn;Milieu;Oppervlaktewater zout;Andere oppervlaktewateren MAC-MKN (totaal);0,54;µg/l;OW;Oppervlaktewater;CONCTTE;(massa)Concentratie;NVT;Niet van toepassing;MAX;Maximum
7018;quintozeen;82-68-8;PeClNO2Ben;Milieu;Oppervlaktewater zoet;Landoppervlaktewateren MTR (totaal);3100;ng/l;OW;Oppervlaktewater;CONCTTE;(massa)Concentratie;NVT;Niet van toepassing;P90;90-Percentiel
7019;quintozeen;82-68-8;PeClNO2Ben;Milieu;Oppervlaktewater zoet;Landoppervlaktewateren MTR (opgelost);2900;ng/l;OW;Oppervlaktewater;CONCTTE;(massa)Concentratie;nf;na filtratie (opgeloste fractie);P90;90-Percentiel
7020;quintozeen;82-68-8;PeClNO2Ben;Milieu;Oppervlaktewater zoet;log Kp l/kg (zwevend stof);3,36;;OW;Oppervlaktewater;NVT;Niet van toepassing;NVT;Niet van toepassing;NVT;Niet van toepassing
7023;quizalofop-ethyl;76578-14-8;quizlfC2y;Milieu;Oppervlaktewater zoet;Landoppervlaktewateren Indicatief JG-MKN (opgelost);0,023;µg/l;OW;Oppervlaktewater;CONCTTE;(massa)Concentratie;nf;na filtratie (opgeloste fractie);JGM;Jaargemiddelde
7024;quizalofop-ethyl;76578-14-8;quizlfC2y;Milieu;Oppervlaktewater zoet;Landoppervlaktewateren Indicatief MAC-MKN (opgelost);1,5;µg/l;OW;Oppervlaktewater;CONCTTE;(massa)Concentratie;nf;na filtratie (opgeloste fractie);MAX;Maximum
7025;quizalofop-ethyl;76578-14-8;quizlfC2y;Milieu;Oppervlaktewater zout;Andere oppervlaktewateren Indicatief JG-MKN (opgelost);2,3E-03;µg/l;OW;Oppervlaktewater;CONCTTE;(massa)Concentratie;nf;na filtratie (opgeloste fractie);JGM;Jaargemiddelde
7026;quizalofop-ethyl;76578-14-8;quizlfC2y;Milieu;Oppervlaktewater zout;Andere oppervlaktewateren Indicatief MAC-MKN (opgelost);0,15;µg/l;OW;Oppervlaktewateren;CONCTTE;(massa)Concentratie;nf;na filtratie (opgeloste fractie);MAX;Maximum
7027;resmethrin;10453-86-8;resmtn;Milieu;Oppervlaktewater zoet;Landoppervlaktewateren Indicatief MTR (opgelost);2,8e-005;µg/l;OW;Oppervlaktewater;CONCTTE;(massa)Concentratie;nf;na filtratie (opgeloste fractie);P90;90-Percentiel
7028;resorcinol;108-46-3;13DHOxBen;Milieu;Grondwater;Grondwater indicatief niveau voor ernstige verontreiniging (opgelost);600;µg/l;GW;Grondwater;CONCTTE;(massa)Concentratie;nf;na filtratie;Nee;
7032;resorcinol;108-46-3;13DHOxBen;Milieu;Grondwater;Standaardwaarden grondwater (inclusief AC) (opgelost);0,2;µg/l;GW;Grondwater;CONCTTE;(massa)Concentratie;nf;na filtratie;Nee;
7033;rimsulfuron;122931-48-0;rimsfrn;Milieu;Oppervlaktewater zoet;Landoppervlaktewateren Indicatief MTR (opgelost);63;µg/l;OW;Oppervlaktewater;CONCTTE;(massa)Concentratie;nf;na filtratie (opgeloste fractie);P90;90-Percentiel
7034;rotenon;83-79-4;rotnn;Milieu;Oppervlaktewater zoet;Landoppervlaktewateren Indicatief MTR (opgelost);0,004;µg/l;OW;Oppervlaktewater;CONCTTE;(massa)Concentratie;nf;na filtratie (opgeloste fractie);P90;90-Percentiel
7035;rubidium;7440-17-7;Rb;Milieu;Oppervlaktewater zoet;Landoppervlaktewateren achtergrondconcentratie (opgelost);2,3;µg/l;OW;Oppervlaktewater;CONCTTE;(massa)Concentratie;nf;na filtratie (opgeloste fractie);NVT;Niet van toepassing
7036;rubidium;7440-17-7;Rb;Milieu;Oppervlaktewater zout;Andere oppervlaktewateren achtergrondconcentratie (opgelost);88;µg/l;OW;Oppervlaktewater;CONCTTE;(massa)Concentratie;nf;na filtratie (opgeloste fractie);NVT;Niet van toepassing
7052;samarium;7440-19-9;Sm;Milieu;Oppervlaktewater zout;Andere oppervlaktewateren achtergrondconcentratie (opgelost);0,0005;µg/l;OW;Oppervlaktewater;CONCTTE;(massa)Concentratie;nf;na filtratie (opgeloste fractie);NVT;Niet van toepassing
7053;samarium;7440-19-9;Sm;Milieu;Oppervlaktewater zoet;Landoppervlaktewateren MTR (totaal);84;µg/l;OW;Oppervlaktewater;CONCTTE;(massa)Concentratie;NVT;Niet van toepassing;P90;90-Percentiel
7054;samarium;7440-19-9;Sm;Milieu;Oppervlaktewater zout;Andere oppervlaktewateren MTR (totaal);4,6;µg/l;OW;Oppervlaktewater;CONCTTE;(massa)Concentratie;NVT;Niet van toepassing;P90;90-Percentiel
7055;samarium;7440-19-9;Sm;Milieu;Oppervlaktewater zoet;Landoppervlaktewateren MTR (opgelost);7,6;µg/l;OW;Oppervlaktewater;CONCTTE;(massa)Concentratie;nf;na filtratie (opgeloste fractie);P90;90-Percentiel
7056;samarium;7440-19-9;Sm;Milieu;Oppervlaktewater zout;Andere oppervlaktewateren MTR (opgelost);0,4;µg/l;OW;Oppervlaktewater;CONCTTE;(massa)Concentratie;nf;na filtratie (opgeloste fractie);P90;90-Percentiel
7057;samarium;7440-19-9;Sm;Milieu;Sediment;Sediment landelijke achtergrondconcentratie (droge stof);6;mg/kg;BS;Bodem/Sediment;MASSFTE;Massafractie;dg;t.o.v. drooggewicht;;
7058;samarium;7440-19-9;Sm;Milieu;Sediment;Sediment landelijke achtergrondconcentratie, andere oppervlaktewateren (droge stof);8;mg/kg;BS;Bodem/Sediment;MASSFTE;Massafractie;dg;t.o.v. drooggewicht;;
7059;samarium;7440-19-9;Sm;Milieu;Sediment;Sediment MTR (droge stof);2500;mg/kg;BS;Bodem/Sediment;MASSFTE;Massafractie;dg;t.o.v. drooggewicht;;
7060;samarium;7440-19-9;Sm;Milieu;Sediment;Sediment MTR andere oppervlaktewateren (droge stof);200;mg/kg;BS;Bodem/Sediment;MASSFTE;Massafractie;dg;t.o.v. drooggewicht;;
7061;samarium;7440-19-9;Sm;Milieu;Oppervlaktewater zoet;log Kp l/kg (zwevend stof);5,52;;OW;Oppervlaktewater;NVT;Niet van toepassing;NVT;Niet van toepassing;NVT;Niet van toepassing
7062;samarium;7440-19-9;Sm;Milieu;Oppervlaktewater zout;Andere oppervlaktewateren achtergrondconcentratie (totaal);0,005;µg/l;OW;Oppervlaktewater;CONCTTE;(massa)Concentratie;NVT;Niet van toepassing;NVT;Niet van toepassing
7064;sebutylaziline;7286-69-3;seC4yazne;Milieu;Oppervlaktewater zoet;Landoppervlaktewateren Indicatief MTR (opgelost);0,093;µg/l;OW;Oppervlaktewater;CONCTTE;(massa)Concentratie;nf;na filtratie (opgeloste fractie);P90;90-Percentiel
7091;seleen;7782-49-2;Se;Milieu;Grondwater;Grondwater streefwaarde diep (opgelost);0,07;µg/l;GW;Grondwater;CONCTTE;(massa)Concentratie;nf;na filtratie;Nee;
7092;seleen;7782-49-2;Se;Milieu;Grondwater;Grondwater indicatief niveau voor ernstige verontreiniging (opgelost);160;µg/l;GW;Grondwater;CONCTTE;(massa)Concentratie;nf;na filtratie;Nee;
7093;seleen;7782-49-2;Se;Milieu;Oppervlaktewater zoet;Landoppervlaktewateren achtergrondconcentratie (opgelost);0,04;µg/l;OW;Oppervlaktewater;CONCTTE;(massa)Concentratie;nf;na filtratie (opgeloste fractie);NVT;Niet van toepassing
7094;seleen;7782-49-2;Se;Milieu;Oppervlaktewater zoet;Landoppervlaktewateren wettelijk JG-MKN (opgelost);0,052;µg/l;OW;Oppervlaktewater;CONCTTE;(massa)Concentratie;nf;na filtratie (opgeloste fractie);JGM;Jaargemiddelde
7095;seleen;7782-49-2;Se;Milieu;Oppervlaktewater zoet;Landoppervlaktewateren wettelijk MAC-MKN (opgelost);24,6;µg/l;OW;Oppervlaktewater;CONCTTE;(massa)Concentratie;nf;na filtratie (opgeloste fractie);MAX;Maximum
7096;seleen;7782-49-2;Se;Milieu;Oppervlaktewater zout;Andere oppervlaktewateren wettelijk MAC-MKN (opgelost);2,6;µg/l;OW;Oppervlaktewater;CONCTTE;(massa)Concentratie;nf;na filtratie (opgeloste fractie);MAX;Maximum
7097;seleen;7782-49-2;Se;Milieu;Oppervlaktewater zout;Andere oppervlaktewateren achtergrondconcentratie (opgelost);0,059;µg/l;OW;Oppervlaktewater;CONCTTE;(massa)Concentratie;nf;na filtratie (opgeloste fractie);NVT;Niet van toepassing
7100;seleen;7782-49-2;Se;Milieu;Sediment;Sediment landelijke achtergrondconcentratie (droge stof);0,7;mg/kg;BS;Bodem/Sediment;MASSFTE;Massafractie;dg;t.o.v. drooggewicht;;
7102;seleen;7782-49-2;Se;Milieu;Oppervlaktewater zoet;log Kp l/kg (zwevend stof);2,77;;OW;Oppervlaktewater;NVT;Niet van toepassing;NVT;Niet van toepassing;NVT;Niet van toepassing
7103;seleen;7782-49-2;Se;Milieu;Oppervlaktewater voor drinkwaterbereiding;Oppervlaktewater voor drinkwaterbereiding (gericht op waterbeheerder);10;µg/l;;;;;;;;
7105;seleen;7782-49-2;Se;Milieu;Oppervlaktewater voor drinkwaterbereiding;Oppervlaktewater voor drinkwaterbereiding (gericht tot het drinkwaterbedrijf);10;µg/l;;;;;;;;
7106;sethoxydim;74051-80-2;sC2oxdm;Milieu;Oppervlaktewater zoet;Landoppervlaktewateren Indicatief MTR (opgelost);0,32;µg/l;OW;Oppervlaktewater;CONCTTE;(massa)Concentratie;nf;na filtratie (opgeloste fractie);P90;90-Percentiel
7115;simazine;122-34-9;simzne;Milieu;Oppervlaktewater zoet;Landoppervlaktewateren wettelijk JG-MKN (totaal);1;µg/l;OW;Oppervlaktewater;CONCTTE;(massa)Concentratie;NVT;Niet van toepassing;JGM;Jaargemiddelde
7116;simazine;122-34-9;simzne;Milieu;Oppervlaktewater zout;Andere oppervlaktewateren wettelijk JG-MKN (totaal);1;µg/l;OW;Oppervlaktewater;CONCTTE;(massa)Concentratie;NVT;Niet van toepassing;JGM;Jaargemiddelde
7117;simazine;122-34-9;simzne;Milieu;Oppervlaktewater zoet;Landoppervlaktewateren wettelijk MAC-MKN (totaal);4;µg/l;OW;Oppervlaktewater;CONCTTE;(massa)Concentratie;NVT;Niet van toepassing;MAX;Maximum
7118;simazine;122-34-9;simzne;Milieu;Oppervlaktewater zout;Andere oppervlaktewateren wettelijk MAC-MKN (totaal);4;µg/l;OW;Oppervlaktewater;CONCTTE;(massa)Concentratie;NVT;Niet van toepassing;MAX;Maximum
7119;simazine;122-34-9;simzne;Milieu;Sediment;Sediment MTR (droge stof);0,9;µg/kg;BS;Bodem/Sediment;MASSFTE;Massafractie;dg;t.o.v. drooggewicht;;
7121;simazine;122-34-9;simzne;Milieu;Oppervlaktewater zoet;log Kp l/kg (zwevend stof);1,11;;OW;Oppervlaktewater;NVT;Niet van toepassing;NVT;Niet van toepassing;NVT;Niet van toepassing
7122;spinosad;168316-95-8;spinsd;Milieu;Oppervlaktewater zoet;Landoppervlaktewateren Indicatief MTR (opgelost);0,024;µg/l;OW;Oppervlaktewater;CONCTTE;(massa)Concentratie;nf;na filtratie (opgeloste fractie);P90;90-Percentiel
7123;spirodiclofen (ZZS);148477-71-8;spirdcfn;Milieu;Oppervlaktewater zoet;Landoppervlaktewateren Indicatief MTR (opgelost);0,025;µg/l;OW;Oppervlaktewater;CONCTTE;(massa)Concentratie;nf;na filtratie (opgeloste fractie);P90;90-Percentiel
7124;spiromesifen;283594-90-1;spirmsfn;Milieu;Oppervlaktewater zoet;Landoppervlaktewateren JG-MKN (opgelost);0,0025;µg/l;OW;Oppervlaktewater;CONCTTE;(massa)Concentratie;nf;na filtratie (opgeloste fractie);JGM;Jaargemiddelde
7125;spiromesifen;283594-90-1;spirmsfn;Milieu;Oppervlaktewater zoet;Landoppervlaktewateren MAC-MKN (opgelost);0,087;µg/l;OW;Oppervlaktewater;CONCTTE;(massa)Concentratie;nf;na filtratie (opgeloste fractie);MAX;Maximum
7126;spiroxamine;118134-30-8;spirxmne;Milieu;Oppervlaktewater zoet;Landoppervlaktewateren Indicatief MTR (opgelost);0,002;µg/l;OW;Oppervlaktewater;CONCTTE;(massa)Concentratie;nf;na filtratie (opgeloste fractie);P90;90-Percentiel
7169;strontium;7440-24-6;Sr;Milieu;Oppervlaktewater zoet;Landoppervlaktewateren achtergrondconcentratie (opgelost);110;µg/l;OW;Oppervlaktewater;CONCTTE;(massa)Concentratie;nf;na filtratie (opgeloste fractie);NVT;Niet van toepassing
7173;styreen;100-42-5;styrn;Milieu;Grondwater;Signaleringsparameter  beoordeling grondwatersanering (opgelost);300;µg/l;GW;Grondwater;CONCTTE;(massa)Concentratie;nf;na filtratie;Nee;
7176;styreen;100-42-5;styrn;Milieu;Oppervlaktewater zoet;log Kp l/kg (zwevend stof);2,02;;OW;Oppervlaktewater;NVT;Niet van toepassing;NVT;Niet van toepassing;NVT;Niet van toepassing
7187;styreen;100-42-5;styrn;Milieu;Oppervlaktewater zoet;Landoppervlaktewateren JG-MKN (opgelost);40;µg/l;OW;Oppervlaktewater;CONCTTE;(massa)Concentratie;nf;na filtratie (opgeloste fractie);JGM;Jaargemiddelde
7188;styreen;100-42-5;styrn;Milieu;Oppervlaktewater zoet;Landoppervlaktewateren MAC-MKN (opgelost);400;µg/l;OW;Oppervlaktewater;CONCTTE;(massa)Concentratie;nf;na filtratie (opgeloste fractie);MAX;Maximum
7189;styreen;100-42-5;styrn;Milieu;Oppervlaktewater zout;Andere oppervlaktewateren JG-MKN (opgelost);4;µg/l;OW;Oppervlaktewater;CONCTTE;(massa)Concentratie;nf;na filtratie (opgeloste fractie);JGM;Jaargemiddelde
7190;styreen;100-42-5;styrn;Milieu;Oppervlaktewater zout;Andere oppervlaktewateren MAC-MKN (opgelost);40;µg/l;OW;Oppervlaktewater;CONCTTE;(massa)Concentratie;nf;na filtratie (opgeloste fractie);MAX;Maximum
7191;styreen;100-42-5;styrn;Milieu;Grondwater;Standaardwaarden grondwater (inclusief AC) (opgelost);6;µg/l;GW;Grondwater;CONCTTE;(massa)Concentratie;nf;na filtratie;Nee;
7215;succimer;304-55-2;succmr;Milieu;Oppervlaktewater zoet;Landoppervlaktewateren Indicatief MTR (opgelost);79;µg/l;OW;Oppervlaktewater;CONCTTE;(massa)Concentratie;nf;na filtratie (opgeloste fractie);P90;90-Percentiel
7216;succimer;304-55-2;succmr;Milieu;Sediment;Sediment Indicatief MTR (droge stof);181;µg/kg;BS;Bodem/Sediment;MASSFTE;Massafractie;dg;t.o.v. drooggewicht;;
7219;sulcotrion;99105-77-8;sulcton;Milieu;Oppervlaktewater zoet;Landoppervlaktewateren Indicatief MTR (opgelost);13;µg/l;OW;Oppervlaktewater;CONCTTE;(massa)Concentratie;nf;na filtratie (opgeloste fractie);P90;90-Percentiel
7220;sulfaat;14808-79-8;SO4;Milieu;Oppervlaktewater zoet;Landoppervlaktewateren MTR (opgelost);100;mg/l;OW;Oppervlaktewater;CONCTTE;(massa)Concentratie;nf;na filtratie (opgeloste fractie);P90;90-Percentiel
7221;sulfaat;14808-79-8;SO4;Milieu;Oppervlaktewater voor drinkwaterbereiding;Oppervlaktewater voor drinkwaterbereiding (gericht op waterbeheerder);100;mg/l;;;;;;;;
7222;sulfaat;14808-79-8;SO4;Milieu;Oppervlaktewater voor drinkwaterbereiding;Oppervlaktewater voor drinkwaterbereiding (gericht tot het drinkwaterbedrijf);100;mg/l;;;;;;;;
7224;sulfosulfuron;141776-32-1;sulfsfrn;Milieu;Oppervlaktewater zoet;Landoppervlaktewateren Indicatief MTR (opgelost);0,22;µg/l;OW;Oppervlaktewater;CONCTTE;(massa)Concentratie;nf;na filtratie (opgeloste fractie);P90;90-Percentiel
7226;2-(thiocyanomethylthio)benzothiazool;21564-17-0;TCMTB;Milieu;Oppervlaktewater zoet;Landoppervlaktewateren MTR (totaal);380;ng/l;OW;Oppervlaktewater;CONCTTE;(massa)Concentratie;NVT;Niet van toepassing;P90;90-Percentiel
7227;2-(thiocyanomethylthio)benzothiazool;21564-17-0;TCMTB;Milieu;Oppervlaktewater zoet;Landoppervlaktewateren MTR (opgelost);380;ng/l;OW;Oppervlaktewater;CONCTTE;(massa)Concentratie;nf;na filtratie (opgeloste fractie);P90;90-Percentiel
7228;tebuconazool;107534-96-3;tebcnzl;Milieu;Oppervlaktewater zoet;Landoppervlaktewateren JG-MKN (opgelost);0,63;µg/l;OW;Oppervlaktewater;CONCTTE;(massa)Concentratie;nf;na filtratie (opgeloste fractie);JGM;Jaargemiddelde
7229;tebuconazool;107534-96-3;tebcnzl;Milieu;Oppervlaktewater zoet;Landoppervlaktewateren MAC-MKN (opgelost);14;µg/l;OW;Oppervlaktewater;CONCTTE;(massa)Concentratie;nf;na filtratie (opgeloste fractie);MAX;Maximum
7230;tebuconazool;107534-96-3;tebcnzl;Milieu;Sediment;Sediment MTR (droge stof);2700;µg/kg;BS;Bodem/Sediment;MASSFTE;Massafractie;dg;t.o.v. drooggewicht;;
7231;tebufenozide;112410-23-8;tebfnzde;Milieu;Oppervlaktewater zoet;Landoppervlaktewateren Indicatief MTR (opgelost);0,058;µg/l;OW;Oppervlaktewater;CONCTTE;(massa)Concentratie;nf;na filtratie (opgeloste fractie);P90;90-Percentiel
7232;tebufenpyrad;119168-77-3;tebfprd;Milieu;Oppervlaktewater zoet;Landoppervlaktewateren Indicatief MTR (opgelost);0,024;µg/l;OW;Oppervlaktewater;CONCTTE;(massa)Concentratie;nf;na filtratie (opgeloste fractie);P90;90-Percentiel
7233;tecnazeen;117-18-0;tecnzn;Milieu;Oppervlaktewater zoet;Landoppervlaktewateren Indicatief MTR (opgelost);0,3;µg/l;OW;Oppervlaktewater;CONCTTE;(massa)Concentratie;nf;na filtratie (opgeloste fractie);P90;90-Percentiel
7234;teflubenzuron;83121-18-0;tefbzrn;Milieu;Oppervlaktewater zoet;Landoppervlaktewateren wettelijk JG-MKN (totaal);0,0012;µg/l;OW;Oppervlaktewater;CONCTTE;(massa)Concentratie;NVT;Niet van toepassing;JGM;Jaargemiddelde
7236;teflubenzuron;83121-18-0;tefbzrn;Milieu;Oppervlaktewater zoet;Landoppervlaktewateren wettelijk MAC-MKN (totaal);0,0017;µg/l;OW;Oppervlaktewater;CONCTTE;(massa)Concentratie;NVT;Niet van toepassing;MAX;Maximum
7238;teflubenzuron;83121-18-0;tefbzrn;Milieu;Sediment;Sediment MTR (standaard Sediment met 10% organisch materiaal);1,0E-1;µg/kg;BS;Bodem/Sediment;MASSFTE;Massafractie;dg;t.o.v. drooggewicht;;
7239;teflubenzuron;83121-18-0;tefbzrn;Milieu;Oppervlaktewater zoet;log Kp l/kg (zwevend stof);3,49;;OW;Oppervlaktewater;NVT;Niet van toepassing;NVT;Niet van toepassing;NVT;Niet van toepassing
7241;teflubenzuron;83121-18-0;tefbzrn;Milieu;Oppervlaktewater zoet;Landoppervlaktewateren JG-MKN (opgelost);0,0012;µg/l;OW;Oppervlaktewater;CONCTTE;(massa)Concentratie;nf;na filtratie (opgeloste fractie);JGM;Jaargemiddelde
7242;teflubenzuron;83121-18-0;tefbzrn;Milieu;Oppervlaktewater zoet;Landoppervlaktewateren MAC-MKN (opgelost);0,0017;µg/l;OW;Oppervlaktewater;CONCTTE;(massa)Concentratie;nf;na filtratie (opgeloste fractie);MAX;Maximum
7243;tefluthrin (ZZS);79538-32-2;teftn;Milieu;Oppervlaktewater zoet;Landoppervlaktewateren Indicatief MTR (opgelost);1,6e-005;µg/l;OW;Oppervlaktewater;CONCTTE;(massa)Concentratie;nf;na filtratie (opgeloste fractie);P90;90-Percentiel
7246;tellurium (ZZS);13494-80-9;Te;Milieu;Grondwater;Grondwater indicatief niveau voor ernstige verontreiniging (opgelost);70;µg/l;GW;Grondwater;CONCTTE;(massa)Concentratie;nf;na filtratie;Nee;
7247;tellurium (ZZS);13494-80-9;Te;Milieu;Oppervlaktewater zoet;log Kp l/kg (zwevend stof);2,65;;OW;Oppervlaktewater;NVT;Niet van toepassing;NVT;Niet van toepassing;NVT;Niet van toepassing
7248;tellurium (ZZS);13494-80-9;Te;Milieu;Oppervlaktewater zoet;Landoppervlaktewateren wettelijk JG-MKN (opgelost);100;µg/l;OW;Oppervlaktewater;CONCTTE;(massa)Concentratie;nf;na filtratie (opgeloste fractie);JGM;Jaargemiddelde
7252;telodrin;297-78-9;teldn;Milieu;Oppervlaktewater zoet;Landoppervlaktewateren Indicatief MTR (opgelost);1,4e-006;µg/l;OW;Oppervlaktewater;CONCTTE;(massa)Concentratie;nf;na filtratie (opgeloste fractie);P90;90-Percentiel
7277;tepraloxydim;149979-41-9;teplxdm;Milieu;Oppervlaktewater zoet;Landoppervlaktewateren Indicatief MTR (opgelost);78,6;µg/l;OW;Oppervlaktewater;CONCTTE;(massa)Concentratie;nf;na filtratie (opgeloste fractie);P90;90-Percentiel
7280;tereftaalzuur;100-21-0;terfzr;Milieu;Oppervlaktewater zoet;Landoppervlaktewateren Indicatief MTR (opgelost);55;µg/l;OW;Oppervlaktewater;CONCTTE;(massa)Concentratie;nf;na filtratie (opgeloste fractie);P90;90-Percentiel
7281;terbufos;13071-79-9;terbfs;Milieu;Oppervlaktewater zoet;Landoppervlaktewateren Indicatief MTR (opgelost);3,4e-005;µg/l;OW;Oppervlaktewater;CONCTTE;(massa)Concentratie;nf;na filtratie (opgeloste fractie);P90;90-Percentiel
7282;terbumeton;33693-04-8;terbmtn;Milieu;Oppervlaktewater zoet;Landoppervlaktewateren Indicatief MTR (opgelost);1,7;µg/l;OW;Oppervlaktewater;CONCTTE;(massa)Concentratie;nf;na filtratie (opgeloste fractie);P90;90-Percentiel
7283;terbutryn;886-50-0;terbtn;Milieu;Oppervlaktewater zoet;Landoppervlaktewateren wettelijk JG-MKN (totaal);0,065;µg/l;OW;Oppervlaktewater;CONCTTE;(massa)Concentratie;NVT;Niet van toepassing;JGM;Jaargemiddelde
7284;terbutryn;886-50-0;terbtn;Milieu;Oppervlaktewater zoet;Landoppervlaktewateren wettelijk MAC-MKN (totaal);0,34;µg/l;OW;Oppervlaktewater;CONCTTE;(massa)Concentratie;NVT;Niet van toepassing;MAX;Maximum
7285;terbutryn;886-50-0;terbtn;Milieu;Oppervlaktewater zout;Andere oppervlaktewateren wettelijk JG-MKN (totaal);0,0065;µg/l;OW;Oppervlaktewater;CONCTTE;(massa)Concentratie;NVT;Niet van toepassing;JGM;Jaargemiddelde
7286;terbutryn;886-50-0;terbtn;Milieu;Oppervlaktewater zout;Andere oppervlaktewateren wettelijk MAC-MKN (totaal);0,034;µg/l;OW;Oppervlaktewater;CONCTTE;(massa)Concentratie;NVT;Niet van toepassing;MAX;Maximum
7287;terbutylazine;5915-41-3;terC4yazne;Milieu;Oppervlaktewater zoet;Landoppervlaktewateren wettelijk MAC-MKN (totaal);1,8;µg/l;OW;Oppervlaktewater;CONCTTE;(massa)Concentratie;NVT;Niet van toepassing;MAX;Maximum
7288;terbutylazine;5915-41-3;terC4yazne;Milieu;Oppervlaktewater zoet;Landoppervlaktewateren wettelijk JG-MKN (totaal);0,32;µg/l;OW;Oppervlaktewater;CONCTTE;(massa)Concentratie;NVT;Niet van toepassing;JGM;Jaargemiddelde
7289;terbutylazine;5915-41-3;terC4yazne;Milieu;Oppervlaktewater zout;Andere oppervlaktewateren wettelijk JG-MKN (totaal);0,032;µg/l;OW;Oppervlaktewater;CONCTTE;(massa)Concentratie;NVT;Niet van toepassing;JGM;Jaargemiddelde
7290;terbutylazine;5915-41-3;terC4yazne;Milieu;Oppervlaktewater zout;Andere oppervlaktewateren wettelijk MAC-MKN (totaal);0,18;µg/l;OW;Oppervlaktewater;CONCTTE;(massa)Concentratie;NVT;Niet van toepassing;MAX;Maximum
7297;tetrabutylazine;75-64-9;ttC4yAe;Milieu;Oppervlaktewater zoet;Landoppervlaktewateren Indicatief MTR (opgelost);160;µg/l;OW;Oppervlaktewater;CONCTTE;(massa)Concentratie;nf;na filtratie (opgeloste fractie);P90;90-Percentiel
7298;tetrabutyltin (ZZS);1461-25-2;T4C4ySn;Milieu;Oppervlaktewater zoet;log Kp l/kg (zwevend stof);1,99;;OW;Oppervlaktewater;NVT;Niet van toepassing;NVT;Niet van toepassing;NVT;Niet van toepassing
7301;tetrabutyltin (ZZS);1461-25-2;T4C4ySn;Milieu;Sediment;Sediment MTR (droge stof);78;mg/kg;BS;Bodem/Sediment;MASSFTE;Massafractie;dg;t.o.v. drooggewicht;;
7302;tetrabutyltin (ZZS);1461-25-2;T4C4ySn;Milieu;Sediment;Sediment MTR andere oppervlaktewateren (droge stof);0,8;mg/kg;BS;Bodem/Sediment;MASSFTE;Massafractie;dg;t.o.v. drooggewicht;;
7303;tetrabutyltin (ZZS);1461-25-2;T4C4ySn;Milieu;Oppervlaktewater zoet;Landoppervlaktewateren MTR (totaal);1,6;µg/l;OW;Oppervlaktewater;CONCTTE;(massa)Concentratie;NVT;Niet van toepassing;P90;90-Percentiel
7304;tetrabutyltin (ZZS);1461-25-2;T4C4ySn;Milieu;Oppervlaktewater zout;Andere oppervlaktewateren MTR (totaal);0,017;µg/l;OW;Oppervlaktewater;CONCTTE;(massa)Concentratie;NVT;Niet van toepassing;P90;90-Percentiel
7306;tetrachloorbenzenen som;12408-10-5;T4ClBen;Milieu;Grondwater;Signaleringsparameter  beoordeling grondwatersanering (opgelost);2,5;µg/l;GW;Grondwater;CONCTTE;(massa)Concentratie;nf;na filtratie;Nee;
7307;tetrachloorbenzenen som;12408-10-5;T4ClBen;Milieu;Oppervlaktewater zoet;log Kp l/kg (zwevend stof);2,85;;OW;Oppervlaktewater;NVT;Niet van toepassing;NVT;Niet van toepassing;NVT;Niet van toepassing
7308;tetrachloorbenzenen som;12408-10-5;T4ClBen;Milieu;Oppervlaktewater zoet;Landoppervlaktewateren JG-MKN (opgelost);0,058;µg/l;OW;Oppervlaktewater;CONCTTE;(massa)Concentratie;nf;na filtratie (opgeloste fractie);JGM;Jaargemiddelde
7309;tetrachloorbenzenen som;12408-10-5;T4ClBen;Milieu;Oppervlaktewater zoet;Landoppervlaktewateren JG-MKN (totaal);0,060;µg/l;OW;Oppervlaktewater;CONCTTE;(massa)Concentratie;NVT;Niet van toepassing;JGM;Jaargemiddelde
7310;tetrachloorbenzenen som;12408-10-5;T4ClBen;Milieu;Oppervlaktewater zoet;Landoppervlaktewateren MAC-MKN (opgelost);0,13;µg/l;OW;Oppervlaktewater;CONCTTE;(massa)Concentratie;nf;na filtratie (opgeloste fractie);MAX;Maximum
7311;tetrachloorbenzenen som;12408-10-5;T4ClBen;Milieu;Oppervlaktewater zout;Andere oppervlaktewateren JG-MKN (opgelost);0,019;µg/l;OW;Oppervlaktewater;CONCTTE;(massa)Concentratie;nf;na filtratie (opgeloste fractie);JGM;Jaargemiddelde
7312;tetrachloorbenzenen som;12408-10-5;T4ClBen;Milieu;Oppervlaktewater zout;Andere oppervlaktewateren MAC-MKN (opgelost);0,013;µg/l;OW;Oppervlaktewater;CONCTTE;(massa)Concentratie;nf;na filtratie (opgeloste fractie);MAX;Maximum
7313;tetrachloorbenzenen som;12408-10-5;T4ClBen;Milieu;Grondwater;Standaardwaarden grondwater (inclusief AC) (opgelost);0,01;µg/l;GW;Grondwater;CONCTTE;(massa)Concentratie;nf;na filtratie;Nee;
7337;tetrachloordimethylbenzeen;877-09-8;1235T4Cl46DC;Milieu;Oppervlaktewater zoet;Landoppervlaktewateren Indicatief MTR (opgelost);0,03;µg/l;OW;Oppervlaktewater;CONCTTE;(massa)Concentratie;nf;na filtratie (opgeloste fractie);P90;90-Percentiel
7340;tetrachlooretheen;127-18-4;T4ClC2e;Milieu;Grondwater;Signaleringsparameter  beoordeling grondwatersanering (opgelost);40;µg/l;GW;Grondwater;CONCTTE;(massa)Concentratie;nf;na filtratie;Nee;
7341;tetrachlooretheen;127-18-4;T4ClC2e;Milieu;Oppervlaktewater zoet;Landoppervlaktewateren wettelijk JG-MKN (totaal);10;µg/l;OW;Oppervlaktewater;CONCTTE;(massa)Concentratie;NVT;Niet van toepassing;JGM;Jaargemiddelde
7342;tetrachlooretheen;127-18-4;T4ClC2e;Milieu;Oppervlaktewater zout;Andere oppervlaktewateren wettelijk JG-MKN (totaal);10;µg/l;OW;Oppervlaktewater;CONCTTE;(massa)Concentratie;NVT;Niet van toepassing;JGM;Jaargemiddelde
7345;tetrachlooretheen;127-18-4;T4ClC2e;Milieu;Sediment;Sediment MTR (droge stof);4;mg/kg;BS;Bodem/Sediment;MASSFTE;Massafractie;dg;t.o.v. drooggewicht;;
7347;tetrachlooretheen;127-18-4;T4ClC2e;Milieu;Oppervlaktewater zoet;log Kp l/kg (zwevend stof);1,45;;OW;Oppervlaktewater;NVT;Niet van toepassing;NVT;Niet van toepassing;NVT;Niet van toepassing
7363;tetrachlooretheen;127-18-4;T4ClC2e;Milieu;Grondwater;Standaardwaarden grondwater (inclusief AC) (opgelost);0,01;µg/l;GW;Grondwater;CONCTTE;(massa)Concentratie;nf;na filtratie;Nee;
7387;tetrachloornaftaleen (ZZS);1335-88-2;T4ClNaf;Milieu;Oppervlaktewater zoet;Landoppervlaktewateren Indicatief MTR (opgelost);1,41E-03;µg/l;OW;Oppervlaktewater;CONCTTE;(massa)Concentratie;nf;na filtratie (opgeloste fractie);P90;90-Percentiel
7394;tetrachloorvinfos;22248-79-9;cT4Clvfs;Milieu;Oppervlaktewater zoet;Landoppervlaktewateren Indicatief MTR (opgelost);0,00032;µg/l;OW;Oppervlaktewater;CONCTTE;(massa)Concentratie;nf;na filtratie (opgeloste fractie);P90;90-Percentiel
7395;tetradifon;116-29-0;T4Dfn;Milieu;Oppervlaktewater zoet;Landoppervlaktewateren Indicatief MTR (opgelost);0,1;µg/l;OW;Oppervlaktewater;CONCTTE;(massa)Concentratie;nf;na filtratie (opgeloste fractie);P90;90-Percentiel
7399;tetraethyleenpentamine;112-57-2;T4C2yePeAe;Milieu;Oppervlaktewater zoet;Landoppervlaktewateren Indicatief MTR (opgelost);0,004;mg/l;OW;Oppervlaktewater;CONCTTE;(massa)Concentratie;nf;na filtratie (opgeloste fractie);P90;90-Percentiel
7400;tetrahydroftaalimide;1469-48-3;T4Hflmde;Milieu;Oppervlaktewater zoet;Landoppervlaktewateren Indicatief MTR (opgelost);161;µg/l;OW;Oppervlaktewater;CONCTTE;(massa)Concentratie;nf;na filtratie (opgeloste fractie);P90;90-Percentiel
7402;tetrahydrothiofeen;110-01-0;T4Htofn;Milieu;Grondwater;Signaleringsparameter  beoordeling grondwatersanering (opgelost);5000;µg/l;GW;Grondwater;CONCTTE;(massa)Concentratie;nf;na filtratie;Nee;
7407;tetrahydrothiofeen;110-01-0;T4Htofn;Milieu;Grondwater;Standaardwaarden grondwater (inclusief AC) (opgelost);0,5;µg/l;GW;Grondwater;CONCTTE;(massa)Concentratie;nf;na filtratie;Nee;
7431;tetramethrin;7696-12-0;T4mtn;Milieu;Oppervlaktewater zoet;Landoppervlaktewateren Indicatief MTR (opgelost);0,00029;µg/l;OW;Oppervlaktewater;CONCTTE;(massa)Concentratie;nf;na filtratie (opgeloste fractie);P90;90-Percentiel
7432;tetramethyl ammoniumchloride;75-57-0;T4C1yNH4Cl;Milieu;Oppervlaktewater zoet;Landoppervlaktewateren Indicatief MTR (opgelost);15,7;µg/l;OW;Oppervlaktewater;CONCTTE;(massa)Concentratie;nf;na filtratie (opgeloste fractie);P90;90-Percentiel
7433;tetramethyl ammoniumchloride;75-57-0;T4C1yNH4Cl;Milieu;Sediment;Sediment Indicatief MTR (droge stof);32,6;µg/kg;BS;Bodem/Sediment;MASSFTE;Massafractie;dg;t.o.v. drooggewicht;;
7435;tetrasul (ZZS);2227-13-6;T4sl;Milieu;Oppervlaktewater zoet;Landoppervlaktewateren Indicatief MTR (opgelost);1,21E-01;µg/l;OW;Oppervlaktewater;CONCTTE;(massa)Concentratie;nf;na filtratie (opgeloste fractie);P90;90-Percentiel
7439;thallium;7440-28-0;Tl;Milieu;Grondwater;Grondwater streefwaarde diep (opgelost);2;µg/l;GW;Grondwater;CONCTTE;(massa)Concentratie;nf;na filtratie;Nee;
7440;thallium;7440-28-0;Tl;Milieu;Grondwater;Grondwater indicatief niveau voor ernstige verontreiniging (opgelost);7;µg/l;GW;Grondwater;CONCTTE;(massa)Concentratie;nf;na filtratie;Nee;
7441;thallium;7440-28-0;Tl;Milieu;Oppervlaktewater zoet;Landoppervlaktewateren wettelijk JG-MKN (opgelost);0,05;µg/l;OW;Oppervlaktewater;CONCTTE;(massa)Concentratie;nf;na filtratie (opgeloste fractie);JGM;Jaargemiddelde
7442;thallium;7440-28-0;Tl;Milieu;Oppervlaktewater zoet;Landoppervlaktewateren wettelijk MAC-MKN (opgelost);0,76;µg/l;OW;Oppervlaktewater;CONCTTE;(massa)Concentratie;nf;na filtratie (opgeloste fractie);MAX;Maximum
7443;thallium;7440-28-0;Tl;Milieu;Oppervlaktewater zoet;Landoppervlaktewateren achtergrondconcentratie (opgelost);0,04;µg/l;OW;Oppervlaktewater;CONCTTE;(massa)Concentratie;nf;na filtratie (opgeloste fractie);NVT;Niet van toepassing
7445;thallium;7440-28-0;Tl;Milieu;Oppervlaktewater zout;Andere oppervlaktewateren wettelijk MAC-MKN (opgelost);0,34;µg/l;OW;Oppervlaktewater;CONCTTE;(massa)Concentratie;nf;na filtratie (opgeloste fractie);MAX;Maximum
7446;thallium;7440-28-0;Tl;Milieu;Sediment;Sediment MTR (standaard Sediment met 10% organisch materiaal);1,2;mg/kg;BS;Bodem/Sediment;MASSFTE;Massafractie;dg;t.o.v. drooggewicht;;
7447;thallium;7440-28-0;Tl;Milieu;Sediment;Sediment landelijke achtergrondconcentratie (droge stof);1;mg/kg;BS;Bodem/Sediment;MASSFTE;Massafractie;dg;t.o.v. drooggewicht;;
7449;thallium;7440-28-0;Tl;Milieu;Oppervlaktewater zoet;log Kp l/kg (zwevend stof);3,18;;OW;Oppervlaktewater;NVT;Niet van toepassing;NVT;Niet van toepassing;NVT;Niet van toepassing
7450;thiabendazool;148-79-8;tabdzl;Milieu;Oppervlaktewater zoet;Landoppervlaktewateren MTR (totaal);3,3;µg/l;OW;Oppervlaktewater;CONCTTE;(massa)Concentratie;NVT;Niet van toepassing;P90;90-Percentiel
7451;thiabendazool;148-79-8;tabdzl;Milieu;Oppervlaktewater zoet;Landoppervlaktewateren MTR (opgelost);3,3;µg/l;OW;Oppervlaktewater;CONCTTE;(massa)Concentratie;nf;na filtratie (opgeloste fractie);P90;90-Percentiel
7452;thiabendazool;148-79-8;tabdzl;Milieu;Sediment;Sediment MTR (droge stof);440;µg/kg;BS;Bodem/Sediment;MASSFTE;Massafractie;dg;t.o.v. drooggewicht;;
7453;thiabendazool;148-79-8;tabdzl;Milieu;Oppervlaktewater zoet;log Kp l/kg (zwevend stof);2,42;;OW;Oppervlaktewater;NVT;Niet van toepassing;NVT;Niet van toepassing;NVT;Niet van toepassing
7454;thiacloprid (ZZS);111988-49-9;thiacpd;Milieu;Oppervlaktewater zoet;Landoppervlaktewateren JG-MKN (opgelost);0,01;µg/l;OW;Oppervlaktewater;CONCTTE;(massa)Concentratie;nf;na filtratie (opgeloste fractie);JGM;Jaargemiddelde
7455;thiacloprid (ZZS);111988-49-9;thiacpd;Milieu;Oppervlaktewater zoet;Landoppervlaktewateren MAC-MKN (opgelost);0,11;µg/l;OW;Oppervlaktewater;CONCTTE;(massa)Concentratie;nf;na filtratie (opgeloste fractie);MAX;Maximum
7456;thiamethoxam;153719-23-4;thiamtxm;Milieu;Oppervlaktewater zoet;Landoppervlaktewateren JG-MKN (opgelost);0,14;µg/l;OW;Oppervlaktewater;CONCTTE;(massa)Concentratie;nf;na filtratie (opgeloste fractie);JGM;Jaargemiddelde
7457;thiamethoxam;153719-23-4;thiamtxm;Milieu;Sediment;Sediment Indicatief MTR (droge stof);2,6;µg/kg;BS;Bodem/Sediment;MASSFTE;Massafractie;dg;t.o.v. drooggewicht;;
7459;thifensulfuron-methyl;79277-27-3;thifsfrnC1y;Milieu;Oppervlaktewater zoet;Landoppervlaktewateren Indicatief MTR (opgelost);0,0013;µg/l;OW;Oppervlaktewater;CONCTTE;(massa)Concentratie;nf;na filtratie (opgeloste fractie);P90;90-Percentiel
7461;thiocyclam;31895-21-3;toccm;Milieu;Oppervlaktewater zoet;Landoppervlaktewateren Indicatief MTR (opgelost);0,04;µg/l;OW;Oppervlaktewater;CONCTTE;(massa)Concentratie;nf;na filtratie (opgeloste fractie);P90;90-Percentiel
7462;thiodicarb;59669-26-0;toDcb;Milieu;Oppervlaktewater zoet;Landoppervlaktewateren Indicatief MTR (opgelost);0,18;µg/l;OW;Oppervlaktewater;CONCTTE;(massa)Concentratie;nf;na filtratie (opgeloste fractie);P90;90-Percentiel
7463;thiofanaat-methyl;23564-05-8;tofnC1y;Milieu;Oppervlaktewater zoet;Landoppervlaktewateren Indicatief MTR (opgelost);0,56;µg/l;OW;Oppervlaktewater;CONCTTE;(massa)Concentratie;nf;na filtratie (opgeloste fractie);P90;90-Percentiel
7464;thiofanox;39196-18-4;tofnx;Milieu;Oppervlaktewater zoet;Landoppervlaktewateren Indicatief MTR (opgelost);0,13;µg/l;OW;Oppervlaktewater;CONCTTE;(massa)Concentratie;nf;na filtratie (opgeloste fractie);P90;90-Percentiel
7465;thiofanoxsulfoxide;39184-27-5;tofnSO;Milieu;Oppervlaktewater zoet;Landoppervlaktewateren Indicatief MTR (opgelost);2100;µg/l;OW;Oppervlaktewater;CONCTTE;(massa)Concentratie;nf;na filtratie (opgeloste fractie);P90;90-Percentiel
7466;thiometon;640-15-3;tomtn;Milieu;Oppervlaktewater zoet;Landoppervlaktewateren Indicatief MTR (opgelost);0,005;µg/l;OW;Oppervlaktewater;CONCTTE;(massa)Concentratie;nf;na filtratie (opgeloste fractie);P90;90-Percentiel
7467;thioureum;62-56-6;tourm;Milieu;Oppervlaktewater zoet;Landoppervlaktewateren Indicatief MTR (opgelost);6,5;µg/l;OW;Oppervlaktewater;CONCTTE;(massa)Concentratie;nf;na filtratie (opgeloste fractie);P90;90-Percentiel
7468;thiram;137-26-8;thirm;Milieu;Oppervlaktewater zoet;Landoppervlaktewateren MTR (totaal);32;ng/l;OW;Oppervlaktewater;CONCTTE;(massa)Concentratie;NVT;Niet van toepassing;P90;90-Percentiel
7469;thiram;137-26-8;thirm;Milieu;Oppervlaktewater zoet;Landoppervlaktewateren MTR (opgelost);32;ng/l;OW;Oppervlaktewater;CONCTTE;(massa)Concentratie;nf;na filtratie (opgeloste fractie);P90;90-Percentiel
7470;thiram;137-26-8;thirm;Milieu;Sediment;Sediment MTR (droge stof);0,8;µg/kg;BS;Bodem/Sediment;MASSFTE;Massafractie;dg;t.o.v. drooggewicht;;
7471;thiram;137-26-8;thirm;Milieu;Oppervlaktewater zoet;log Kp l/kg (zwevend stof);1,69;;OW;Oppervlaktewater;NVT;Niet van toepassing;NVT;Niet van toepassing;NVT;Niet van toepassing
7474;tin;7440-31-5;Sn;Milieu;Grondwater;Grondwater streefwaarde diep (opgelost);2,2;µg/l;GW;Grondwater;CONCTTE;(massa)Concentratie;nf;na filtratie;Nee;
7475;tin;7440-31-5;Sn;Milieu;Grondwater;Grondwater indicatief niveau voor ernstige verontreiniging (opgelost);50;µg/l;GW;Grondwater;CONCTTE;(massa)Concentratie;nf;na filtratie;Nee;
7478;tin;7440-31-5;Sn;Milieu;Oppervlaktewater zoet;Landoppervlaktewateren wettelijk JG-MKN (opgelost);0,6;µg/l;OW;Oppervlaktewater;CONCTTE;(massa)Concentratie;nf;na filtratie (opgeloste fractie);JGM;Jaargemiddelde
7479;tin;7440-31-5;Sn;Milieu;Oppervlaktewater zoet;Landoppervlaktewateren wettelijk MAC-MKN (opgelost);36;µg/l;OW;Oppervlaktewater;CONCTTE;(massa)Concentratie;nf;na filtratie (opgeloste fractie);MAX;Maximum
7480;tin;7440-31-5;Sn;Milieu;Oppervlaktewater zoet;Landoppervlaktewateren achtergrondconcentratie (opgelost);0,0002;µg/l;OW;Oppervlaktewater;CONCTTE;(massa)Concentratie;nf;na filtratie (opgeloste fractie);NVT;Niet van toepassing
7481;tin;7440-31-5;Sn;Milieu;Oppervlaktewater zout;Andere oppervlaktewateren achtergrondconcentratie (opgelost);0,025;µg/l;OW;Oppervlaktewater;CONCTTE;(massa)Concentratie;nf;na filtratie (opgeloste fractie);NVT;Niet van toepassing
7484;tin;7440-31-5;Sn;Milieu;Sediment;Sediment MTR (standaard Sediment met 10% organisch materiaal);240;mg/kg;BS;Bodem/Sediment;MASSFTE;Massafractie;dg;t.o.v. drooggewicht;;
7485;tin;7440-31-5;Sn;Milieu;Oppervlaktewater zoet;log Kp l/kg (zwevend stof);5,57;;OW;Oppervlaktewater;NVT;Niet van toepassing;NVT;Niet van toepassing;NVT;Niet van toepassing
7511;2,4,6-trinitrotolueen;118-96-7;TNT;Milieu;Oppervlaktewater zoet;Landoppervlaktewateren Indicatief MTR (opgelost);0,62;µg/l;OW;Oppervlaktewater;CONCTTE;(massa)Concentratie;nf;na filtratie (opgeloste fractie);P90;90-Percentiel
7514;tolclofos-methyl;57018-04-9;tolcfsC1y;Milieu;Oppervlaktewater zoet;Landoppervlaktewateren wettelijk JG-MKN (totaal);1,2;µg/l;OW;Oppervlaktewater;CONCTTE;(massa)Concentratie;NVT;Niet van toepassing;JGM;Jaargemiddelde
7516;tolclofos-methyl;57018-04-9;tolcfsC1y;Milieu;Oppervlaktewater zoet;Landoppervlaktewateren wettelijk MAC-MKN (totaal);7,1;µg/l;OW;Oppervlaktewater;CONCTTE;(massa)Concentratie;NVT;Niet van toepassing;MAX;Maximum
7519;tolclofos-methyl;57018-04-9;tolcfsC1y;Milieu;Oppervlaktewater zoet;log Kp l/kg (zwevend stof);2,37;;OW;Oppervlaktewater;NVT;Niet van toepassing;NVT;Niet van toepassing;NVT;Niet van toepassing
7520;tolclofos-methyl;57018-04-9;tolcfsC1y;Milieu;Oppervlaktewater zoet;Landoppervlaktewateren JG-MKN (opgelost);1,2;µg/l;OW;Oppervlaktewater;CONCTTE;(massa)Concentratie;nf;na filtratie (opgeloste fractie);JGM;Jaargemiddelde
7522;tolueen;108-88-3;Tol;Milieu;Grondwater;Signaleringsparameter  beoordeling grondwatersanering (opgelost);1000;µg/l;GW;Grondwater;CONCTTE;(massa)Concentratie;nf;na filtratie;Nee;
7527;tolueen;108-88-3;Tol;Milieu;Oppervlaktewater zoet;log Kp l/kg (zwevend stof);1,32;;OW;Oppervlaktewater;NVT;Niet van toepassing;NVT;Niet van toepassing;NVT;Niet van toepassing
7528;tolueen;108-88-3;Tol;Milieu;Oppervlaktewater zoet;Landoppervlaktewateren JG-MKN (totaal);74;µg/l;OW;Oppervlaktewater;CONCTTE;(massa)Concentratie;NVT;Niet van toepassing;JGM;Jaargemiddelde
7529;tolueen;108-88-3;Tol;Milieu;Oppervlaktewater zoet;Landoppervlaktewateren MAC-MKN (totaal);550;µg/l;OW;Oppervlaktewater;CONCTTE;(massa)Concentratie;NVT;Niet van toepassing;MAX;Maximum
7530;tolueen;108-88-3;Tol;Milieu;Oppervlaktewater zout;Andere oppervlaktewateren JG-MKN (totaal);7,4;µg/l;OW;Oppervlaktewater;CONCTTE;(massa)Concentratie;NVT;Niet van toepassing;JGM;Jaargemiddelde
7531;tolueen;108-88-3;Tol;Milieu;Oppervlaktewater zout;Andere oppervlaktewateren MAC-MKN (totaal);55;µg/l;OW;Oppervlaktewater;CONCTTE;(massa)Concentratie;NVT;Niet van toepassing;MAX;Maximum
7544;tolueen;108-88-3;Tol;Milieu;Grondwater;Standaardwaarden grondwater (inclusief AC) (opgelost);7;µg/l;GW;Grondwater;CONCTTE;(massa)Concentratie;nf;na filtratie;Nee;
7569;tolylfluanide;731-27-1;tolfande;Milieu;Oppervlaktewater zoet;Landoppervlaktewateren Indicatief MTR (opgelost);0,5;µg/l;OW;Oppervlaktewater;CONCTTE;(massa)Concentratie;nf;na filtratie (opgeloste fractie);P90;90-Percentiel
7571;natriumtolyltriazool;64665-57-2;;Milieu;Oppervlaktewater zoet;Landoppervlaktewateren Indicatief MTR (opgelost);21,4;µg/l;OW;Oppervlaktewater;CONCTTE;(massa)Concentratie;nf;na filtratie (opgeloste fractie);P90;90-Percentiel
7573;toxafeen (ZZS);8001-35-2;toxafn;Milieu;Oppervlaktewater zoet;Landoppervlaktewateren Indicatief MTR (opgelost);2,67E-05;µg/l;OW;Oppervlaktewater;CONCTTE;(massa)Concentratie;nf;na filtratie (opgeloste fractie);P90;90-Percentiel
7576;transfluthrin;118712-89-3;tftn;Milieu;Oppervlaktewater zoet;Landoppervlaktewateren Indicatief MTR (opgelost);7e-005;µg/l;OW;Oppervlaktewater;CONCTTE;(massa)Concentratie;nf;na filtratie (opgeloste fractie);P90;90-Percentiel
7578;triadimefon;43121-43-3;Tadmfn;Milieu;Oppervlaktewater zoet;Landoppervlaktewateren Indicatief MTR (opgelost);0,91;µg/l;OW;Oppervlaktewater;CONCTTE;(massa)Concentratie;nf;na filtratie (opgeloste fractie);P90;90-Percentiel
7579;triadimenol (ZZS);55219-65-3;Tadmnl;Milieu;Oppervlaktewater zoet;Landoppervlaktewateren Indicatief MTR (opgelost);3,2;µg/l;OW;Oppervlaktewater;CONCTTE;(massa)Concentratie;nf;na filtratie (opgeloste fractie);P90;90-Percentiel
7580;tri-allaat;2303-17-5;Talt;Milieu;Oppervlaktewater zoet;Landoppervlaktewateren MTR (totaal);1900;ng/l;OW;Oppervlaktewater;CONCTTE;(massa)Concentratie;NVT;Niet van toepassing;P90;90-Percentiel
7581;tri-allaat;2303-17-5;Talt;Milieu;Oppervlaktewater zoet;Landoppervlaktewateren MTR (opgelost);1900;ng/l;OW;Oppervlaktewater;CONCTTE;(massa)Concentratie;nf;na filtratie (opgeloste fractie);P90;90-Percentiel
7582;tri-allaat;2303-17-5;Talt;Milieu;Sediment;Sediment MTR (droge stof);160;µg/kg;BS;Bodem/Sediment;MASSFTE;Massafractie;dg;t.o.v. drooggewicht;;
7583;tri-allaat;2303-17-5;Talt;Milieu;Oppervlaktewater zoet;log Kp l/kg (zwevend stof);2,19;;OW;Oppervlaktewater;NVT;Niet van toepassing;NVT;Niet van toepassing;NVT;Niet van toepassing
7584;triamifos;1031-47-6;Tamfs;Milieu;Oppervlaktewater zoet;Landoppervlaktewateren Indicatief MTR (opgelost);0,0191;µg/l;OW;Oppervlaktewater;CONCTTE;(massa)Concentratie;nf;na filtratie (opgeloste fractie);P90;90-Percentiel
7585;triasulfuron;82097-50-5;Tasfrn;Milieu;Oppervlaktewater zoet;Landoppervlaktewateren Indicatief MTR (opgelost);6,8e-005;µg/l;OW;Oppervlaktewater;CONCTTE;(massa)Concentratie;nf;na filtratie (opgeloste fractie);P90;90-Percentiel
7586;triazamaat;112143-82-5;Tazmt;Milieu;Oppervlaktewater zoet;Landoppervlaktewateren Indicatief MTR (opgelost);0,048;µg/l;OW;Oppervlaktewater;CONCTTE;(massa)Concentratie;nf;na filtratie (opgeloste fractie);P90;90-Percentiel
7587;triazofos;24017-47-8;Tazfs;Milieu;Oppervlaktewater zoet;Landoppervlaktewateren wettelijk JG-MKN (totaal);1;ng/l;OW;Oppervlaktewater;CONCTTE;(massa)Concentratie;NVT;Niet van toepassing;JGM;Jaargemiddelde
7588;triazofos;24017-47-8;Tazfs;Milieu;Oppervlaktewater zout;Andere oppervlaktewateren wettelijk JG-MKN (totaal);0,1;ng/l;OW;Oppervlaktewater;CONCTTE;(massa)Concentratie;NVT;Niet van toepassing;JGM;Jaargemiddelde
7589;triazofos;24017-47-8;Tazfs;Milieu;Oppervlaktewater zoet;Landoppervlaktewateren wettelijk MAC-MKN (totaal);20;ng/l;OW;Oppervlaktewater;CONCTTE;(massa)Concentratie;NVT;Niet van toepassing;MAX;Maximum
7590;triazofos;24017-47-8;Tazfs;Milieu;Oppervlaktewater zout;Andere oppervlaktewateren wettelijk MAC-MKN (totaal);2;ng/l;OW;Oppervlaktewater;CONCTTE;(massa)Concentratie;NVT;Niet van toepassing;MAX;Maximum
7592;triazofos;24017-47-8;Tazfs;Milieu;Oppervlaktewater zoet;log Kp l/kg (zwevend stof);1,57-1,67;;OW;Oppervlaktewater;NVT;Niet van toepassing;NVT;Niet van toepassing;NVT;Niet van toepassing
7593;triazofos;24017-47-8;Tazfs;Milieu;Oppervlaktewater zoet;Landoppervlaktewateren JG-MKN (opgelost);1;ng/l;OW;Oppervlaktewater;CONCTTE;(massa)Concentratie;nf;na filtratie (opgeloste fractie);JGM;Jaargemiddelde
7594;triazofos;24017-47-8;Tazfs;Milieu;Oppervlaktewater zoet;Landoppervlaktewateren MAC-MKN (opgelost);20;ng/l;OW;Oppervlaktewater;CONCTTE;(massa)Concentratie;nf;na filtratie (opgeloste fractie);MAX;Maximum
7595;triazofos;24017-47-8;Tazfs;Milieu;Oppervlaktewater zout;Andere oppervlaktewateren JG-MKN (opgelost);0,1;ng/l;OW;Oppervlaktewater;CONCTTE;(massa)Concentratie;nf;na filtratie (opgeloste fractie);JGM;Jaargemiddelde
7596;triazofos;24017-47-8;Tazfs;Milieu;Oppervlaktewater zout;Andere oppervlaktewateren MAC-MKN (opgelost);2;ng/l;OW;Oppervlaktewater;CONCTTE;(massa)Concentratie;nf;na filtratie (opgeloste fractie);MAX;Maximum
7598;tribroommethaan;75-25-2;TBrC1a;Milieu;Grondwater;Signaleringsparameter  beoordeling grondwatersanering (opgelost);630;µg/l;GW;Grondwater;CONCTTE;(massa)Concentratie;nf;na filtratie;Nee;
7624;tribroommethaan;75-25-2;TBrC1a;Milieu;Oppervlaktewater zoet;Landoppervlaktewateren MTR (totaal);11,3;µg/l;OW;Oppervlaktewater;CONCTTE;(massa)Concentratie;NVT;Niet van toepassing;P90;90-Percentiel
7625;tributylfosfaat;126-73-8;TC4yPO4;Milieu;Sediment;Sediment MTR (droge stof);5400;µg/kg;BS;Bodem/Sediment;MASSFTE;Massafractie;dg;t.o.v. drooggewicht;;
7626;tributylfosfaat;126-73-8;TC4yPO4;Milieu;Oppervlaktewater zoet;Landoppervlaktewateren wettelijk MAC-MKN (totaal);170;µg/l;OW;Oppervlaktewater;CONCTTE;(massa)Concentratie;NVT;Niet van toepassing;MAX;Maximum
7627;tributylfosfaat;126-73-8;TC4yPO4;Milieu;Oppervlaktewater zout;Andere oppervlaktewateren wettelijk MAC-MKN (totaal);17;µg/l;OW;Oppervlaktewater;CONCTTE;(massa)Concentratie;NVT;Niet van toepassing;MAX;Maximum
7628;tributylfosfaat;126-73-8;TC4yPO4;Milieu;Oppervlaktewater zout;Andere oppervlaktewateren wettelijk JG-MKN (totaal);6,6;µg/l;OW;Oppervlaktewater;CONCTTE;(massa)Concentratie;NVT;Niet van toepassing;JGM;Jaargemiddelde
7629;tributylfosfaat;126-73-8;TC4yPO4;Milieu;Oppervlaktewater zoet;Landoppervlaktewateren wettelijk JG-MKN (totaal);66;µg/l;OW;Oppervlaktewater;CONCTTE;(massa)Concentratie;NVT;Niet van toepassing;JGM;Jaargemiddelde
7630;tributylfosfaat;126-73-8;TC4yPO4;Milieu;Oppervlaktewater zoet;Landoppervlaktewateren JG-MKN (opgelost);66;µg/l;OW;Oppervlaktewater;CONCTTE;(massa)Concentratie;nf;na filtratie (opgeloste fractie);JGM;Jaargemiddelde
7631;tributylfosfaat;126-73-8;TC4yPO4;Milieu;Oppervlaktewater zoet;Landoppervlaktewateren MAC-MKN (opgelost);170;µg/l;OW;Oppervlaktewater;CONCTTE;(massa)Concentratie;nf;na filtratie (opgeloste fractie);MAX;Maximum
7632;tributylfosfaat;126-73-8;TC4yPO4;Milieu;Oppervlaktewater zout;Andere oppervlaktewateren JG-MKN (opgelost);6,6;µg/l;OW;Oppervlaktewater;CONCTTE;(massa)Concentratie;nf;na filtratie (opgeloste fractie);JGM;Jaargemiddelde
7633;tributylfosfaat;126-73-8;TC4yPO4;Milieu;Oppervlaktewater zout;Andere oppervlaktewateren MAC-MKN (opgelost);17;µg/l;OW;Oppervlaktewater;CONCTTE;(massa)Concentratie;nf;na filtratie (opgeloste fractie);MAX;Maximum
7660;tributyltin-kation (ZZS);36643-28-4;TC4ySn;Milieu;Oppervlaktewater zoet;Landoppervlaktewateren wettelijk JG-MKN (totaal);0,0002;µg/l;OW;Oppervlaktewater;CONCTTE;(massa)Concentratie;NVT;Niet van toepassing;JGM;Jaargemiddelde
7661;tributyltin-kation (ZZS);36643-28-4;TC4ySn;Milieu;Oppervlaktewater zout;Andere oppervlaktewateren wettelijk JG-MKN (totaal);0,0002;µg/l;OW;Oppervlaktewater;CONCTTE;(massa)Concentratie;NVT;Niet van toepassing;JGM;Jaargemiddelde
7662;tributyltin-kation (ZZS);36643-28-4;TC4ySn;Milieu;Oppervlaktewater zoet;Landoppervlaktewateren wettelijk MAC-MKN (totaal);0,0015;µg/l;OW;Oppervlaktewater;CONCTTE;(massa)Concentratie;NVT;Niet van toepassing;MAX;Maximum
7663;tributyltin-kation (ZZS);36643-28-4;TC4ySn;Milieu;Oppervlaktewater zout;Andere oppervlaktewateren wettelijk MAC-MKN (totaal);0,0015;µg/l;OW;Oppervlaktewater;CONCTTE;(massa)Concentratie;NVT;Niet van toepassing;MAX;Maximum
7664;tributyltin-kation (ZZS);36643-28-4;TC4ySn;Milieu;Sediment;Sediment MTR (droge stof);10;µg/kg;BS;Bodem/Sediment;MASSFTE;Massafractie;dg;t.o.v. drooggewicht;;
7665;tributyltin-kation (ZZS);36643-28-4;TC4ySn;Milieu;Sediment;Sediment MTR andere oppervlaktewateren (droge stof);0,7;mg/kg;BS;Bodem/Sediment;MASSFTE;Massafractie;dg;t.o.v. drooggewicht;;
7666;tributyltin-kation (ZZS);36643-28-4;TC4ySn;Milieu;Oppervlaktewater zoet;log Kp l/kg (zwevend stof);3,17;;OW;Oppervlaktewater;NVT;Niet van toepassing;NVT;Niet van toepassing;NVT;Niet van toepassing
7669;trichloorbenzenen som (ZZS);12002-48-1;TClBen;Milieu;Oppervlaktewater zoet;log Kp l/kg (zwevend stof);2,38;;OW;Oppervlaktewater;NVT;Niet van toepassing;NVT;Niet van toepassing;NVT;Niet van toepassing
7670;trichloorbenzenen som (ZZS);12002-48-1;TClBen;Milieu;Oppervlaktewater zoet;Landoppervlaktewateren wettelijk JG-MKN (totaal);0,4;µg/l;OW;Oppervlaktewater;CONCTTE;(massa)Concentratie;NVT;Niet van toepassing;JGM;Jaargemiddelde
7672;trichloorbenzenen som (ZZS);12002-48-1;TClBen;Milieu;Oppervlaktewater zout;Andere oppervlaktewateren wettelijk JG-MKN (totaal);0,4;µg/l;OW;Oppervlaktewater;CONCTTE;(massa)Concentratie;NVT;Niet van toepassing;JGM;Jaargemiddelde
7674;trichloorbenzenen som (ZZS);12002-48-1;TClBen;Milieu;Sediment;Sediment MTR (droge stof);7;mg/kg;BS;Bodem/Sediment;MASSFTE;Massafractie;dg;t.o.v. drooggewicht;;
7676;trichloorbenzenen som (ZZS);12002-48-1;TClBen;Milieu;Grondwater;Standaardwaarden grondwater (inclusief AC) (opgelost);0,01;µg/l;GW;Grondwater;CONCTTE;(massa)Concentratie;nf;na filtratie;Nee;
7677;trichloorbenzenen som (ZZS);12002-48-1;TClBen;Milieu;Grondwater;Signaleringsparameter  beoordeling grondwatersanering (opgelost);10;µg/l;GW;Grondwater;CONCTTE;(massa)Concentratie;nf;na filtratie;Nee;
7702;trichlooretheen (ZZS);79-01-6;TClC2e;Milieu;Grondwater;Signaleringsparameter  beoordeling grondwatersanering (opgelost);500;µg/l;GW;Grondwater;CONCTTE;(massa)Concentratie;nf;na filtratie;Nee;
7703;trichlooretheen (ZZS);79-01-6;TClC2e;Milieu;Oppervlaktewater zoet;Landoppervlaktewateren wettelijk JG-MKN (totaal);10;µg/l;OW;Oppervlaktewater;CONCTTE;(massa)Concentratie;NVT;Niet van toepassing;JGM;Jaargemiddelde
7704;trichlooretheen (ZZS);79-01-6;TClC2e;Milieu;Oppervlaktewater zout;Andere oppervlaktewateren wettelijk JG-MKN (totaal);10;µg/l;OW;Oppervlaktewater;CONCTTE;(massa)Concentratie;NVT;Niet van toepassing;JGM;Jaargemiddelde
7707;trichlooretheen (ZZS);79-01-6;TClC2e;Milieu;Sediment;Sediment MTR (droge stof);13;mg/kg;BS;Bodem/Sediment;MASSFTE;Massafractie;dg;t.o.v. drooggewicht;;
7709;trichlooretheen (ZZS);79-01-6;TClC2e;Milieu;Oppervlaktewater zoet;log Kp l/kg (zwevend stof);1,11;;OW;Oppervlaktewater;NVT;Niet van toepassing;NVT;Niet van toepassing;NVT;Niet van toepassing
7727;trichlooretheen (ZZS);79-01-6;TClC2e;Milieu;Grondwater;Standaardwaarden grondwater (inclusief AC) (opgelost);24;µg/l;GW;Grondwater;CONCTTE;(massa)Concentratie;nf;na filtratie;Nee;
7751;trichloorfon;52-68-6;TClfn;Milieu;Sediment;Sediment MTR (droge stof);0,002;µg/kg;BS;Bodem/Sediment;MASSFTE;Massafractie;dg;t.o.v. drooggewicht;;
7752;trichloorfon;52-68-6;TClfn;Milieu;Oppervlaktewater zoet;log Kp l/kg (zwevend stof);0,65;;OW;Oppervlaktewater;NVT;Niet van toepassing;NVT;Niet van toepassing;NVT;Niet van toepassing
7753;trichloorfon;52-68-6;TClfn;Milieu;Oppervlaktewater zoet;Landoppervlaktewateren wettelijk JG-MKN (totaal);1;ng/l;OW;Oppervlaktewater;CONCTTE;(massa)Concentratie;NVT;Niet van toepassing;JGM;Jaargemiddelde
7757;trichloorfon;52-68-6;TClfn;Milieu;Oppervlaktewater zoet;Landoppervlaktewateren JG-MKN (opgelost);1;ng/l;OW;Oppervlaktewater;CONCTTE;(massa)Concentratie;nf;na filtratie (opgeloste fractie);JGM;Jaargemiddelde
7759;trichloormethaan;67-66-3;TClC1a;Milieu;Grondwater;Signaleringsparameter  beoordeling grondwatersanering (opgelost);400;µg/l;GW;Grondwater;CONCTTE;(massa)Concentratie;nf;na filtratie;Nee;
7762;trichloormethaan;67-66-3;TClC1a;Milieu;Oppervlaktewater zoet;Landoppervlaktewateren wettelijk JG-MKN (totaal);2,5;µg/l;OW;Oppervlaktewater;CONCTTE;(massa)Concentratie;NVT;Niet van toepassing;JGM;Jaargemiddelde
7763;trichloormethaan;67-66-3;TClC1a;Milieu;Oppervlaktewater zout;Andere oppervlaktewateren wettelijk JG-MKN (totaal);2,5;µg/l;OW;Oppervlaktewater;CONCTTE;(massa)Concentratie;NVT;Niet van toepassing;JGM;Jaargemiddelde
7766;trichloormethaan;67-66-3;TClC1a;Milieu;Sediment;Sediment MTR (droge stof);2;mg/kg;BS;Bodem/Sediment;MASSFTE;Massafractie;dg;t.o.v. drooggewicht;;
7768;trichloormethaan;67-66-3;TClC1a;Milieu;Oppervlaktewater zoet;log Kp l/kg (zwevend stof);0,88;;OW;Oppervlaktewater;NVT;Niet van toepassing;NVT;Niet van toepassing;NVT;Niet van toepassing
7783;trichloormethaan;67-66-3;TClC1a;Milieu;Grondwater;Standaardwaarden grondwater (inclusief AC) (opgelost);6;µg/l;GW;Grondwater;CONCTTE;(massa)Concentratie;nf;na filtratie;Nee;
7807;benzotrichloride (ZZS);98-07-7;111TClTol;Milieu;Oppervlaktewater zoet;Landoppervlaktewateren Indicatief MTR (opgelost);2,19E-04;µg/l;OW;Oppervlaktewater;CONCTTE;(massa)Concentratie;nf;na filtratie (opgeloste fractie);P90;90-Percentiel
7810;trichloornaftaleen (ZZS);1321-65-9;TClNaf;Milieu;Oppervlaktewater zoet;Landoppervlaktewateren Indicatief MTR (opgelost);4,77E-03;µg/l;OW;Oppervlaktewater;CONCTTE;(massa)Concentratie;nf;na filtratie (opgeloste fractie);P90;90-Percentiel
7815;trichloortrimethylbenzeen;5324-68-5;135TCl246TC1;Milieu;Oppervlaktewater zoet;Landoppervlaktewateren Indicatief MTR (opgelost);0,034;µg/l;OW;Oppervlaktewater;CONCTTE;(massa)Concentratie;nf;na filtratie (opgeloste fractie);P90;90-Percentiel
7817;trichloronaat;327-98-0;TClnt;Milieu;Oppervlaktewater zoet;Landoppervlaktewateren Indicatief MTR (opgelost);3e-006;µg/l;OW;Oppervlaktewater;CONCTTE;(massa)Concentratie;nf;na filtratie (opgeloste fractie);P90;90-Percentiel
7818;triclocarban;101-20-2;Tccbn;Milieu;Oppervlaktewater zoet;Landoppervlaktewateren Indicatief MTR (opgelost);6,40E-04;µg/l;OW;Oppervlaktewater;CONCTTE;(massa)Concentratie;nf;na filtratie (opgeloste fractie);P90;90-Percentiel
7821;triclopyr;55335-06-3;Tcpr;Milieu;Oppervlaktewater zoet;Landoppervlaktewateren Indicatief MTR (opgelost);1,2;µg/l;OW;Oppervlaktewater;CONCTTE;(massa)Concentratie;nf;na filtratie (opgeloste fractie);P90;90-Percentiel
7822;triclopyr-butoxyethylester;64700-56-7;TcpC4OxC2yEs;Milieu;Oppervlaktewater zoet;Landoppervlaktewateren Indicatief MTR (opgelost);0,52;µg/l;OW;Oppervlaktewater;CONCTTE;(massa)Concentratie;nf;na filtratie (opgeloste fractie);P90;90-Percentiel
7825;tris(methylfenyl)fosfaat;1330-78-5;TcsPO4;Milieu;Oppervlaktewater zoet;Landoppervlaktewateren MTR (opgelost);0,032;µg/l;OW;Oppervlaktewater;CONCTTE;(massa)Concentratie;nf;na filtratie (opgeloste fractie);P90;90-Percentiel
7826;tris(methylfenyl)fosfaat;1330-78-5;TcsPO4;Milieu;Sediment;Sediment MTR (droge stof);9;µg/kg;BS;Bodem/Sediment;MASSFTE;Massafractie;dg;t.o.v. drooggewicht;;
7827;tris(methylfenyl)fosfaat;1330-78-5;TcsPO4;Milieu;Oppervlaktewater zoet;Landoppervlaktewateren MTR (totaal);0,033;µg/l;OW;Oppervlaktewater;CONCTTE;(massa)Concentratie;NVT;Niet van toepassing;P90;90-Percentiel
7828;tris(methylfenyl)fosfaat;1330-78-5;TcsPO4;Milieu;Oppervlaktewater zout;Andere oppervlaktewateren MTR (opgelost);0,0032;µg/l;OW;Oppervlaktewater;CONCTTE;(massa)Concentratie;nf;na filtratie (opgeloste fractie);P90;90-Percentiel
7829;tris(methylfenyl)fosfaat;1330-78-5;TcsPO4;Milieu;Oppervlaktewater zout;Andere oppervlaktewateren MTR (totaal);0,0032;µg/l;OW;Oppervlaktewater;CONCTTE;(massa)Concentratie;NVT;Niet van toepassing;P90;90-Percentiel
7830;tricyclazool;41814-78-2;Tcczl;Milieu;Oppervlaktewater zoet;Landoppervlaktewateren Indicatief MTR (opgelost);0,47;µg/l;OW;Oppervlaktewater;CONCTTE;(massa)Concentratie;nf;na filtratie (opgeloste fractie);P90;90-Percentiel
7831;tricyclazool;41814-78-2;Tcczl;Milieu;Sediment;Sediment Indicatief MTR (droge stof);3,2;µg/kg;BS;Bodem/Sediment;MASSFTE;Massafractie;dg;t.o.v. drooggewicht;;
7842;triethylcitraat;77-93-0;TC2ycitt;Milieu;Oppervlaktewater zoet;Landoppervlaktewateren Indicatief MTR (opgelost);45;µg/l;OW;Oppervlaktewater;CONCTTE;(massa)Concentratie;nf;na filtratie (opgeloste fractie);P90;90-Percentiel
7843;triethylcitraat;77-93-0;TC2ycitt;Milieu;Sediment;Sediment Indicatief MTR (droge stof);2,08E+02;µg/kg;BS;Bodem/Sediment;MASSFTE;Massafractie;dg;t.o.v. drooggewicht;;
7845;triethyleentetramine;112-24-3;TC2yeT4Ae;Milieu;Oppervlaktewater zoet;Landoppervlaktewateren Indicatief MTR (opgelost);0,08;mg/l;OW;Oppervlaktewater;CONCTTE;(massa)Concentratie;nf;na filtratie (opgeloste fractie);P90;90-Percentiel
7846;triethyl fosfaat;78-40-0;TC2yPO4;Milieu;Oppervlaktewater zoet;Landoppervlaktewateren MTR (opgelost);1600;µg/l;OW;Oppervlaktewater;CONCTTE;(massa)Concentratie;nf;na filtratie (opgeloste fractie);P90;90-Percentiel
7847;triethyl fosfaat;78-40-0;TC2yPO4;Milieu;Sediment;Sediment MTR (droge stof);6800;µg/kg;BS;Bodem/Sediment;MASSFTE;Massafractie;dg;t.o.v. drooggewicht;;
7848;triethyl fosfaat;78-40-0;TC2yPO4;Milieu;Oppervlaktewater zoet;Landoppervlaktewateren MTR (totaal);1600;µg/l;OW;Oppervlaktewater;CONCTTE;(massa)Concentratie;NVT;Niet van toepassing;P90;90-Percentiel
7849;triethyl fosfaat;78-40-0;TC2yPO4;Milieu;Oppervlaktewater zout;Andere oppervlaktewateren MTR (opgelost);160;µg/l;OW;Oppervlaktewater;CONCTTE;(massa)Concentratie;nf;na filtratie (opgeloste fractie);P90;90-Percentiel
7850;triethyl fosfaat;78-40-0;TC2yPO4;Milieu;Oppervlaktewater zout;Andere oppervlaktewateren MTR (totaal);160;µg/l;OW;Oppervlaktewater;CONCTTE;(massa)Concentratie;NVT;Niet van toepassing;P90;90-Percentiel
7853;trifenylfosfaat (ZZS);115-86-6;TFyPO4;Milieu;Oppervlaktewater zoet;Landoppervlaktewateren MTR (opgelost);0,16;µg/l;OW;Oppervlaktewater;CONCTTE;(massa)Concentratie;nf;na filtratie (opgeloste fractie);P90;90-Percentiel
7854;trifenylfosfaat (ZZS);115-86-6;TFyPO4;Milieu;Sediment;Sediment MTR (droge stof);95;µg/kg;BS;Bodem/Sediment;MASSFTE;Massafractie;dg;t.o.v. drooggewicht;;
7855;trifenylfosfaat (ZZS);115-86-6;TFyPO4;Milieu;Oppervlaktewater zoet;Landoppervlaktewateren MTR (totaal);0,17;µg/l;OW;Oppervlaktewater;CONCTTE;(massa)Concentratie;NVT;Niet van toepassing;P90;90-Percentiel
7856;trifenylfosfaat (ZZS);115-86-6;TFyPO4;Milieu;Oppervlaktewater zout;Andere oppervlaktewateren MTR (opgelost);0,016;µg/l;OW;Oppervlaktewater;CONCTTE;(massa)Concentratie;nf;na filtratie (opgeloste fractie);P90;90-Percentiel
7857;trifenylfosfaat (ZZS);115-86-6;TFyPO4;Milieu;Oppervlaktewater zout;Andere oppervlaktewateren MTR (totaal);0,016;µg/l;OW;Oppervlaktewater;CONCTTE;(massa)Concentratie;NVT;Niet van toepassing;P90;90-Percentiel
7859;trifenylfosfine (ZZS);603-35-0;Tfyffne;Milieu;Oppervlaktewater zoet;Landoppervlaktewateren Indicatief MTR (opgelost);3,33E-03;µg/l;OW;Oppervlaktewater;CONCTTE;(massa)Concentratie;nf;na filtratie (opgeloste fractie);P90;90-Percentiel
7866;trifenyltinacetaat (ZZS);900-95-8;fentactt;Milieu;Sediment;Sediment MTR (droge stof);6;mg/kg;BS;Bodem/Sediment;MASSFTE;Massafractie;dg;t.o.v. drooggewicht;;
7867;trifenyltinacetaat (ZZS);900-95-8;fentactt;Milieu;Sediment;Sediment MTR andere oppervlaktewateren (droge stof);1;mg/kg;BS;Bodem/Sediment;MASSFTE;Massafractie;dg;t.o.v. drooggewicht;;
7868;trifenyltinchloride (ZZS);639-58-7;;Milieu;Sediment;Sediment MTR (droge stof);6;mg/kg;BS;Bodem/Sediment;MASSFTE;Massafractie;dg;t.o.v. drooggewicht;;
7869;trifenyltinchloride (ZZS);639-58-7;;Milieu;Sediment;Sediment MTR andere oppervlaktewateren (droge stof);1;mg/kg;BS;Bodem/Sediment;MASSFTE;Massafractie;dg;t.o.v. drooggewicht;;
7870;trifloxystrobine (ZZS);141517-21-7;Tfxsbn;Milieu;Oppervlaktewater zoet;Landoppervlaktewateren JG-MKN (opgelost);0,27;µg/l;OW;Oppervlaktewater;CONCTTE;(massa)Concentratie;nf;na filtratie (opgeloste fractie);JGM;Jaargemiddelde
7871;trifloxystrobine (ZZS);141517-21-7;Tfxsbn;Milieu;Oppervlaktewater zoet;Landoppervlaktewateren MAC-MKN (opgelost);0,81;µg/l;OW;Oppervlaktewater;CONCTTE;(massa)Concentratie;nf;na filtratie (opgeloste fractie);MAX;Maximum
7872;triflumizool (ZZS);68694-11-1;Tfmzl;Milieu;Oppervlaktewater zoet;Landoppervlaktewateren JG-MKN (opgelost);2,9;µg/l;OW;Oppervlaktewater;CONCTTE;(massa)Concentratie;nf;na filtratie (opgeloste fractie);JGM;Jaargemiddelde
7873;triflumizool (ZZS);68694-11-1;Tfmzl;Milieu;Oppervlaktewater zoet;Landoppervlaktewateren MAC-MKN (opgelost);57;µg/l;OW;Oppervlaktewater;CONCTTE;(massa)Concentratie;nf;na filtratie (opgeloste fractie);MAX;Maximum
7874;triflumuron (ZZS);64628-44-0;Tfmrn;Milieu;Oppervlaktewater zoet;Landoppervlaktewateren Indicatief MTR (opgelost);0,00064;µg/l;OW;Oppervlaktewater;CONCTTE;(massa)Concentratie;nf;na filtratie (opgeloste fractie);P90;90-Percentiel
7875;trifluorjoodmethaan;2314-97-8;TFIC1a;Milieu;Oppervlaktewater zoet;Landoppervlaktewateren Indicatief MTR (opgelost);2,03E-03;µg/l;OW;Oppervlaktewater;CONCTTE;(massa)Concentratie;nf;na filtratie (opgeloste fractie);P90;90-Percentiel
7878;trifluraline (ZZS);1582-09-8;Tfrlne;Milieu;Oppervlaktewater zoet;Landoppervlaktewateren wettelijk JG-MKN (totaal);0,03;µg/l;OW;Oppervlaktewater;CONCTTE;(massa)Concentratie;NVT;Niet van toepassing;JGM;Jaargemiddelde
7879;trifluraline (ZZS);1582-09-8;Tfrlne;Milieu;Oppervlaktewater zout;Andere oppervlaktewateren wettelijk JG-MKN (totaal);0,03;µg/l;OW;Oppervlaktewater;CONCTTE;(massa)Concentratie;NVT;Niet van toepassing;JGM;Jaargemiddelde
7880;trifluraline (ZZS);1582-09-8;Tfrlne;Milieu;Sediment;Sediment MTR (droge stof);19;µg/kg;BS;Bodem/Sediment;MASSFTE;Massafractie;dg;t.o.v. drooggewicht;;
7882;trifluraline (ZZS);1582-09-8;Tfrlne;Milieu;Oppervlaktewater zoet;log Kp l/kg (zwevend stof);3,00;;OW;Oppervlaktewater;NVT;Niet van toepassing;NVT;Niet van toepassing;NVT;Niet van toepassing
7886;triflusulfuron-methyl (ZZS);126535-15-7;TfsfrnC1y;Milieu;Oppervlaktewater zoet;log Kp l/kg (zwevend stof);0,74;;OW;Oppervlaktewater;NVT;Niet van toepassing;NVT;Niet van toepassing;NVT;Niet van toepassing
7887;triflusulfuron-methyl (ZZS);126535-15-7;TfsfrnC1y;Milieu;Oppervlaktewater zoet;Landoppervlaktewateren JG-MKN (opgelost);0,13;µg/l;OW;Oppervlaktewater;CONCTTE;(massa)Concentratie;nf;na filtratie (opgeloste fractie);JGM;Jaargemiddelde
7888;triflusulfuron-methyl (ZZS);126535-15-7;TfsfrnC1y;Milieu;Oppervlaktewater zoet;Landoppervlaktewateren MAC-MKN (opgelost);0,28;µg/l;OW;Oppervlaktewater;CONCTTE;(massa)Concentratie;nf;na filtratie (opgeloste fractie);MAX;Maximum
7891;triforine;26644-46-2;Tfrne;Milieu;Oppervlaktewater zoet;Landoppervlaktewateren Indicatief MTR (opgelost);0,6;µg/l;OW;Oppervlaktewater;CONCTTE;(massa)Concentratie;nf;na filtratie (opgeloste fractie);P90;90-Percentiel
7893;trimethylammoniumchloride;593-81-7;TC1yNH4Cl;Milieu;Oppervlaktewater zoet;Landoppervlaktewateren Indicatief MTR (opgelost);0,012;µg/l;OW;Oppervlaktewater;CONCTTE;(massa)Concentratie;nf;na filtratie (opgeloste fractie);P90;90-Percentiel
7894;trimethylammoniumchloride;593-81-7;TC1yNH4Cl;Milieu;Sediment;Sediment Indicatief MTR (droge stof);0,076;µg/kg;BS;Bodem/Sediment;MASSFTE;Massafractie;dg;t.o.v. drooggewicht;;
7901;trinexapac-ethyl;95266-40-3;TnxpcC2y;Milieu;Oppervlaktewater zoet;Landoppervlaktewateren Indicatief MTR (opgelost);1,6;µg/l;OW;Oppervlaktewater;CONCTTE;(massa)Concentratie;nf;na filtratie (opgeloste fractie);P90;90-Percentiel
7905;tris(2-butoxyethyl) fosfaat;78-51-3;tris2C4oxC2y;Milieu;Oppervlaktewater zoet;Landoppervlaktewateren MTR (opgelost);13;µg/l;OW;Oppervlaktewater;CONCTTE;(massa)Concentratie;nf;na filtratie (opgeloste fractie);P90;90-Percentiel
7906;tris(2-butoxyethyl) fosfaat;78-51-3;tris2C4oxC2y;Milieu;Sediment;Sediment MTR (droge stof);830;µg/kg;BS;Bodem/Sediment;MASSFTE;Massafractie;dg;t.o.v. drooggewicht;;
7907;tris(2-butoxyethyl) fosfaat;78-51-3;tris2C4oxC2y;Milieu;Oppervlaktewater zoet;Landoppervlaktewateren MTR (totaal);13;µg/l;OW;Oppervlaktewater;CONCTTE;(massa)Concentratie;NVT;Niet van toepassing;P90;90-Percentiel
7908;tris(2-butoxyethyl) fosfaat;78-51-3;tris2C4oxC2y;Milieu;Oppervlaktewater zout;Andere oppervlaktewateren MTR (opgelost);1,3;µg/l;OW;Oppervlaktewater;CONCTTE;(massa)Concentratie;nf;na filtratie (opgeloste fractie);P90;90-Percentiel
7909;tris(2-methylpropyl)fosfaat;126-71-6;TiC4yPO4;Milieu;Oppervlaktewater zoet;Landoppervlaktewateren MTR (opgelost);11;µg/l;OW;Oppervlaktewater;CONCTTE;(massa)Concentratie;nf;na filtratie (opgeloste fractie);P90;90-Percentiel
7910;tris(2-methylpropyl)fosfaat;126-71-6;TiC4yPO4;Milieu;Sediment;Sediment MTR (droge stof);660;µg/kg;BS;Bodem/Sediment;MASSFTE;Massafractie;dg;t.o.v. drooggewicht;;
7911;tris(2-methylpropyl)fosfaat;126-71-6;TiC4yPO4;Milieu;Oppervlaktewater zoet;Landoppervlaktewateren MTR (totaal);11;µg/l;OW;Oppervlaktewater;CONCTTE;(massa)Concentratie;NVT;Niet van toepassing;P90;90-Percentiel
7912;tris(2-methylpropyl)fosfaat;126-71-6;TiC4yPO4;Milieu;Oppervlaktewater zout;Andere oppervlaktewateren MTR (opgelost);1,1;µg/l;OW;Oppervlaktewater;CONCTTE;(massa)Concentratie;nf;na filtratie (opgeloste fractie);P90;90-Percentiel
7913;tris(2-methylpropyl)fosfaat;126-71-6;TiC4yPO4;Milieu;Oppervlaktewater zout;Andere oppervlaktewateren MTR (totaal);1,1;µg/l;OW;Oppervlaktewater;CONCTTE;(massa)Concentratie;NVT;Niet van toepassing;P90;90-Percentiel
7914;trinatrium nitrilotriacetaat;5064-31-3;;Milieu;Oppervlaktewater zoet;Landoppervlaktewateren Indicatief MTR (opgelost);9,3E+02;µg/l;OW;Oppervlaktewater;CONCTTE;(massa)Concentratie;nf;na filtratie (opgeloste fractie);P90;90-Percentiel
7915;trinatrium nitrilotriacetaat;5064-31-3;;Milieu;Sediment;Sediment Indicatief MTR (droge stof);2,1E+03;µg/kg;BS;Bodem/Sediment;MASSFTE;Massafractie;dg;t.o.v. drooggewicht;;
7916;triton X-100 (ZZS);9002-93-1;tritx100;Milieu;Oppervlaktewater zoet;Landoppervlaktewateren Indicatief MTR (opgelost);2,1;µg/l;OW;Oppervlaktewater;CONCTTE;(massa)Concentratie;nf;na filtratie (opgeloste fractie);P90;90-Percentiel
7917;triton X-100 (ZZS);9002-93-1;tritx100;Milieu;Sediment;Sediment Indicatief MTR (droge stof);2,3E+02;µg/kg;BS;Bodem/Sediment;MASSFTE;Massafractie;dg;t.o.v. drooggewicht;;
7918;uranium;7440-61-1;U;Milieu;Oppervlaktewater zoet;Landoppervlaktewateren achtergrondconcentratie (opgelost);0,8;µg/l;OW;Oppervlaktewater;CONCTTE;(massa)Concentratie;nf;na filtratie (opgeloste fractie);NVT;Niet van toepassing
7919;uranium;7440-61-1;U;Milieu;Oppervlaktewater zout;Andere oppervlaktewateren achtergrondconcentratie (opgelost);2,7;µg/l;OW;Oppervlaktewater;CONCTTE;(massa)Concentratie;nf;na filtratie (opgeloste fractie);NVT;Niet van toepassing
7920;uranium;7440-61-1;U;Milieu;Sediment;Sediment landelijke achtergrondconcentratie (droge stof);2,9;mg/kg;BS;Bodem/Sediment;MASSFTE;Massafractie;dg;t.o.v. drooggewicht;;
7923;uranium;7440-61-1;U;Milieu;Oppervlaktewater zoet;log Kp l/kg (zwevend stof);2,41;;OW;Oppervlaktewater;NVT;Niet van toepassing;NVT;Niet van toepassing;NVT;Niet van toepassing
7924;uranium;7440-61-1;U;Milieu;Oppervlaktewater zoet;Landoppervlaktewateren wettelijk JG-MKN (opgelost);0,17;µg/l;OW;Oppervlaktewater;CONCTTE;(massa)Concentratie;nf;na filtratie (opgeloste fractie);JGM;Jaargemiddelde
7925;uranium;7440-61-1;U;Milieu;Oppervlaktewater zoet;Landoppervlaktewateren wettelijk MAC-MKN (opgelost);8,6;µg/l;OW;Oppervlaktewater;CONCTTE;(massa)Concentratie;nf;na filtratie (opgeloste fractie);MAX;Maximum
7930;ureum;57-13-6;urum;Milieu;Oppervlaktewater zoet;Landoppervlaktewateren Indicatief MTR (opgelost);290;µg/l;OW;Oppervlaktewater;CONCTTE;(massa)Concentratie;nf;na filtratie (opgeloste fractie);P90;90-Percentiel
7931;ureum;57-13-6;urum;Milieu;Sediment;Sediment Indicatief MTR (droge stof);11,6;µg/kg;BS;Bodem/Sediment;MASSFTE;Massafractie;dg;t.o.v. drooggewicht;;
7933;vamidothion;2275-23-2;vamdton;Milieu;Oppervlaktewater zoet;Landoppervlaktewateren Indicatief MTR (opgelost);0,19;µg/l;OW;Oppervlaktewater;CONCTTE;(massa)Concentratie;nf;na filtratie (opgeloste fractie);P90;90-Percentiel
7937;vanadium;7440-62-2;V;Milieu;Grondwater;Grondwater streefwaarde diep (opgelost);1,2;µg/l;GW;Grondwater;CONCTTE;(massa)Concentratie;nf;na filtratie;Nee;
7938;vanadium;7440-62-2;V;Milieu;Grondwater;Grondwater indicatief niveau voor ernstige verontreiniging (opgelost);70;µg/l;GW;Grondwater;CONCTTE;(massa)Concentratie;nf;na filtratie;Nee;
7941;vanadium;7440-62-2;V;Milieu;Oppervlaktewater zoet;Landoppervlaktewateren achtergrondconcentratie (opgelost);0,8;µg/l;OW;Oppervlaktewater;CONCTTE;(massa)Concentratie;nf;na filtratie (opgeloste fractie);NVT;Niet van toepassing
7942;vanadium;7440-62-2;V;Milieu;Oppervlaktewater zout;Andere oppervlaktewateren achtergrondconcentratie (opgelost);1,1;µg/l;OW;Oppervlaktewater;CONCTTE;(massa)Concentratie;nf;na filtratie (opgeloste fractie);NVT;Niet van toepassing
7943;vanadium;7440-62-2;V;Milieu;Oppervlaktewater zoet;Landoppervlaktewateren wettelijk JG-MKN (opgelost);3,5;µg/l;OW;Oppervlaktewater;CONCTTE;(massa)Concentratie;nf;na filtratie (opgeloste fractie);JGM;Jaargemiddelde
7973;vetalcoholalcoxylaat;68439-49-6;geetxldC1618;Milieu;Oppervlaktewater zoet;Landoppervlaktewateren Indicatief MTR (opgelost);0,12;µg/l;OW;Oppervlaktewater;CONCTTE;(massa)Concentratie;nf;na filtratie (opgeloste fractie);P90;90-Percentiel
7974;vetalcoholalcoxylaat;68439-49-6;geetxldC1618;Milieu;Sediment;Sediment Indicatief MTR (droge stof);11E+03;µg/kg;BS;Bodem/Sediment;MASSFTE;Massafractie;dg;t.o.v. drooggewicht;;
7976;vinchlozolin (ZZS);50471-44-8;vinczln;Milieu;Oppervlaktewater zoet;Landoppervlaktewateren Indicatief MTR (opgelost);1,6;µg/l;OW;Oppervlaktewater;CONCTTE;(massa)Concentratie;nf;na filtratie (opgeloste fractie);P90;90-Percentiel
7991;vinylacetaat;108-05-4;vinactt;Milieu;Oppervlaktewater zoet;Landoppervlaktewateren Indicatief JG-MKN (opgelost);0,32;µg/l;OW;Oppervlaktewater;CONCTTE;(massa)Concentratie;nf;na filtratie (opgeloste fractie);JGM;Jaargemiddelde
7992;vinylacetaat;108-05-4;vinactt;Milieu;Oppervlaktewater zoet;Landoppervlaktewateren Indicatief JG-MKN (totaal);0,32;µg/l;OW;Oppervlaktewater;CONCTTE;(massa)Concentratie;NVT;Niet van toepassing;JGM;Jaargemiddelde
7993;vinylacetaat;108-05-4;vinactt;Milieu;Oppervlaktewater zoet;Landoppervlaktewateren Indicatief MAC-MKN (opgelost);42;µg/l;OW;Oppervlaktewater;CONCTTE;(massa)Concentratie;nf;na filtratie (opgeloste fractie);MAX;Maximum
7994;vinylacetaat;108-05-4;vinactt;Milieu;Oppervlaktewater zoet;Landoppervlaktewateren Indicatief MAC-MKN (totaal);42;µg/l;OW;Oppervlaktewater;CONCTTE;(massa)Concentratie;NVT;Niet van toepassing;MAX;Maximum
7995;vinylacetaat;108-05-4;vinactt;Milieu;Oppervlaktewater zout;Andere oppervlaktewateren Indicatief JG-MKN (opgelost);0,032;µg/l;OW;Oppervlaktewater;CONCTTE;(massa)Concentratie;nf;na filtratie (opgeloste fractie);JGM;Jaargemiddelde
7996;vinylacetaat;108-05-4;vinactt;Milieu;Oppervlaktewater zout;Andere oppervlaktewateren Indicatief JG-MKN (totaal);0,032;µg/l;OW;Oppervlaktewater;CONCTTE;(massa)Concentratie;NVT;Niet van toepassing;JGM;Jaargemiddelde
7997;vinylacetaat;108-05-4;vinactt;Milieu;Oppervlaktewater zout;Andere oppervlaktewateren Indicatief MAC-MKN (opgelost);4,2;µg/l;OW;Oppervlaktewateren;CONCTTE;(massa)Concentratie;nf;na filtratie (opgeloste fractie);MAX;Maximum
7998;vinylacetaat;108-05-4;vinactt;Milieu;Oppervlaktewater zout;Andere oppervlaktewateren Indicatief MAC-MKN (totaal);4,2;µg/l;OW;Oppervlaktewater;CONCTTE;(massa)Concentratie;NVT;Niet van toepassing;MAX;Maximum
8002;vinylbromide (ZZS);593-60-2;BrC2e;Milieu;Oppervlaktewater zoet;Landoppervlaktewateren Indicatief MTR (opgelost);8,15E-01;µg/l;OW;Oppervlaktewater;CONCTTE;(massa)Concentratie;nf;na filtratie (opgeloste fractie);P90;90-Percentiel
8010;vinylchloride (ZZS);75-01-4;ClC2e;Milieu;Grondwater;Signaleringsparameter  beoordeling grondwatersanering (opgelost);5;µg/l;GW;Grondwater;CONCTTE;(massa)Concentratie;nf;na filtratie;Nee;
8014;vinylchloride (ZZS);75-01-4;ClC2e;Milieu;Oppervlaktewater zoet;log Kp l/kg (zwevend stof);0,40;;OW;Oppervlaktewater;NVT;Niet van toepassing;NVT;Niet van toepassing;NVT;Niet van toepassing
8025;vinylchloride (ZZS);75-01-4;ClC2e;Milieu;Oppervlaktewater zoet;Landoppervlaktewateren JG-MKN (totaal);0,09;µg/l;OW;Oppervlaktewater;CONCTTE;(massa)Concentratie;NVT;Niet van toepassing;JGM;Jaargemiddelde
8027;vinylchloride (ZZS);75-01-4;ClC2e;Milieu;Oppervlaktewater zout;Andere oppervlaktewateren JG-MKN (totaal);0,091;µg/l;OW;Oppervlaktewater;CONCTTE;(massa)Concentratie;NVT;Niet van toepassing;JGM;Jaargemiddelde
8031;vinylchloride (ZZS);75-01-4;ClC2e;Milieu;Grondwater;Standaardwaarden grondwater (inclusief AC) (opgelost);0,01;µg/l;GW;Grondwater;CONCTTE;(massa)Concentratie;nf;na filtratie;Nee;
8065;wolfraam;7440-33-7;W;Milieu;Oppervlaktewater zoet;Landoppervlaktewateren Indicatief JG-MKN (opgelost);20;µg/l;OW;Oppervlaktewater;CONCTTE;(massa)Concentratie;nf;na filtratie (opgeloste fractie);JGM;Jaargemiddelde
8066;wolfraam;7440-33-7;W;Milieu;Oppervlaktewater zoet;Landoppervlaktewateren Indicatief MAC-MKN (opgelost);29;µg/l;OW;Oppervlaktewater;CONCTTE;(massa)Concentratie;nf;na filtratie (opgeloste fractie);MAX;Maximum
8070;yttrium;7440-65-5;Y;Milieu;Oppervlaktewater zoet;Landoppervlaktewateren MTR (totaal);47;µg/l;OW;Oppervlaktewater;CONCTTE;(massa)Concentratie;NVT;Niet van toepassing;P90;90-Percentiel
8071;yttrium;7440-65-5;Y;Milieu;Oppervlaktewater zout;Andere oppervlaktewateren MTR (totaal);5,6;µg/l;OW;Oppervlaktewater;CONCTTE;(massa)Concentratie;NVT;Niet van toepassing;P90;90-Percentiel
8072;yttrium;7440-65-5;Y;Milieu;Oppervlaktewater zoet;Landoppervlaktewateren MTR (opgelost);6,2;µg/l;OW;Oppervlaktewater;CONCTTE;(massa)Concentratie;nf;na filtratie (opgeloste fractie);P90;90-Percentiel
8073;yttrium;7440-65-5;Y;Milieu;Oppervlaktewater zout;Andere oppervlaktewateren MTR (opgelost);0,7;µg/l;OW;Oppervlaktewater;CONCTTE;(massa)Concentratie;nf;na filtratie (opgeloste fractie);P90;90-Percentiel
8074;yttrium;7440-65-5;Y;Milieu;Sediment;Sediment landelijke achtergrondconcentratie (droge stof);20;mg/kg;BS;Bodem/Sediment;MASSFTE;Massafractie;dg;t.o.v. drooggewicht;;
8075;yttrium;7440-65-5;Y;Milieu;Sediment;Sediment landelijke achtergrondconcentratie, andere oppervlaktewateren (droge stof);20;mg/kg;BS;Bodem/Sediment;MASSFTE;Massafractie;dg;t.o.v. drooggewicht;;
8076;yttrium;7440-65-5;Y;Milieu;Sediment;Sediment MTR (droge stof);1400;mg/kg;BS;Bodem/Sediment;MASSFTE;Massafractie;dg;t.o.v. drooggewicht;;
8077;yttrium;7440-65-5;Y;Milieu;Sediment;Sediment MTR andere oppervlaktewateren (droge stof);200;mg/kg;BS;Bodem/Sediment;MASSFTE;Massafractie;dg;t.o.v. drooggewicht;;
8078;yttrium;7440-65-5;Y;Milieu;Oppervlaktewater zoet;log Kp l/kg (zwevend stof);5,35;;OW;Oppervlaktewater;NVT;Niet van toepassing;NVT;Niet van toepassing;NVT;Niet van toepassing
8081;zilver;7440-22-4;Ag;Milieu;Grondwater;Grondwater indicatief niveau voor ernstige verontreiniging (opgelost);40;µg/l;GW;Grondwater;CONCTTE;(massa)Concentratie;nf;na filtratie;Nee;
8083;zilver;7440-22-4;Ag;Milieu;Sediment;Sediment MTR (droge stof);5,5;mg/kg;BS;Bodem/Sediment;MASSFTE;Massafractie;dg;t.o.v. drooggewicht;;
8084;zilver;7440-22-4;Ag;Milieu;Oppervlaktewater zoet;log Kp l/kg (zwevend stof);5;;OW;Oppervlaktewater;NVT;Niet van toepassing;NVT;Niet van toepassing;NVT;Niet van toepassing
8085;zilver;7440-22-4;Ag;Milieu;Oppervlaktewater zoet;Landoppervlaktewateren wettelijk MAC-MKN (opgelost);0,01;µg/l;OW;Oppervlaktewater;CONCTTE;(massa)Concentratie;nf;na filtratie (opgeloste fractie);MAX;Maximum
8086;zilver;7440-22-4;Ag;Milieu;Oppervlaktewater zout;Andere oppervlaktewateren wettelijk MAC-MKN (opgelost);0,081;µg/l;OW;Oppervlaktewater;CONCTTE;(massa)Concentratie;nf;na filtratie (opgeloste fractie);MAX;Maximum
8087;zilver;7440-22-4;Ag;Milieu;Oppervlaktewater zoet;Landoppervlaktewateren wettelijk JG-MKN (opgelost);0,01;µg/l;OW;Oppervlaktewater;CONCTTE;(massa)Concentratie;nf;na filtratie (opgeloste fractie);JGM;Jaargemiddelde
8088;zilver;7440-22-4;Ag;Milieu;Oppervlaktewater zout;Andere oppervlaktewateren wettelijk JG-MKN (opgelost);0,081;µg/l;OW;Oppervlaktewater;CONCTTE;(massa)Concentratie;nf;na filtratie (opgeloste fractie);JGM;Jaargemiddelde
8089;zilver;7440-22-4;Ag;Milieu;Oppervlaktewater zout;Andere oppervlaktewateren achtergrondconcentratie (opgelost);0,02;µg/l;OW;Oppervlaktewater;CONCTTE;(massa)Concentratie;nf;na filtratie (opgeloste fractie);NVT;Niet van toepassing
8092;zink;7440-66-6;Zn;Milieu;Grondwater;Grondwater streefwaarde ondiep (opgelost);65;µg/l;GW;Grondwater;CONCTTE;(massa)Concentratie;nf;na filtratie;Nee;
8093;zink;7440-66-6;Zn;Milieu;Grondwater;Grondwater diep landelijke achtergrondconcentratie (AC) (opgelost);24;µg/l;GW;Grondwater;CONCTTE;(massa)Concentratie;nf;na filtratie;Nee;
8094;zink;7440-66-6;Zn;Milieu;Grondwater;Standaardwaarden grondwater (inclusief AC) (opgelost);24;µg/l;GW;Grondwater;CONCTTE;(massa)Concentratie;nf;na filtratie;Nee;
8095;zink;7440-66-6;Zn;Milieu;Grondwater;Signaleringsparameter  beoordeling grondwatersanering (opgelost);800;µg/l;GW;Grondwater;CONCTTE;(massa)Concentratie;nf;na filtratie;Nee;
8098;zink;7440-66-6;Zn;Milieu;Oppervlaktewater zoet;Landoppervlaktewateren achtergrondconcentratie (opgelost);1;µg/l;OW;Oppervlaktewater;CONCTTE;(massa)Concentratie;nf;na filtratie (opgeloste fractie);NVT;Niet van toepassing
8099;zink;7440-66-6;Zn;Milieu;Oppervlaktewater zout;Andere oppervlaktewateren wettelijk JG-MKN (opgelost);3;µg/l;OW;Oppervlaktewater;CONCTTE;(massa)Concentratie;nf;na filtratie (opgeloste fractie);JGM;Jaargemiddelde
8100;zink;7440-66-6;Zn;Milieu;Oppervlaktewater zoet;Landoppervlaktewateren wettelijk MAC-MKN (opgelost);15,6;µg/l;OW;Oppervlaktewater;CONCTTE;(massa)Concentratie;nf;na filtratie (opgeloste fractie);MAX;Maximum
8101;zink;7440-66-6;Zn;Milieu;Oppervlaktewater zout;Andere oppervlaktewateren achtergrondconcentratie (opgelost);0,15;µg/l;OW;Oppervlaktewater;CONCTTE;(massa)Concentratie;nf;na filtratie (opgeloste fractie);NVT;Niet van toepassing
8102;zink;7440-66-6;Zn;Milieu;Oppervlaktewater zoet;Landoppervlaktewateren wettelijk JG-MKN (opgelost);7,8;µg/l;OW;Oppervlaktewater;CONCTTE;(massa)Concentratie;nf;na filtratie (opgeloste fractie);JGM;Jaargemiddelde
8104;zink;7440-66-6;Zn;Milieu;Sediment;Sediment MTR (droge stof);620;mg/kg;BS;Bodem/Sediment;MASSFTE;Massafractie;dg;t.o.v. drooggewicht;;
8105;zink;7440-66-6;Zn;Milieu;Oppervlaktewater zoet;log Kp l/kg (zwevend stof);5,04;;OW;Oppervlaktewater;NVT;Niet van toepassing;NVT;Niet van toepassing;NVT;Niet van toepassing
8106;zink;7440-66-6;Zn;Milieu;Oppervlaktewater voor drinkwaterbereiding;Oppervlaktewater voor drinkwaterbereiding (gericht op waterbeheerder);200;µg/l;;;;;;;;
8107;zink;7440-66-6;Zn;Milieu;Oppervlaktewater voor drinkwaterbereiding;Oppervlaktewater voor drinkwaterbereiding (gericht tot het drinkwaterbedrijf);200;µg/l;;;;;;;;
8134;ziram;137-30-4;zirm;Milieu;Oppervlaktewater zoet;Landoppervlaktewateren MTR (totaal);9,7;ng/l;OW;Oppervlaktewater;CONCTTE;(massa)Concentratie;NVT;Niet van toepassing;P90;90-Percentiel
8135;ziram;137-30-4;zirm;Milieu;Oppervlaktewater zoet;Landoppervlaktewateren MTR (opgelost);9,7;ng/l;OW;Oppervlaktewater;CONCTTE;(massa)Concentratie;nf;na filtratie (opgeloste fractie);P90;90-Percentiel
8136;ziram;137-30-4;zirm;Milieu;Sediment;Sediment MTR (standaard Sediment met 10% organisch materiaal);0,011;µg/kg;BS;Bodem/Sediment;MASSFTE;Massafractie;dg;t.o.v. drooggewicht;;
8137;ziram;137-30-4;zirm;Milieu;Oppervlaktewater zoet;log Kp l/kg (zwevend stof);0,37;;OW;Oppervlaktewater;NVT;Niet van toepassing;NVT;Niet van toepassing;NVT;Niet van toepassing
8179;waterstofsulfide;7783-06-4;H2S;Milieu;Oppervlaktewater zoet;Landoppervlaktewateren Indicatief JG-MKN (opgelost);14;ng/l;OW;Oppervlaktewater;CONCTTE;(massa)Concentratie;nf;na filtratie (opgeloste fractie);JGM;Jaargemiddelde
8180;waterstofsulfide;7783-06-4;H2S;Milieu;Oppervlaktewater zoet;Landoppervlaktewateren Indicatief JG-MKN (totaal);14;ng/l;OW;Oppervlaktewater;CONCTTE;(massa)Concentratie;NVT;Niet van toepassing;JGM;Jaargemiddelde
8181;waterstofsulfide;7783-06-4;H2S;Milieu;Oppervlaktewater zoet;Landoppervlaktewateren Indicatief MAC-MKN (opgelost);20;ng/l;OW;Oppervlaktewater;CONCTTE;(massa)Concentratie;nf;na filtratie (opgeloste fractie);MAX;Maximum
8182;waterstofsulfide;7783-06-4;H2S;Milieu;Oppervlaktewater zoet;Landoppervlaktewateren Indicatief MAC-MKN (totaal);20;ng/l;OW;Oppervlaktewater;CONCTTE;(massa)Concentratie;NVT;Niet van toepassing;MAX;Maximum
8183;waterstofsulfide;7783-06-4;H2S;Milieu;Oppervlaktewater zout;Andere oppervlaktewateren Indicatief JG-MKN (opgelost);1,4;ng/l;OW;Oppervlaktewater;CONCTTE;(massa)Concentratie;nf;na filtratie (opgeloste fractie);JGM;Jaargemiddelde
8184;waterstofsulfide;7783-06-4;H2S;Milieu;Oppervlaktewater zout;Andere oppervlaktewateren Indicatief JG-MKN (totaal);1,4;ng/l;OW;Oppervlaktewater;CONCTTE;(massa)Concentratie;NVT;Niet van toepassing;JGM;Jaargemiddelde
8185;waterstofsulfide;7783-06-4;H2S;Milieu;Oppervlaktewater zout;Andere oppervlaktewateren Indicatief MAC-MKN (opgelost);2;ng/l;OW;Oppervlaktewateren;CONCTTE;(massa)Concentratie;nf;na filtratie (opgeloste fractie);MAX;Maximum
8186;waterstofsulfide;7783-06-4;H2S;Milieu;Oppervlaktewater zout;Andere oppervlaktewateren Indicatief MAC-MKN (totaal);2;ng/l;OW;Oppervlaktewater;CONCTTE;(massa)Concentratie;NVT;Niet van toepassing;MAX;Maximum
8198;lineaire C10-C13 alkylbenzenen;67774-74-7;alkC10C13Ben;Milieu;Oppervlaktewater zoet;Landoppervlaktewateren JG-MKN (totaal);0,75;µg/l;OW;Oppervlaktewater;CONCTTE;(massa)Concentratie;NVT;Niet van toepassing;JGM;Jaargemiddelde
8199;lineaire C10-C13 alkylbenzenen;67774-74-7;alkC10C13Ben;Milieu;Oppervlaktewater zout;Andere oppervlaktewateren JG-MKN (totaal);0,075;µg/l;OW;Oppervlaktewater;CONCTTE;(massa)Concentratie;NVT;Niet van toepassing;JGM;Jaargemiddelde
8200;lineaire C10-C13 alkylbenzenen;67774-74-7;alkC10C13Ben;Milieu;Oppervlaktewater zoet;Landoppervlaktewateren MAC-MKN (totaal);0,75;µg/l;OW;Oppervlaktewater;CONCTTE;(massa)Concentratie;NVT;Niet van toepassing;MAX;Maximum
8201;lineaire C10-C13 alkylbenzenen;67774-74-7;alkC10C13Ben;Milieu;Oppervlaktewater zout;Andere oppervlaktewateren MAC-MKN (totaal);0,075;µg/l;OW;Oppervlaktewater;CONCTTE;(massa)Concentratie;NVT;Niet van toepassing;MAX;Maximum
8202;lineaire C10-C13 alkylbenzenen;67774-74-7;alkC10C13Ben;Milieu;Sediment;Sediment MTR (standaard Sediment met 10% organisch materiaal);970;µg/kg;BS;Bodem/Sediment;MASSFTE;Massafractie;dg;t.o.v. drooggewicht;;
8204;lineaire C10-C13 alkylbenzenen;67774-74-7;alkC10C13Ben;Milieu;Oppervlaktewater zoet;log Kp l/kg (zwevend stof);3,41;;OW;Oppervlaktewater;NVT;Niet van toepassing;NVT;Niet van toepassing;NVT;Niet van toepassing
8205;zoxamide;156052-68-5;zOaAd;Milieu;Oppervlaktewater zoet;Landoppervlaktewateren Indicatief MTR (opgelost);0,07;µg/l;OW;Oppervlaktewater;CONCTTE;(massa)Concentratie;nf;na filtratie (opgeloste fractie);P90;90-Percentiel
8206;2,4-dichloor-6-methylfenol;1570-65-6;46DCl2C1yFol;Milieu;Oppervlaktewater zoet;Landoppervlaktewateren Indicatief MTR (opgelost);0,43;µg/l;OW;Oppervlaktewater;CONCTTE;(massa)Concentratie;nf;na filtratie (opgeloste fractie);P90;90-Percentiel
8207;2-benzothiazolon;934-34-9;2HOxbenztazl;Milieu;Oppervlaktewater zoet;Landoppervlaktewateren Indicatief MTR (opgelost);14;µg/l;OW;Oppervlaktewater;CONCTTE;(massa)Concentratie;nf;na filtratie (opgeloste fractie);P90;90-Percentiel
8208;aminotrimethyleen fosfonzuur;6419-19-8;AoTC1yePA;Milieu;Oppervlaktewater zoet;Landoppervlaktewateren Indicatief MTR (opgelost);19,6;µg/l;OW;Oppervlaktewater;CONCTTE;(massa)Concentratie;nf;na filtratie (opgeloste fractie);P90;90-Percentiel
8209;aminotrimethyleen fosfonzuur;6419-19-8;AoTC1yePA;Milieu;Sediment;Sediment Indicatief MTR (droge stof);2,28E+04;µg/kg;BS;Bodem/Sediment;MASSFTE;Massafractie;dg;t.o.v. drooggewicht;;
8212;dibroomnitrilopropiamide (ZZS);10222-01-2;22DBr2caacam;Milieu;Oppervlaktewater zoet;Landoppervlaktewateren Indicatief MTR (opgelost);1,35;µg/l;OW;Oppervlaktewater;CONCTTE;(massa)Concentratie;nf;na filtratie (opgeloste fractie);P90;90-Percentiel
8221;cholinesterase remming;;;Milieu;Oppervlaktewater zoet;Landoppervlaktewateren MTR (totaal);0,5;µg/l;OW;Oppervlaktewater;CONCTTE;(massa)Concentratie;NVT;Niet van toepassing;P90;90-Percentiel
8223;cyanide complex;;CNcpx;Milieu;Grondwater;Signaleringsparameter  beoordeling grondwatersanering (opgelost);1500;µg/l;GW;Grondwater;CONCTTE;(massa)Concentratie;nf;na filtratie;Nee;
8225;cyanide complex;;CNcpx;Milieu;Grondwater;Grondwater streefwaarde (opgelost);10;µg/l;GW;Grondwater;CONCTTE;(massa)Concentratie;nf;na filtratie;Nee;
8255;SDS-3701;28343-61-5;HTI;Milieu;Oppervlaktewater zoet;Landoppervlaktewateren MTR (totaal);9,1;µg/l;OW;Oppervlaktewater;CONCTTE;(massa)Concentratie;NVT;Niet van toepassing;P90;90-Percentiel
8256;SDS-3701;28343-61-5;HTI;Milieu;Oppervlaktewater zoet;Landoppervlaktewateren MTR (opgelost);9,1;µg/l;OW;Oppervlaktewater;CONCTTE;(massa)Concentratie;nf;na filtratie (opgeloste fractie);P90;90-Percentiel
8257;SDS-3701;28343-61-5;HTI;Milieu;Sediment;Sediment MTR (droge stof);200;µg/kg;BS;Bodem/Sediment;MASSFTE;Massafractie;dg;t.o.v. drooggewicht;;
8258;SDS-3701;28343-61-5;HTI;Milieu;Oppervlaktewater zoet;log Kp l/kg (zwevend stof);1,66;;OW;Oppervlaktewater;NVT;Niet van toepassing;NVT;Niet van toepassing;NVT;Niet van toepassing
8259;jodosulfuron-methyl-natrium;144550-36-7;IsfrnC1yNa;Milieu;Oppervlaktewater zoet;Landoppervlaktewateren Indicatief MTR (opgelost);24;µg/l;OW;Oppervlaktewater;CONCTTE;(massa)Concentratie;nf;na filtratie (opgeloste fractie);P90;90-Percentiel
8263;Na-DMDC;128-04-1;NaDC1yDtocbm;Milieu;Oppervlaktewater zoet;Landoppervlaktewateren Indicatief MTR (opgelost);0,08;µg/l;OW;Oppervlaktewater;CONCTTE;(massa)Concentratie;nf;na filtratie (opgeloste fractie);P90;90-Percentiel
8269;nonylfenolethoxylaat met 1-2 ethoxymonomeren gecarboxyleerd (NPE1+2C) (ZZS);;;Milieu;Oppervlaktewater zoet;Landoppervlaktewateren MTR (totaal);1,0;µg/l;OW;Oppervlaktewater;CONCTTE;(massa)Concentratie;NVT;Niet van toepassing;P90;90-Percentiel
8270;nonylfenolethoxylaat met 1-2 ethoxymonomeren gecarboxyleerd (NPE1+2C) (ZZS);;;Milieu;Oppervlaktewater zoet;Landoppervlaktewateren MTR (opgelost);1;µg/l;OW;Oppervlaktewater;CONCTTE;(massa)Concentratie;nf;na filtratie (opgeloste fractie);P90;90-Percentiel
8271;nonylfenolethoxylaat met 1-2 ethoxymonomeren gecarboxyleerd (NPE1+2C) (ZZS);;;Milieu;Sediment;Sediment MTR (droge stof);150;µg/kg;BS;Bodem/Sediment;MASSFTE;Massafractie;dg;t.o.v. drooggewicht;;
8272;nonylfenolethoxylaat met 1-2 ethoxymonomeren gecarboxyleerd (NPE1+2C) (ZZS);;;Milieu;Oppervlaktewater zoet;log Kp l/kg (zwevend stof);2,47;;OW;Oppervlaktewater;NVT;Niet van toepassing;NVT;Niet van toepassing;NVT;Niet van toepassing
8273;nonylfenolethoxylaat met >8 ethoxymonomeren (NPEO>8) (ZZS);;;Milieu;Oppervlaktewater zoet;Landoppervlaktewateren MTR (totaal);10;µg/l;OW;Oppervlaktewater;CONCTTE;(massa)Concentratie;NVT;Niet van toepassing;P90;90-Percentiel
8274;nonylfenolethoxylaat met >8 ethoxymonomeren (NPEO>8) (ZZS);;;Milieu;Oppervlaktewater zoet;Landoppervlaktewateren MTR (opgelost);10;µg/l;OW;Oppervlaktewater;CONCTTE;(massa)Concentratie;nf;na filtratie (opgeloste fractie);P90;90-Percentiel
8275;nonylfenolethoxylaat met >8 ethoxymonomeren (NPEO>8) (ZZS);;;Milieu;Sediment;Sediment MTR (droge stof);2900;µg/kg;BS;Bodem/Sediment;MASSFTE;Massafractie;dg;t.o.v. drooggewicht;;
8276;nonylfenolethoxylaat met >8 ethoxymonomeren (NPEO>8) (ZZS);;;Milieu;Oppervlaktewater zoet;log Kp l/kg (zwevend stof);2,76;;OW;Oppervlaktewater;NVT;Niet van toepassing;NVT;Niet van toepassing;NVT;Niet van toepassing
8277;nonylfenolethoxylaat met 1-2 ethoxymonomeren (NPEO1+2) (ZZS);;;Milieu;Oppervlaktewater zoet;Landoppervlaktewateren MTR (totaal);0,12;µg/l;OW;Oppervlaktewater;CONCTTE;(massa)Concentratie;NVT;Niet van toepassing;P90;90-Percentiel
8278;nonylfenolethoxylaat met 1-2 ethoxymonomeren (NPEO1+2) (ZZS);;;Milieu;Oppervlaktewater zoet;Landoppervlaktewateren MTR (opgelost);0,11;µg/l;OW;Oppervlaktewater;CONCTTE;(massa)Concentratie;nf;na filtratie (opgeloste fractie);P90;90-Percentiel
8279;nonylfenolethoxylaat met 1-2 ethoxymonomeren (NPEO1+2) (ZZS);;;Milieu;Sediment;Sediment MTR (droge stof);150;µg/kg;BS;Bodem/Sediment;MASSFTE;Massafractie;dg;t.o.v. drooggewicht;;
8280;nonylfenolethoxylaat met 1-2 ethoxymonomeren (NPEO1+2) (ZZS);;;Milieu;Oppervlaktewater zoet;log Kp l/kg (zwevend stof);3,44;;OW;Oppervlaktewater;NVT;Niet van toepassing;NVT;Niet van toepassing;NVT;Niet van toepassing
8281;nonylfenolethoxylaat met 3-8 ethoxymonomeren (NPEO3-8) (ZZS);;;Milieu;Oppervlaktewater zoet;Landoppervlaktewateren MTR (totaal);14;µg/l;OW;Oppervlaktewater;CONCTTE;(massa)Concentratie;NVT;Niet van toepassing;P90;90-Percentiel
8282;nonylfenolethoxylaat met 3-8 ethoxymonomeren (NPEO3-8) (ZZS);;;Milieu;Oppervlaktewater zoet;Landoppervlaktewateren MTR (opgelost);13;µg/l;OW;Oppervlaktewater;CONCTTE;(massa)Concentratie;nf;na filtratie (opgeloste fractie);P90;90-Percentiel
8283;nonylfenolethoxylaat met 3-8 ethoxymonomeren (NPEO3-8) (ZZS);;;Milieu;Sediment;Sediment MTR (droge stof);8700;µg/kg;BS;Bodem/Sediment;MASSFTE;Massafractie;dg;t.o.v. drooggewicht;;
8284;nonylfenolethoxylaat met 3-8 ethoxymonomeren (NPEO3-8) (ZZS);;;Milieu;Oppervlaktewater zoet;log Kp l/kg (zwevend stof);3,13;;OW;Oppervlaktewater;NVT;Niet van toepassing;NVT;Niet van toepassing;NVT;Niet van toepassing
8285;octylfenolethoxylaat met 1-2 ethoxymonomeren gecarboxyleerd (OPE1+2C);;;Milieu;Oppervlaktewater zoet;Landoppervlaktewateren MTR (totaal);5,0;µg/l;OW;Oppervlaktewater;CONCTTE;(massa)Concentratie;NVT;Niet van toepassing;P90;90-Percentiel
8286;octylfenolethoxylaat met 1-2 ethoxymonomeren gecarboxyleerd (OPE1+2C);;;Milieu;Oppervlaktewater zoet;Landoppervlaktewateren MTR (opgelost);5,0;µg/l;OW;Oppervlaktewater;CONCTTE;(massa)Concentratie;nf;na filtratie (opgeloste fractie);P90;90-Percentiel
8287;octylfenolethoxylaat met 1-2 ethoxymonomeren gecarboxyleerd (OPE1+2C);;;Milieu;Sediment;Sediment MTR (droge stof);400;µg/kg;BS;Bodem/Sediment;MASSFTE;Massafractie;dg;t.o.v. drooggewicht;;
8288;octylfenolethoxylaat met 1-2 ethoxymonomeren gecarboxyleerd (OPE1+2C);;;Milieu;Oppervlaktewater zoet;log Kp l/kg (zwevend stof);2,20;;OW;Oppervlaktewater;NVT;Niet van toepassing;NVT;Niet van toepassing;NVT;Niet van toepassing
8289;octylfenolethoxylaat met >8 ethoxymonomeren (OPEO>8);;;Milieu;Oppervlaktewater zoet;Landoppervlaktewateren MTR (totaal);2,1;µg/l;OW;Oppervlaktewater;CONCTTE;(massa)Concentratie;NVT;Niet van toepassing;P90;90-Percentiel
8290;octylfenolethoxylaat met >8 ethoxymonomeren (OPEO>8);;;Milieu;Oppervlaktewater zoet;Landoppervlaktewateren MTR (opgelost);2,1;µg/l;OW;Oppervlaktewater;CONCTTE;(massa)Concentratie;nf;na filtratie (opgeloste fractie);P90;90-Percentiel
8291;octylfenolethoxylaat met >8 ethoxymonomeren (OPEO>8);;;Milieu;Sediment;Sediment MTR (droge stof);230;µg/kg;BS;Bodem/Sediment;MASSFTE;Massafractie;dg;t.o.v. drooggewicht;;
8292;octylfenolethoxylaat met >8 ethoxymonomeren (OPEO>8);;;Milieu;Oppervlaktewater zoet;log Kp l/kg (zwevend stof);2,33;;OW;Oppervlaktewater;NVT;Niet van toepassing;NVT;Niet van toepassing;NVT;Niet van toepassing
8293;octylfenolethoxylaat met 1-2 ethoxymonomeren (OPEO1+2);;;Milieu;Oppervlaktewater zoet;Landoppervlaktewateren MTR (totaal);7,3;µg/l;OW;Oppervlaktewater;CONCTTE;(massa)Concentratie;NVT;Niet van toepassing;P90;90-Percentiel
8294;octylfenolethoxylaat met 1-2 ethoxymonomeren (OPEO1+2);;;Milieu;Oppervlaktewater zoet;Landoppervlaktewateren MTR (opgelost);7,1;µg/l;OW;Oppervlaktewater;CONCTTE;(massa)Concentratie;nf;na filtratie (opgeloste fractie);P90;90-Percentiel
8295;octylfenolethoxylaat met 1-2 ethoxymonomeren (OPEO1+2);;;Milieu;Sediment;Sediment MTR (droge stof);3600;µg/kg;BS;Bodem/Sediment;MASSFTE;Massafractie;dg;t.o.v. drooggewicht;;
8296;octylfenolethoxylaat met 1-2 ethoxymonomeren (OPEO1+2);;;Milieu;Oppervlaktewater zoet;log Kp l/kg (zwevend stof);3,01;;OW;Oppervlaktewater;NVT;Niet van toepassing;NVT;Niet van toepassing;NVT;Niet van toepassing
8297;octylfenolethoxylaat met 3-8 ethoxymonomeren (OPEO3-8);;;Milieu;Oppervlaktewater zoet;Landoppervlaktewateren MTR (totaal);1,8;µg/l;OW;Oppervlaktewater;CONCTTE;(massa)Concentratie;NVT;Niet van toepassing;P90;90-Percentiel
8298;octylfenolethoxylaat met 3-8 ethoxymonomeren (OPEO3-8);;;Milieu;Oppervlaktewater zoet;Landoppervlaktewateren MTR (opgelost);1,8;µg/l;OW;Oppervlaktewater;CONCTTE;(massa)Concentratie;nf;na filtratie (opgeloste fractie);P90;90-Percentiel
8299;octylfenolethoxylaat met 3-8 ethoxymonomeren (OPEO3-8);;;Milieu;Sediment;Sediment MTR (droge stof);450;µg/kg;BS;Bodem/Sediment;MASSFTE;Massafractie;dg;t.o.v. drooggewicht;;
8300;octylfenolethoxylaat met 3-8 ethoxymonomeren (OPEO3-8);;;Milieu;Oppervlaktewater zoet;log Kp l/kg (zwevend stof);2,70;;OW;Oppervlaktewater;NVT;Niet van toepassing;NVT;Niet van toepassing;NVT;Niet van toepassing
8301;DDT/DDE/DDD som;;;Milieu;Grondwater;Signaleringsparameter  beoordeling grondwatersanering (opgelost);10;ng/l;GW;Grondwater;CONCTTE;(massa)Concentratie;nf;na filtratie;Nee;
8302;DDT/DDE/DDD som;;;Milieu;Grondwater;Standaardwaarden grondwater (inclusief AC) (opgelost);0,004;ng/l;GW;Grondwater;CONCTTE;(massa)Concentratie;nf;na filtratie;Nee;
8378;DDT som;;;Milieu;Oppervlaktewater zoet;Landoppervlaktewateren wettelijk JG-MKN (totaal);0,025;µg/l;OW;Oppervlaktewater;CONCTTE;(massa)Concentratie;NVT;Niet van toepassing;JGM;Jaargemiddelde
8379;DDT som;;;Milieu;Oppervlaktewater zout;Andere oppervlaktewateren wettelijk JG-MKN (totaal);0,025;µg/l;OW;Oppervlaktewater;CONCTTE;(massa)Concentratie;NVT;Niet van toepassing;JGM;Jaargemiddelde
8407;drins som;;sdrin4;Milieu;Grondwater;Signaleringsparameter  beoordeling grondwatersanering (opgelost);0,1;µg/l;GW;Grondwater;CONCTTE;(massa)Concentratie;nf;na filtratie;Nee;
8408;drins som;;sdrin4;Milieu;Oppervlaktewater zoet;Landoppervlaktewateren wettelijk JG-MKN (totaal);0,01;µg/l;OW;Oppervlaktewater;CONCTTE;(massa)Concentratie;NVT;Niet van toepassing;JGM;Jaargemiddelde
8409;drins som;;sdrin4;Milieu;Oppervlaktewater zout;Andere oppervlaktewateren wettelijk JG-MKN (totaal);0,005;µg/l;OW;Oppervlaktewater;CONCTTE;(massa)Concentratie;NVT;Niet van toepassing;JGM;Jaargemiddelde
8462;alfa-hexabroomcyclododecaan (ZZS);134237-50-6;aHBCD;Milieu;Oppervlaktewater zoet;Landoppervlaktewateren wettelijk JG-MKN (totaal);0,0016;µg/l;OW;Oppervlaktewater;CONCTTE;(massa)Concentratie;NVT;Niet van toepassing;JGM;Jaargemiddelde
8463;alfa-hexabroomcyclododecaan (ZZS);134237-50-6;aHBCD;Milieu;Oppervlaktewater zoet;Landoppervlaktewateren wettelijk MAC-MKN (totaal);0,5;µg/l;OW;Oppervlaktewater;CONCTTE;(massa)Concentratie;NVT;Niet van toepassing;MAX;Maximum
8464;alfa-hexabroomcyclododecaan (ZZS);134237-50-6;aHBCD;Milieu;Oppervlaktewater zout;Andere oppervlaktewateren wettelijk JG-MKN (totaal);0,0008;µg/l;OW;Oppervlaktewater;CONCTTE;(massa)Concentratie;NVT;Niet van toepassing;JGM;Jaargemiddelde
8465;alfa-hexabroomcyclododecaan (ZZS);134237-50-6;aHBCD;Milieu;Oppervlaktewater zout;Andere oppervlaktewateren wettelijk MAC-MKN (totaal);0,05;µg/l;OW;Oppervlaktewater;CONCTTE;(massa)Concentratie;NVT;Niet van toepassing;MAX;Maximum
8467;beta-hexabroomcyclododecaan (ZZS);134237-51-7;bHBCD;Milieu;Oppervlaktewater zoet;Landoppervlaktewateren wettelijk JG-MKN (totaal);0,0016;µg/l;OW;Oppervlaktewater;CONCTTE;(massa)Concentratie;NVT;Niet van toepassing;JGM;Jaargemiddelde
8468;beta-hexabroomcyclododecaan (ZZS);134237-51-7;bHBCD;Milieu;Oppervlaktewater zoet;Landoppervlaktewateren wettelijk MAC-MKN (totaal);0,5;µg/l;OW;Oppervlaktewater;CONCTTE;(massa)Concentratie;NVT;Niet van toepassing;MAX;Maximum
8469;beta-hexabroomcyclododecaan (ZZS);134237-51-7;bHBCD;Milieu;Oppervlaktewater zout;Andere oppervlaktewateren wettelijk JG-MKN (totaal);0,0008;µg/l;OW;Oppervlaktewater;CONCTTE;(massa)Concentratie;NVT;Niet van toepassing;JGM;Jaargemiddelde
8470;beta-hexabroomcyclododecaan (ZZS);134237-51-7;bHBCD;Milieu;Oppervlaktewater zout;Andere oppervlaktewateren wettelijk MAC-MKN (totaal);0,05;µg/l;OW;Oppervlaktewater;CONCTTE;(massa)Concentratie;NVT;Niet van toepassing;MAX;Maximum
8472;gamma-hexabroomcyclododecaan (ZZS);134237-52-8;cHBCD;Milieu;Oppervlaktewater zoet;Landoppervlaktewateren wettelijk JG-MKN (totaal);0,0016;µg/l;OW;Oppervlaktewater;CONCTTE;(massa)Concentratie;NVT;Niet van toepassing;JGM;Jaargemiddelde
8473;gamma-hexabroomcyclododecaan (ZZS);134237-52-8;cHBCD;Milieu;Oppervlaktewater zoet;Landoppervlaktewateren wettelijk MAC-MKN (totaal);0,5;µg/l;OW;Oppervlaktewater;CONCTTE;(massa)Concentratie;NVT;Niet van toepassing;MAX;Maximum
8474;gamma-hexabroomcyclododecaan (ZZS);134237-52-8;cHBCD;Milieu;Oppervlaktewater zout;Andere oppervlaktewateren wettelijk JG-MKN (totaal);0,0008;µg/l;OW;Oppervlaktewater;CONCTTE;(massa)Concentratie;NVT;Niet van toepassing;JGM;Jaargemiddelde
8475;gamma-hexabroomcyclododecaan (ZZS);134237-52-8;cHBCD;Milieu;Oppervlaktewater zout;Andere oppervlaktewateren wettelijk MAC-MKN (totaal);0,05;µg/l;OW;Oppervlaktewater;CONCTTE;(massa)Concentratie;NVT;Niet van toepassing;MAX;Maximum
8488;epoxiconazool (ZZS);133855-98-8;epxcnzl;Milieu;Oppervlaktewater zoet;Landoppervlaktewateren JG-MKN (opgelost);0,19;µg/l;OW;Oppervlaktewater;CONCTTE;(massa)Concentratie;nf;na filtratie (opgeloste fractie);JGM;Jaargemiddelde
8489;epoxiconazool (ZZS);133855-98-8;epxcnzl;Milieu;Oppervlaktewater zoet;Landoppervlaktewateren MAC-MKN (opgelost);1,8;µg/l;OW;Oppervlaktewater;CONCTTE;(massa)Concentratie;nf;na filtratie (opgeloste fractie);MAX;Maximum
8512;diglyme (ZZS);111-96-6;bis2C1oxC2yE;Milieu;Oppervlaktewater voor drinkwaterbereiding;Oppervlaktewater voor drinkwaterbereiding (gericht tot het drinkwaterbedrijf) - Signaleringsparameter;1;µg/l;;;;;;;;
8525;perfluoroctaanzuur (ZZS);335-67-1;PFOA;Milieu;Oppervlaktewater zoet;Landoppervlaktewateren JG-MKN (opgelost);48;ng/l;OW;Oppervlaktewater;CONCTTE;(massa)Concentratie;nf;na filtratie (opgeloste fractie);JGM;Jaargemiddelde
8526;perfluoroctaanzuur (ZZS);335-67-1;PFOA;Milieu;Oppervlaktewater zoet;Landoppervlaktewateren JG-MKN (totaal);48;ng/l;OW;Oppervlaktewater;CONCTTE;(massa)Concentratie;NVT;Niet van toepassing;JGM;Jaargemiddelde
8527;perfluoroctaanzuur (ZZS);335-67-1;PFOA;Milieu;Oppervlaktewater zoet;Landoppervlaktewateren MAC-MKN (opgelost);2800;µg/l;OW;Oppervlaktewater;CONCTTE;(massa)Concentratie;nf;na filtratie (opgeloste fractie);MAX;Maximum
8528;perfluoroctaanzuur (ZZS);335-67-1;PFOA;Milieu;Oppervlaktewater zoet;Landoppervlaktewateren MAC-MKN (totaal);2800;µg/l;OW;Oppervlaktewater;CONCTTE;(massa)Concentratie;NVT;Niet van toepassing;MAX;Maximum
8529;perfluoroctaanzuur (ZZS);335-67-1;PFOA;Milieu;Oppervlaktewater zout;Andere oppervlaktewateren JG-MKN (opgelost);48;ng/l;OW;Oppervlaktewater;CONCTTE;(massa)Concentratie;nf;na filtratie (opgeloste fractie);JGM;Jaargemiddelde
8530;perfluoroctaanzuur (ZZS);335-67-1;PFOA;Milieu;Oppervlaktewater zout;Andere oppervlaktewateren JG-MKN (totaal);48;ng/l;OW;Oppervlaktewater;CONCTTE;(massa)Concentratie;NVT;Niet van toepassing;JGM;Jaargemiddelde
8531;perfluoroctaanzuur (ZZS);335-67-1;PFOA;Milieu;Oppervlaktewater zout;Andere oppervlaktewateren MAC-MKN (opgelost);560;µg/l;OW;Oppervlaktewater;CONCTTE;(massa)Concentratie;nf;na filtratie (opgeloste fractie);MAX;Maximum
8532;perfluoroctaanzuur (ZZS);335-67-1;PFOA;Milieu;Oppervlaktewater zout;Andere oppervlaktewateren MAC-MKN (totaal);560;µg/l;OW;Oppervlaktewater;CONCTTE;(massa)Concentratie;NVT;Niet van toepassing;MAX;Maximum
8732;bis(pentabroomfenyl)ether (ZZS);1163-19-5;PBDE209;Milieu;Oppervlaktewater zout;Andere oppervlaktewateren wettelijk JG-MKN (totaal);0,2;ng/l;OW;Oppervlaktewater;CONCTTE;(massa)Concentratie;NVT;Niet van toepassing;JGM;Jaargemiddelde
8733;bis(pentabroomfenyl)ether (ZZS);1163-19-5;PBDE209;Milieu;Oppervlaktewater zout;Andere oppervlaktewateren wettelijk MAC-MKN (totaal);0,014;µg/l;OW;Oppervlaktewater;CONCTTE;(massa)Concentratie;NVT;Niet van toepassing;MAX;Maximum
8734;bis(pentabroomfenyl)ether (ZZS);1163-19-5;PBDE209;Milieu;Oppervlaktewater zoet;Landoppervlaktewateren wettelijk JG-MKN (totaal);0,5;ng/l;OW;Oppervlaktewater;CONCTTE;(massa)Concentratie;NVT;Niet van toepassing;JGM;Jaargemiddelde
8735;bis(pentabroomfenyl)ether (ZZS);1163-19-5;PBDE209;Milieu;Oppervlaktewater zoet;Landoppervlaktewateren wettelijk MAC-MKN (totaal);0,14;µg/l;OW;Oppervlaktewater;CONCTTE;(massa)Concentratie;NVT;Niet van toepassing;MAX;Maximum
8736;heptabroomdifenylether (ZZS);68928-80-3;;Milieu;Oppervlaktewater zoet;Landoppervlaktewateren wettelijk JG-MKN (totaal);0,5;ng/l;OW;Oppervlaktewater;CONCTTE;(massa)Concentratie;NVT;Niet van toepassing;JGM;Jaargemiddelde
8737;heptabroomdifenylether (ZZS);68928-80-3;;Milieu;Oppervlaktewater zoet;Landoppervlaktewateren wettelijk MAC-MKN (totaal);0,14;µg/l;OW;Oppervlaktewater;CONCTTE;(massa)Concentratie;NVT;Niet van toepassing;MAX;Maximum
8738;heptabroomdifenylether (ZZS);68928-80-3;;Milieu;Oppervlaktewater zout;Andere oppervlaktewateren wettelijk JG-MKN (totaal);0,2;ng/l;OW;Oppervlaktewater;CONCTTE;(massa)Concentratie;NVT;Niet van toepassing;JGM;Jaargemiddelde
8739;heptabroomdifenylether (ZZS);68928-80-3;;Milieu;Oppervlaktewater zout;Andere oppervlaktewateren wettelijk MAC-MKN (totaal);0,014;µg/l;OW;Oppervlaktewater;CONCTTE;(massa)Concentratie;NVT;Niet van toepassing;MAX;Maximum
8741;heptabroomdifenylether (ZZS);446255-22-7;;Milieu;Oppervlaktewater zoet;Landoppervlaktewateren wettelijk JG-MKN (totaal);0,5;ng/l;OW;Oppervlaktewater;CONCTTE;(massa)Concentratie;NVT;Niet van toepassing;JGM;Jaargemiddelde
8742;heptabroomdifenylether (ZZS);446255-22-7;;Milieu;Oppervlaktewater zoet;Landoppervlaktewateren wettelijk MAC-MKN (totaal);0,14;µg/l;OW;Oppervlaktewater;CONCTTE;(massa)Concentratie;NVT;Niet van toepassing;MAX;Maximum
8743;heptabroomdifenylether (ZZS);446255-22-7;;Milieu;Oppervlaktewater zout;Andere oppervlaktewateren wettelijk JG-MKN (totaal);0,2;ng/l;OW;Oppervlaktewater;CONCTTE;(massa)Concentratie;NVT;Niet van toepassing;JGM;Jaargemiddelde
8745;heptabroomdifenylether (ZZS);446255-22-7;;Milieu;Oppervlaktewater zout;Andere oppervlaktewateren wettelijk MAC-MKN (totaal);0,014;µg/l;OW;Oppervlaktewater;CONCTTE;(massa)Concentratie;NVT;Niet van toepassing;MAX;Maximum
8746;2,2'',3,4,4'',5'',6-heptabroomdifenylether (ZZS);207122-16-5;PBDE183;Milieu;Oppervlaktewater zoet;Landoppervlaktewateren wettelijk JG-MKN (totaal);0,5;ng/l;OW;Oppervlaktewater;CONCTTE;(massa)Concentratie;NVT;Niet van toepassing;JGM;Jaargemiddelde
8747;2,2'',3,4,4'',5'',6-heptabroomdifenylether (ZZS);207122-16-5;PBDE183;Milieu;Oppervlaktewater zoet;Landoppervlaktewateren wettelijk MAC-MKN (totaal);0,14;µg/l;OW;Oppervlaktewater;CONCTTE;(massa)Concentratie;NVT;Niet van toepassing;MAX;Maximum
8748;2,2'',3,4,4'',5'',6-heptabroomdifenylether (ZZS);207122-16-5;PBDE183;Milieu;Oppervlaktewater zout;Andere oppervlaktewateren wettelijk JG-MKN (totaal);0,2;ng/l;OW;Oppervlaktewater;CONCTTE;(massa)Concentratie;NVT;Niet van toepassing;JGM;Jaargemiddelde
8749;2,2'',3,4,4'',5'',6-heptabroomdifenylether (ZZS);207122-16-5;PBDE183;Milieu;Oppervlaktewater zout;Andere oppervlaktewateren wettelijk MAC-MKN (totaal);0,014;µg/l;OW;Oppervlaktewater;CONCTTE;(massa)Concentratie;NVT;Niet van toepassing;MAX;Maximum
8751;hexabroomdifenylether (ZZS);36483-60-0;;Milieu;Oppervlaktewater zoet;Landoppervlaktewateren wettelijk JG-MKN (totaal);0,5;ng/l;OW;Oppervlaktewater;CONCTTE;(massa)Concentratie;NVT;Niet van toepassing;JGM;Jaargemiddelde
8752;hexabroomdifenylether (ZZS);36483-60-0;;Milieu;Oppervlaktewater zoet;Landoppervlaktewateren wettelijk MAC-MKN (totaal);0,14;µg/l;OW;Oppervlaktewater;CONCTTE;(massa)Concentratie;NVT;Niet van toepassing;MAX;Maximum
8753;hexabroomdifenylether (ZZS);36483-60-0;;Milieu;Oppervlaktewater zout;Andere oppervlaktewateren wettelijk JG-MKN (totaal);0,2;ng/l;OW;Oppervlaktewater;CONCTTE;(massa)Concentratie;NVT;Niet van toepassing;JGM;Jaargemiddelde
8754;hexabroomdifenylether (ZZS);36483-60-0;;Milieu;Oppervlaktewater zout;Andere oppervlaktewateren wettelijk MAC-MKN (totaal);0,014;µg/l;OW;Oppervlaktewater;CONCTTE;(massa)Concentratie;NVT;Niet van toepassing;MAX;Maximum
8756;2,2'',4,4'',5,5''-hexabroomdifenylether (ZZS);68631-49-2;PBDE153;Milieu;Oppervlaktewater zoet;Landoppervlaktewateren wettelijk JG-MKN (totaal);0,5;ng/l;OW;Oppervlaktewater;CONCTTE;(massa)Concentratie;NVT;Niet van toepassing;JGM;Jaargemiddelde
8757;2,2'',4,4'',5,5''-hexabroomdifenylether (ZZS);68631-49-2;PBDE153;Milieu;Oppervlaktewater zoet;Landoppervlaktewateren wettelijk MAC-MKN (totaal);0,14;µg/l;OW;Oppervlaktewater;CONCTTE;(massa)Concentratie;NVT;Niet van toepassing;MAX;Maximum
8758;2,2'',4,4'',5,5''-hexabroomdifenylether (ZZS);68631-49-2;PBDE153;Milieu;Oppervlaktewater zout;Andere oppervlaktewateren wettelijk JG-MKN (totaal);0,2;ng/l;OW;Oppervlaktewater;CONCTTE;(massa)Concentratie;NVT;Niet van toepassing;JGM;Jaargemiddelde
8759;2,2'',4,4'',5,5''-hexabroomdifenylether (ZZS);68631-49-2;PBDE153;Milieu;Oppervlaktewater zout;Andere oppervlaktewateren wettelijk MAC-MKN (totaal);0,014;µg/l;OW;Oppervlaktewater;CONCTTE;(massa)Concentratie;NVT;Niet van toepassing;MAX;Maximum
8761;2,2'',4,4'',5,6''-hexabroomdifenylether (ZZS);207122-15-4;PBDE154;Milieu;Oppervlaktewater zoet;Landoppervlaktewateren wettelijk JG-MKN (totaal);0,5;ng/l;OW;Oppervlaktewater;CONCTTE;(massa)Concentratie;NVT;Niet van toepassing;JGM;Jaargemiddelde
8762;2,2'',4,4'',5,6''-hexabroomdifenylether (ZZS);207122-15-4;PBDE154;Milieu;Oppervlaktewater zoet;Landoppervlaktewateren wettelijk MAC-MKN (totaal);0,14;µg/l;OW;Oppervlaktewater;CONCTTE;(massa)Concentratie;NVT;Niet van toepassing;MAX;Maximum
8763;2,2'',4,4'',5,6''-hexabroomdifenylether (ZZS);207122-15-4;PBDE154;Milieu;Oppervlaktewater zout;Andere oppervlaktewateren wettelijk JG-MKN (totaal);0,2;ng/l;OW;Oppervlaktewater;CONCTTE;(massa)Concentratie;NVT;Niet van toepassing;JGM;Jaargemiddelde
8764;2,2'',4,4'',5,6''-hexabroomdifenylether (ZZS);207122-15-4;PBDE154;Milieu;Oppervlaktewater zout;Andere oppervlaktewateren wettelijk MAC-MKN (totaal);0,014;µg/l;OW;Oppervlaktewater;CONCTTE;(massa)Concentratie;NVT;Niet van toepassing;MAX;Maximum
8766;2,2'',4,4'',5-pentabroomdifenylether (ZZS);60348-60-9;PBDE99;Milieu;Oppervlaktewater zoet;Landoppervlaktewateren wettelijk JG-MKN (totaal);0,5;ng/l;OW;Oppervlaktewater;CONCTTE;(massa)Concentratie;NVT;Niet van toepassing;JGM;Jaargemiddelde
8767;2,2'',4,4'',5-pentabroomdifenylether (ZZS);60348-60-9;PBDE99;Milieu;Oppervlaktewater zoet;Landoppervlaktewateren wettelijk MAC-MKN (totaal);0,14;µg/l;OW;Oppervlaktewater;CONCTTE;(massa)Concentratie;NVT;Niet van toepassing;MAX;Maximum
8768;2,2'',4,4'',5-pentabroomdifenylether (ZZS);60348-60-9;PBDE99;Milieu;Oppervlaktewater zout;Andere oppervlaktewateren wettelijk JG-MKN (totaal);0,2;ng/l;OW;Oppervlaktewater;CONCTTE;(massa)Concentratie;NVT;Niet van toepassing;JGM;Jaargemiddelde
8769;2,2'',4,4'',5-pentabroomdifenylether (ZZS);60348-60-9;PBDE99;Milieu;Oppervlaktewater zout;Andere oppervlaktewateren wettelijk MAC-MKN (totaal);0,014;µg/l;OW;Oppervlaktewater;CONCTTE;(massa)Concentratie;NVT;Niet van toepassing;MAX;Maximum
8771;2,2'',4,4''-tetrabroomdifenylether (ZZS);5436-43-1;PBDE47;Milieu;Oppervlaktewater zoet;Landoppervlaktewateren wettelijk JG-MKN (totaal);0,5;ng/l;OW;Oppervlaktewater;CONCTTE;(massa)Concentratie;NVT;Niet van toepassing;JGM;Jaargemiddelde
8772;2,2'',4,4''-tetrabroomdifenylether (ZZS);5436-43-1;PBDE47;Milieu;Oppervlaktewater zoet;Landoppervlaktewateren wettelijk MAC-MKN (totaal);0,14;µg/l;OW;Oppervlaktewater;CONCTTE;(massa)Concentratie;NVT;Niet van toepassing;MAX;Maximum
8773;2,2'',4,4''-tetrabroomdifenylether (ZZS);5436-43-1;PBDE47;Milieu;Oppervlaktewater zout;Andere oppervlaktewateren wettelijk JG-MKN (totaal);0,2;ng/l;OW;Oppervlaktewater;CONCTTE;(massa)Concentratie;NVT;Niet van toepassing;JGM;Jaargemiddelde
8774;2,2'',4,4''-tetrabroomdifenylether (ZZS);5436-43-1;PBDE47;Milieu;Oppervlaktewater zout;Andere oppervlaktewateren wettelijk MAC-MKN (totaal);0,014;µg/l;OW;Oppervlaktewater;CONCTTE;(massa)Concentratie;NVT;Niet van toepassing;MAX;Maximum
8776;tetrabroomdifenylether (ZZS);40088-47-9;;Milieu;Oppervlaktewater zoet;Landoppervlaktewateren wettelijk JG-MKN (totaal);0,5;ng/l;OW;Oppervlaktewater;CONCTTE;(massa)Concentratie;NVT;Niet van toepassing;JGM;Jaargemiddelde
8777;tetrabroomdifenylether (ZZS);40088-47-9;;Milieu;Oppervlaktewater zoet;Landoppervlaktewateren wettelijk MAC-MKN (totaal);0,14;µg/l;OW;Oppervlaktewater;CONCTTE;(massa)Concentratie;NVT;Niet van toepassing;MAX;Maximum
8778;tetrabroomdifenylether (ZZS);40088-47-9;;Milieu;Oppervlaktewater zout;Andere oppervlaktewateren wettelijk JG-MKN (totaal);0,2;ng/l;OW;Oppervlaktewater;CONCTTE;(massa)Concentratie;NVT;Niet van toepassing;JGM;Jaargemiddelde
8779;tetrabroomdifenylether (ZZS);40088-47-9;;Milieu;Oppervlaktewater zout;Andere oppervlaktewateren wettelijk MAC-MKN (totaal);0,014;µg/l;OW;Oppervlaktewater;CONCTTE;(massa)Concentratie;NVT;Niet van toepassing;MAX;Maximum
8808;bifenthrin (ZZS);82657-04-3;biftn;Milieu;Oppervlaktewater zoet;Landoppervlaktewateren MTR (totaal);1;ng/l;OW;Oppervlaktewater;CONCTTE;(massa)Concentratie;NVT;Niet van toepassing;P90;90-Percentiel
8809;bifenthrin (ZZS);82657-04-3;biftn;Milieu;Oppervlaktewater zoet;Landoppervlaktewateren MTR (opgelost);1;ng/l;OW;Oppervlaktewater;CONCTTE;(massa)Concentratie;nf;na filtratie (opgeloste fractie);P90;90-Percentiel
8810;bifenthrin (ZZS);82657-04-3;biftn;Milieu;Sediment;Sediment MTR (droge stof);5;µg/kg;BS;Bodem/Sediment;MASSFTE;Massafractie;dg;t.o.v. drooggewicht;;
8811;bifenthrin (ZZS);82657-04-3;biftn;Milieu;Oppervlaktewater zoet;log Kp l/kg (zwevend stof);3,94;;OW;Oppervlaktewater;NVT;Niet van toepassing;NVT;Niet van toepassing;NVT;Niet van toepassing
8816;fenoxycarb;72490-01-8;fenOxcb;Milieu;Oppervlaktewater zoet;Landoppervlaktewateren wettelijk JG-MKN (totaal);0,0003;µg/l;OW;Oppervlaktewater;CONCTTE;(massa)Concentratie;NVT;Niet van toepassing;JGM;Jaargemiddelde
8818;fenoxycarb;72490-01-8;fenOxcb;Milieu;Oppervlaktewater zoet;Landoppervlaktewateren wettelijk MAC-MKN (totaal);0,026;µg/l;OW;Oppervlaktewater;CONCTTE;(massa)Concentratie;NVT;Niet van toepassing;MAX;Maximum
8821;fenoxycarb;72490-01-8;fenOxcb;Milieu;Oppervlaktewater zoet;log Kp l/kg (zwevend stof);2,33;;OW;Oppervlaktewater;NVT;Niet van toepassing;NVT;Niet van toepassing;NVT;Niet van toepassing
8822;fenoxycarb;72490-01-8;fenOxcb;Milieu;Oppervlaktewater zoet;Landoppervlaktewateren JG-MKN (opgelost);0,0003;µg/l;OW;Oppervlaktewater;CONCTTE;(massa)Concentratie;nf;na filtratie (opgeloste fractie);JGM;Jaargemiddelde
8823;fenoxycarb;72490-01-8;fenOxcb;Milieu;Oppervlaktewater zoet;Landoppervlaktewateren MAC-MKN (opgelost);0,026;µg/l;OW;Oppervlaktewater;CONCTTE;(massa)Concentratie;nf;na filtratie (opgeloste fractie);MAX;Maximum
8824;1,2,5,6,9,10-hexabroomcyclododecaan (ZZS);3194-55-6;HBCD;Milieu;Oppervlaktewater zoet;Landoppervlaktewateren wettelijk JG-MKN (totaal);0,0016;µg/l;OW;Oppervlaktewater;CONCTTE;(massa)Concentratie;NVT;Niet van toepassing;JGM;Jaargemiddelde
8825;1,2,5,6,9,10-hexabroomcyclododecaan (ZZS);3194-55-6;HBCD;Milieu;Oppervlaktewater zoet;Landoppervlaktewateren wettelijk MAC-MKN (totaal);0,5;µg/l;OW;Oppervlaktewater;CONCTTE;(massa)Concentratie;NVT;Niet van toepassing;MAX;Maximum
8826;1,2,5,6,9,10-hexabroomcyclododecaan (ZZS);3194-55-6;HBCD;Milieu;Oppervlaktewater zout;Andere oppervlaktewateren wettelijk JG-MKN (totaal);0,0008;µg/l;OW;Oppervlaktewater;CONCTTE;(massa)Concentratie;NVT;Niet van toepassing;JGM;Jaargemiddelde
8827;1,2,5,6,9,10-hexabroomcyclododecaan (ZZS);3194-55-6;HBCD;Milieu;Oppervlaktewater zout;Andere oppervlaktewateren wettelijk MAC-MKN (totaal);0,05;µg/l;OW;Oppervlaktewater;CONCTTE;(massa)Concentratie;NVT;Niet van toepassing;MAX;Maximum
8829;1,3,5,7,9,11-hexabroomcyclododecaan (ZZS);25637-99-4;HBCD;Milieu;Oppervlaktewater zoet;Landoppervlaktewateren wettelijk JG-MKN (totaal);0,0016;µg/l;OW;Oppervlaktewater;CONCTTE;(massa)Concentratie;NVT;Niet van toepassing;JGM;Jaargemiddelde
8830;1,3,5,7,9,11-hexabroomcyclododecaan (ZZS);25637-99-4;HBCD;Milieu;Oppervlaktewater zoet;Landoppervlaktewateren wettelijk MAC-MKN (totaal);0,5;µg/l;OW;Oppervlaktewater;CONCTTE;(massa)Concentratie;NVT;Niet van toepassing;MAX;Maximum
8831;1,3,5,7,9,11-hexabroomcyclododecaan (ZZS);25637-99-4;HBCD;Milieu;Oppervlaktewater zout;Andere oppervlaktewateren wettelijk JG-MKN (totaal);0,0008;µg/l;OW;Oppervlaktewater;CONCTTE;(massa)Concentratie;NVT;Niet van toepassing;JGM;Jaargemiddelde
8832;1,3,5,7,9,11-hexabroomcyclododecaan (ZZS);25637-99-4;HBCD;Milieu;Oppervlaktewater zout;Andere oppervlaktewateren wettelijk MAC-MKN (totaal);0,05;µg/l;OW;Oppervlaktewater;CONCTTE;(massa)Concentratie;NVT;Niet van toepassing;MAX;Maximum
8834;maleïnehydrazide;123-33-1;malinhdzde;Milieu;Oppervlaktewater zoet;Landoppervlaktewateren Indicatief MTR (opgelost);26;µg/l;OW;Oppervlaktewater;CONCTTE;(massa)Concentratie;nf;na filtratie (opgeloste fractie);P90;90-Percentiel
8835;maleïnehydrazide (1);10071-13-3;;Milieu;Oppervlaktewater zoet;Landoppervlaktewateren Indicatief MTR (opgelost);26;µg/l;OW;Oppervlaktewater;CONCTTE;(massa)Concentratie;nf;na filtratie (opgeloste fractie);P90;90-Percentiel
8836;mevinfos;7786-34-7;mevfs;Milieu;Oppervlaktewater zoet;Landoppervlaktewateren wettelijk JG-MKN (totaal);0,17;ng/l;OW;Oppervlaktewater;CONCTTE;(massa)Concentratie;NVT;Niet van toepassing;JGM;Jaargemiddelde
8837;mevinfos;7786-34-7;mevfs;Milieu;Oppervlaktewater zout;Andere oppervlaktewateren wettelijk JG-MKN (totaal);0,017;ng/l;OW;Oppervlaktewater;CONCTTE;(massa)Concentratie;NVT;Niet van toepassing;JGM;Jaargemiddelde
8838;mevinfos;7786-34-7;mevfs;Milieu;Oppervlaktewater zoet;Landoppervlaktewateren wettelijk MAC-MKN (totaal);17;ng/l;OW;Oppervlaktewater;CONCTTE;(massa)Concentratie;NVT;Niet van toepassing;MAX;Maximum
8839;mevinfos;7786-34-7;mevfs;Milieu;Oppervlaktewater zout;Andere oppervlaktewateren wettelijk MAC-MKN (totaal);1,7;ng/l;OW;Oppervlaktewater;CONCTTE;(massa)Concentratie;NVT;Niet van toepassing;MAX;Maximum
8841;mevinfos;7786-34-7;mevfs;Milieu;Oppervlaktewater zoet;log Kp l/kg (zwevend stof);0,67;;OW;Oppervlaktewater;NVT;Niet van toepassing;NVT;Niet van toepassing;NVT;Niet van toepassing
8842;mevinfos;7786-34-7;mevfs;Milieu;Oppervlaktewater zoet;Landoppervlaktewateren JG-MKN (opgelost);0,17;ng/l;OW;Oppervlaktewater;CONCTTE;(massa)Concentratie;nf;na filtratie (opgeloste fractie);JGM;Jaargemiddelde
8843;mevinfos;7786-34-7;mevfs;Milieu;Oppervlaktewater zoet;Landoppervlaktewateren MAC-MKN (opgelost);17;ng/l;OW;Oppervlaktewater;CONCTTE;(massa)Concentratie;nf;na filtratie (opgeloste fractie);MAX;Maximum
8844;mevinfos;7786-34-7;mevfs;Milieu;Oppervlaktewater zout;Andere oppervlaktewateren JG-MKN (opgelost);0,017;ng/l;OW;Oppervlaktewater;CONCTTE;(massa)Concentratie;nf;na filtratie (opgeloste fractie);JGM;Jaargemiddelde
8845;mevinfos;7786-34-7;mevfs;Milieu;Oppervlaktewater zout;Andere oppervlaktewateren MAC-MKN (opgelost);1,7;ng/l;OW;Oppervlaktewater;CONCTTE;(massa)Concentratie;nf;na filtratie (opgeloste fractie);MAX;Maximum
8847;maneb;12427-38-2;manb;Milieu;Grondwater;Grondwater indicatief niveau voor ernstige verontreiniging (opgelost);0,1;µg/l;GW;Grondwater;CONCTTE;(massa)Concentratie;nf;na filtratie;Nee;
8848;maneb;12427-38-2;manb;Milieu;Oppervlaktewater zoet;Landoppervlaktewateren JG-MKN (opgelost);0,21;µg/l;OW;Oppervlaktewater;CONCTTE;(massa)Concentratie;nf;na filtratie (opgeloste fractie);JGM;Jaargemiddelde
8849;maneb;12427-38-2;manb;Milieu;Grondwater;Standaardwaarden grondwater (inclusief AC) (opgelost);0,05;ng/l;GW;Grondwater;CONCTTE;(massa)Concentratie;nf;na filtratie;Nee;
8850;ftalaten som;;;Milieu;Grondwater;Signaleringsparameter  beoordeling grondwatersanering (opgelost);5;µg/l;GW;Grondwater;CONCTTE;(massa)Concentratie;nf;na filtratie;Nee;
8851;ftalaten som;;;Milieu;Grondwater;Standaardwaarden grondwater (inclusief AC) (opgelost);0,5;µg/l;GW;Grondwater;CONCTTE;(massa)Concentratie;nf;na filtratie;Nee;
8875;polycyclische aromatische koolwaterstoffen (ZZS);;;Milieu;Oppervlaktewater voor drinkwaterbereiding;Oppervlaktewater voor drinkwaterbereiding (gericht op waterbeheerder);1;µg/l;;;;;;;;
8877;polycyclische aromatische koolwaterstoffen (ZZS);;;Milieu;Oppervlaktewater voor drinkwaterbereiding;Oppervlaktewater voor drinkwaterbereiding (gericht tot het drinkwaterbedrijf);1;µg/l;;;;;;;;
8908;xyleen;1330-20-7;;Milieu;Oppervlaktewater zoet;log Kp l/kg (zwevend stof);1,87;;OW;Oppervlaktewater;NVT;Niet van toepassing;NVT;Niet van toepassing;NVT;Niet van toepassing
8910;xyleen;1330-20-7;;Milieu;Grondwater;Signaleringsparameter  beoordeling grondwatersanering (opgelost);70;µg/l;GW;Grondwater;CONCTTE;(massa)Concentratie;nf;na filtratie;Nee;
8923;xyleen;1330-20-7;;Milieu;Grondwater;Standaardwaarden grondwater (inclusief AC) (opgelost);0,2;µg/l;GW;Grondwater;CONCTTE;(massa)Concentratie;nf;na filtratie;Nee;
8948;dichloorfenolen;;;Milieu;Grondwater;Signaleringsparameter  beoordeling grondwatersanering (opgelost);30;µg/l;GW;Grondwater;CONCTTE;(massa)Concentratie;nf;na filtratie;Nee;
8949;dichloorfenolen;;;Milieu;Oppervlaktewater zoet;log Kp l/kg (zwevend stof);1,6;;OW;Oppervlaktewater;NVT;Niet van toepassing;NVT;Niet van toepassing;NVT;Niet van toepassing
8950;dichloorfenolen;;;Milieu;Grondwater;Standaardwaarden grondwater (inclusief AC) (opgelost);0,2;µg/l;GW;Grondwater;CONCTTE;(massa)Concentratie;nf;na filtratie;Nee;
8976;trichloorfenol;25167-82-2;;Milieu;Grondwater;Signaleringsparameter  beoordeling grondwatersanering (opgelost);10;µg/l;GW;Grondwater;CONCTTE;(massa)Concentratie;nf;na filtratie;Nee;
8977;trichloorfenol;25167-82-2;;Milieu;Grondwater;Standaardwaarden grondwater (inclusief AC) (opgelost);0,03;µg/l;GW;Grondwater;CONCTTE;(massa)Concentratie;nf;na filtratie;Nee;
9002;tetrachloorfenolen som;;;Milieu;Grondwater;Signaleringsparameter  beoordeling grondwatersanering (opgelost);10;µg/l;GW;Grondwater;CONCTTE;(massa)Concentratie;nf;na filtratie;Nee;
9003;tetrachloorfenolen som;;;Milieu;Oppervlaktewater zoet;log Kp l/kg (zwevend stof);2,25;;OW;Oppervlaktewater;NVT;Niet van toepassing;NVT;Niet van toepassing;NVT;Niet van toepassing
9004;tetrachloorfenolen som;;;Milieu;Grondwater;Standaardwaarden grondwater (inclusief AC) (opgelost);0,01;µg/l;GW;Grondwater;CONCTTE;(massa)Concentratie;nf;na filtratie;Nee;
9030;trichlooranilines som;;;Milieu;Grondwater;Grondwater indicatief niveau voor ernstige verontreiniging (opgelost);10;µg/l;GW;Grondwater;CONCTTE;(massa)Concentratie;nf;na filtratie;Nee;
9032;tetrachlooranilines som;;;Milieu;Grondwater;Grondwater indicatief niveau voor ernstige verontreiniging (opgelost);10;µg/l;GW;Grondwater;CONCTTE;(massa)Concentratie;nf;na filtratie;Nee;
9034;dichloorpropanen som;;;Milieu;Grondwater;Signaleringsparameter  beoordeling grondwatersanering (opgelost);80;µg/l;GW;Grondwater;CONCTTE;(massa)Concentratie;nf;na filtratie;Nee;
9035;dichloorpropanen som;;;Milieu;Grondwater;Standaardwaarden grondwater (inclusief AC) (opgelost);0,8;µg/l;GW;Grondwater;CONCTTE;(massa)Concentratie;nf;na filtratie;Nee;
9085;4-chloormethylfenolen som;;;Milieu;Grondwater;Grondwater indicatief niveau voor ernstige verontreiniging (opgelost);350;µg/l;GW;Grondwater;CONCTTE;(massa)Concentratie;nf;na filtratie;Nee;
9134;organische tinverbindingen (ZZS);;;Milieu;Grondwater;Signaleringsparameter  beoordeling grondwatersanering (opgelost);700;ng/l;GW;Grondwater;CONCTTE;(massa)Concentratie;nf;na filtratie;Nee;
9136;organische tinverbindingen (ZZS);;;Milieu;Grondwater;Standaardwaarden grondwater (inclusief AC) (opgelost);0,05;ng/l;GW;Grondwater;CONCTTE;(massa)Concentratie;nf;na filtratie;Nee;
9163;aromatische oplosmiddelen som;;;Milieu;Grondwater;Grondwater indicatief niveau voor ernstige verontreiniging (opgelost);150;µg/l;GW;Grondwater;CONCTTE;(massa)Concentratie;nf;na filtratie;Nee;
9213;monochlooranilines som;;;Milieu;Grondwater;Signaleringsparameter  beoordeling grondwatersanering (opgelost);30;µg/l;GW;Grondwater;CONCTTE;(massa)Concentratie;nf;na filtratie;Nee;
9239;thiocyanaat;;;Milieu;Grondwater;Signaleringsparameter  beoordeling grondwatersanering (opgelost);1500;µg/l;GW;Grondwater;CONCTTE;(massa)Concentratie;nf;na filtratie;Nee;
9241;chloornaftaleen;25586-43-0;;Milieu;Grondwater;Signaleringsparameter  beoordeling grondwatersanering (opgelost);6;µg/l;GW;Grondwater;CONCTTE;(massa)Concentratie;nf;na filtratie;Nee;
9242;chloornaftaleen;25586-43-0;;Milieu;Oppervlaktewater zoet;Landoppervlaktewateren MTR (opgelost);0,77;µg/l;OW;Oppervlaktewater;CONCTTE;(massa)Concentratie;nf;na filtratie (opgeloste fractie);P90;90-Percentiel
9267;dioxinen som (ZZS);;;Milieu;Grondwater;Grondwater indicatief niveau voor ernstige verontreiniging (opgelost);0,001;ng/l;GW;Grondwater;CONCTTE;(massa)Concentratie;nf;na filtratie;Nee;
9293;fosfor totaal;;Ptot;Milieu;Grondwater;Omgevingswaarde voor krw-verontreinigende stoffen nationaal (opgelost);2,0-6,9;mg/l;;;;;;;;
9294;fosfor totaal;;Ptot;Milieu;Oppervlaktewater zoet;Landoppervlaktewateren MTR (totaal);voor grenswaarden per watertype zie voetnoot;;OW;Oppervlaktewater;CONCTTE;(massa)Concentratie;NVT;Niet van toepassing;P90;90-Percentiel
9295;gebromeerde difenylethers (ZZS);;;Milieu;Oppervlaktewater zoet;Landoppervlaktewateren wettelijk JG-MKN (totaal);0,5;ng/l;OW;Oppervlaktewater;CONCTTE;(massa)Concentratie;NVT;Niet van toepassing;JGM;Jaargemiddelde
9296;gebromeerde difenylethers (ZZS);;;Milieu;Oppervlaktewater zoet;Landoppervlaktewateren wettelijk MAC-MKN (totaal);0,14;µg/l;OW;Oppervlaktewater;CONCTTE;(massa)Concentratie;NVT;Niet van toepassing;MAX;Maximum
9297;gebromeerde difenylethers (ZZS);;;Milieu;Oppervlaktewater zout;Andere oppervlaktewateren wettelijk JG-MKN (totaal);0,2;ng/l;OW;Oppervlaktewater;CONCTTE;(massa)Concentratie;NVT;Niet van toepassing;JGM;Jaargemiddelde
9298;gebromeerde difenylethers (ZZS);;;Milieu;Oppervlaktewater zout;Andere oppervlaktewateren wettelijk MAC-MKN (totaal);0,014;µg/l;OW;Oppervlaktewater;CONCTTE;(massa)Concentratie;NVT;Niet van toepassing;MAX;Maximum
9315;fenolen;;;Milieu;Oppervlaktewater voor drinkwaterbereiding;Oppervlaktewater voor drinkwaterbereiding (gericht tot het drinkwaterbedrijf) - Signaleringsparameter;1;µg/l;;;;;;;;
9319;tributyltin verbindingen (ZZS);;;Milieu;Oppervlaktewater zoet;Landoppervlaktewateren wettelijk JG-MKN (totaal);0,0002;µg/l;OW;Oppervlaktewater;CONCTTE;(massa)Concentratie;NVT;Niet van toepassing;JGM;Jaargemiddelde
9320;tributyltin verbindingen (ZZS);;;Milieu;Oppervlaktewater zoet;Landoppervlaktewateren wettelijk MAC-MKN (totaal);0,0015;µg/l;OW;Oppervlaktewater;CONCTTE;(massa)Concentratie;NVT;Niet van toepassing;MAX;Maximum
9321;tributyltin verbindingen (ZZS);;;Milieu;Oppervlaktewater zout;Andere oppervlaktewateren wettelijk JG-MKN (totaal);0,0002;µg/l;OW;Oppervlaktewater;CONCTTE;(massa)Concentratie;NVT;Niet van toepassing;JGM;Jaargemiddelde
9322;tributyltin verbindingen (ZZS);;;Milieu;Oppervlaktewater zout;Andere oppervlaktewateren wettelijk MAC-MKN (totaal);0,0015;µg/l;OW;Oppervlaktewater;CONCTTE;(massa)Concentratie;NVT;Niet van toepassing;MAX;Maximum
9325;dichloornitrobenzenen;;;Milieu;Oppervlaktewater zoet;Landoppervlaktewateren MTR (opgelost);1,4;µg/l;OW;Oppervlaktewater;CONCTTE;(massa)Concentratie;nf;na filtratie (opgeloste fractie);P90;90-Percentiel
9328;fosfaat;;;Milieu;Oppervlaktewater voor drinkwaterbereiding;Oppervlaktewater voor drinkwaterbereiding (gericht op waterbeheerder);0,9;mg/l;;;;;;;;
9329;fosfaat;;;Milieu;Oppervlaktewater voor drinkwaterbereiding;Oppervlaktewater voor drinkwaterbereiding (gericht tot het drinkwaterbedrijf);0,9;mg/l;;;;;;;;
9330;diquat;2764-72-9;Dqt;Milieu;Oppervlaktewater zoet;Landoppervlaktewateren Indicatief MTR (opgelost);1;µg/l;OW;Oppervlaktewater;CONCTTE;(massa)Concentratie;nf;na filtratie (opgeloste fractie);P90;90-Percentiel
9331;vluchtige organische halogeenverbindingen;;;Milieu;Oppervlaktewater zoet;Landoppervlaktewateren MTR (totaal);5;µg/l;OW;Oppervlaktewater;CONCTTE;(massa)Concentratie;NVT;Niet van toepassing;P90;90-Percentiel
9334;octylfenolen;;;Milieu;Oppervlaktewater zoet;Landoppervlaktewateren wettelijk JG-MKN (totaal);0,1;µg/l;OW;Oppervlaktewater;CONCTTE;(massa)Concentratie;NVT;Niet van toepassing;JGM;Jaargemiddelde
9336;octylfenolen;;;Milieu;Oppervlaktewater zout;Andere oppervlaktewateren wettelijk JG-MKN (totaal);0,01;µg/l;OW;Oppervlaktewater;CONCTTE;(massa)Concentratie;NVT;Niet van toepassing;JGM;Jaargemiddelde
9408;stikstof;7727-37-9;Ntot;Milieu;Oppervlaktewater zoet;Landoppervlaktewateren MTR (totaal);voor grenswaarden per watertype zie (W);;OW;Oppervlaktewater;CONCTTE;(massa)Concentratie;NVT;Niet van toepassing;P90;90-Percentiel
9409;zuurstof;7782-44-7;O2;Milieu;Oppervlaktewater voor drinkwaterbereiding;Oppervlaktewater voor drinkwaterbereiding (gericht op waterbeheerder);≥ 5;mg/l;;;;;;;;
9410;zuurstof;7782-44-7;O2;Milieu;Oppervlaktewater voor drinkwaterbereiding;Oppervlaktewater voor drinkwaterbereiding (gericht tot het drinkwaterbedrijf);≥ 5;mg/l;;;;;;;;
9491;ethyl butyraat;105-54-4;C2ybtrt;Milieu;Oppervlaktewater zoet;Landoppervlaktewateren Indicatief MTR (opgelost);53;µg/l;OW;Oppervlaktewater;CONCTTE;(massa)Concentratie;nf;na filtratie (opgeloste fractie);P90;90-Percentiel
9492;ethyl butyraat;105-54-4;C2ybtrt;Milieu;Sediment;Sediment Indicatief MTR (droge stof);366;µg/kg;BS;Bodem/Sediment;MASSFTE;Massafractie;dg;t.o.v. drooggewicht;;
9506;ethyllactaat;97-64-3;;Milieu;Oppervlaktewater zoet;Landoppervlaktewateren Indicatief JG-MKN (opgelost);320;µg/l;OW;Oppervlaktewater;CONCTTE;(massa)Concentratie;nf;na filtratie (opgeloste fractie);JGM;Jaargemiddelde
9507;ethyllactaat;97-64-3;;Milieu;Oppervlaktewater zoet;Landoppervlaktewateren Indicatief MAC-MKN (opgelost);3200;µg/l;OW;Oppervlaktewater;CONCTTE;(massa)Concentratie;nf;na filtratie (opgeloste fractie);MAX;Maximum
9590;anorganische arseenverbindingen (ZZS);;;Milieu;Oppervlaktewater zoet;Landoppervlaktewateren wettelijk JG-MKN (opgelost);0,5;µg/l;OW;Oppervlaktewater;CONCTTE;(massa)Concentratie;nf;na filtratie (opgeloste fractie);JGM;Jaargemiddelde
9591;anorganische arseenverbindingen (ZZS);;;Milieu;Oppervlaktewater zoet;Landoppervlaktewateren wettelijk MAC-MKN (opgelost);8;µg/l;OW;Oppervlaktewater;CONCTTE;(massa)Concentratie;nf;na filtratie (opgeloste fractie);MAX;Maximum
9592;anorganische arseenverbindingen (ZZS);;;Milieu;Oppervlaktewater zout;Andere oppervlaktewateren wettelijk JG-MKN (opgelost);0,6;µg/l;OW;Oppervlaktewater;CONCTTE;(massa)Concentratie;nf;na filtratie (opgeloste fractie);JGM;Jaargemiddelde
9593;anorganische arseenverbindingen (ZZS);;;Milieu;Oppervlaktewater zout;Andere oppervlaktewateren wettelijk MAC-MKN (opgelost);1,1;µg/l;OW;Oppervlaktewater;CONCTTE;(massa)Concentratie;nf;na filtratie (opgeloste fractie);MAX;Maximum
9610;1,3-dichloor-2-propanol (ZZS);96-23-1;13DCl2C3ol;Milieu;Oppervlaktewater zoet;Landoppervlaktewateren MTR (opgelost);104;µg/l;OW;Oppervlaktewater;CONCTTE;(massa)Concentratie;nf;na filtratie (opgeloste fractie);P90;90-Percentiel
9625;2-diethylaminoethanol;100-37-8;;Milieu;Oppervlaktewater zoet;Landoppervlaktewateren Indicatief JG-MKN (opgelost);21;µg/l;OW;Oppervlaktewater;CONCTTE;(massa)Concentratie;nf;na filtratie (opgeloste fractie);JGM;Jaargemiddelde
9626;2-diethylaminoethanol;100-37-8;;Milieu;Oppervlaktewater zoet;Landoppervlaktewateren Indicatief JG-MKN (totaal);21;µg/l;OW;Oppervlaktewater;CONCTTE;(massa)Concentratie;NVT;Niet van toepassing;JGM;Jaargemiddelde
9627;2-diethylaminoethanol;100-37-8;;Milieu;Oppervlaktewater zoet;Landoppervlaktewateren Indicatief MAC-MKN (opgelost);340;µg/l;OW;Oppervlaktewater;CONCTTE;(massa)Concentratie;nf;na filtratie (opgeloste fractie);MAX;Maximum
9628;2-diethylaminoethanol;100-37-8;;Milieu;Oppervlaktewater zoet;Landoppervlaktewateren Indicatief MAC-MKN (totaal);340;µg/l;OW;Oppervlaktewater;CONCTTE;(massa)Concentratie;NVT;Niet van toepassing;MAX;Maximum
9629;2-diethylaminoethanol;100-37-8;;Milieu;Oppervlaktewater zout;Andere oppervlaktewateren Indicatief JG-MKN (opgelost);2,1;µg/l;OW;Oppervlaktewater;CONCTTE;(massa)Concentratie;nf;na filtratie (opgeloste fractie);JGM;Jaargemiddelde
9630;2-diethylaminoethanol;100-37-8;;Milieu;Oppervlaktewater zout;Andere oppervlaktewateren Indicatief JG-MKN (totaal);2,1;µg/l;OW;Oppervlaktewater;CONCTTE;(massa)Concentratie;NVT;Niet van toepassing;JGM;Jaargemiddelde
9631;2-diethylaminoethanol;100-37-8;;Milieu;Oppervlaktewater zout;Andere oppervlaktewateren Indicatief MAC-MKN (opgelost);34;µg/l;OW;Oppervlaktewateren;CONCTTE;(massa)Concentratie;nf;na filtratie (opgeloste fractie);MAX;Maximum
9632;2-diethylaminoethanol;100-37-8;;Milieu;Oppervlaktewater zout;Andere oppervlaktewateren Indicatief MAC-MKN (totaal);34;µg/l;OW;Oppervlaktewater;CONCTTE;(massa)Concentratie;NVT;Niet van toepassing;MAX;Maximum
9642;acrylzuur;79-10-7;2C3ezr;Milieu;Oppervlaktewater zoet;Landoppervlaktewateren JG-MKN (totaal);3,0;µg/l;OW;Oppervlaktewater;CONCTTE;(massa)Concentratie;NVT;Niet van toepassing;JGM;Jaargemiddelde
9643;acrylzuur;79-10-7;2C3ezr;Milieu;Oppervlaktewater zoet;Landoppervlaktewateren MAC-MKN (totaal);3,0;µg/l;OW;Oppervlaktewater;CONCTTE;(massa)Concentratie;NVT;Niet van toepassing;MAX;Maximum
9644;acrylzuur;79-10-7;2C3ezr;Milieu;Oppervlaktewater zout;Andere oppervlaktewateren JG-MKN (totaal);0,3;µg/l;OW;Oppervlaktewater;CONCTTE;(massa)Concentratie;NVT;Niet van toepassing;JGM;Jaargemiddelde
9645;acrylzuur;79-10-7;2C3ezr;Milieu;Oppervlaktewater zout;Andere oppervlaktewateren MAC-MKN (totaal);0,3;µg/l;OW;Oppervlaktewater;CONCTTE;(massa)Concentratie;NVT;Niet van toepassing;MAX;Maximum
9695;benzylideenchloride;98-87-3;aaDClTol;Milieu;Oppervlaktewater zout;Andere oppervlaktewateren wettelijk JG-MKN (totaal);0,0034;µg/l;OW;Oppervlaktewater;CONCTTE;(massa)Concentratie;NVT;Niet van toepassing;JGM;Jaargemiddelde
9696;benzylideenchloride;98-87-3;aaDClTol;Milieu;Oppervlaktewater zoet;Landoppervlaktewateren wettelijk JG-MKN (totaal);0,0034;µg/l;OW;Oppervlaktewater;CONCTTE;(massa)Concentratie;NVT;Niet van toepassing;JGM;Jaargemiddelde
9697;benzylideenchloride;98-87-3;aaDClTol;Milieu;Oppervlaktewater zoet;Landoppervlaktewateren JG-MKN (opgelost);0,0034;µg/l;OW;Oppervlaktewater;CONCTTE;(massa)Concentratie;nf;na filtratie (opgeloste fractie);JGM;Jaargemiddelde
9698;benzylideenchloride;98-87-3;aaDClTol;Milieu;Oppervlaktewater zout;Andere oppervlaktewateren JG-MKN (opgelost);0,0034;µg/l;OW;Oppervlaktewater;CONCTTE;(massa)Concentratie;nf;na filtratie (opgeloste fractie);JGM;Jaargemiddelde
9702;2-naftylamine (ZZS);91-59-8;2AoNaf;Milieu;Oppervlaktewater zoet;Landoppervlaktewateren Indicatief MTR (opgelost);9,90E-01;µg/l;OW;Oppervlaktewater;CONCTTE;(massa)Concentratie;nf;na filtratie (opgeloste fractie);P90;90-Percentiel
9756;chloorfenolen;;;Milieu;Oppervlaktewater voor drinkwaterbereiding;Oppervlaktewater voor drinkwaterbereiding (gericht tot het drinkwaterbedrijf) - Signaleringsparameter;1;µg/l;;;;;;;;
9757;chloornitrotoluenen;;;Milieu;Oppervlaktewater zoet;Landoppervlaktewateren MTR (opgelost);16;µg/l;OW;Oppervlaktewater;CONCTTE;(massa)Concentratie;nf;na filtratie (opgeloste fractie);P90;90-Percentiel
9770;chloortoluidines;;;Milieu;Oppervlaktewater zoet;Landoppervlaktewateren MTR (opgelost);6,2;µg/l;OW;Oppervlaktewater;CONCTTE;(massa)Concentratie;nf;na filtratie (opgeloste fractie);P90;90-Percentiel
9787;cresolen;1319-77-3;;Milieu;Grondwater;Signaleringsparameter  beoordeling grondwatersanering (opgelost);200;µg/l;GW;Grondwater;CONCTTE;(massa)Concentratie;nf;na filtratie;Nee;
9789;cresolen;1319-77-3;;Milieu;Grondwater;Standaardwaarden grondwater (inclusief AC) (opgelost);0,2;µg/l;GW;Grondwater;CONCTTE;(massa)Concentratie;nf;na filtratie;Nee;
9997;isopropenylbenzeen;98-83-9;aC1ysrn;Milieu;Oppervlaktewater zoet;Landoppervlaktewateren MTR (opgelost);4,2;µg/l;OW;Oppervlaktewater;CONCTTE;(massa)Concentratie;nf;na filtratie (opgeloste fractie);P90;90-Percentiel
10013;loodverbindingen (ZZS);;;Milieu;Oppervlaktewater zoet;Landoppervlaktewateren wettelijk JG-MKN (opgelost);1,2;µg/l;OW;Oppervlaktewater;CONCTTE;(massa)Concentratie;nf;na filtratie (opgeloste fractie);JGM;Jaargemiddelde
10014;loodverbindingen (ZZS);;;Milieu;Oppervlaktewater zoet;Landoppervlaktewateren wettelijk MAC-MKN (opgelost);14;µg/l;OW;Oppervlaktewater;CONCTTE;(massa)Concentratie;nf;na filtratie (opgeloste fractie);MAX;Maximum
10015;loodverbindingen (ZZS);;;Milieu;Oppervlaktewater zout;Andere oppervlaktewateren wettelijk JG-MKN (opgelost);1,3;µg/l;OW;Oppervlaktewater;CONCTTE;(massa)Concentratie;nf;na filtratie (opgeloste fractie);JGM;Jaargemiddelde
10016;loodverbindingen (ZZS);;;Milieu;Oppervlaktewater zout;Andere oppervlaktewateren wettelijk MAC-MKN (opgelost);14;µg/l;OW;Oppervlaktewater;CONCTTE;(massa)Concentratie;nf;na filtratie (opgeloste fractie);MAX;Maximum
10097;methylmethacrylaat;80-62-6;C1ymtclt;Milieu;Oppervlaktewater zoet;Landoppervlaktewateren Indicatief MTR (opgelost);239;µg/l;OW;Oppervlaktewater;CONCTTE;(massa)Concentratie;nf;na filtratie (opgeloste fractie);P90;90-Percentiel
10127;natrium;7440-23-5;Na;Milieu;Oppervlaktewater voor drinkwaterbereiding;Oppervlaktewater voor drinkwaterbereiding (gericht op waterbeheerder);120;mg/l;;;;;;;;
10128;natrium;7440-23-5;Na;Milieu;Oppervlaktewater voor drinkwaterbereiding;Oppervlaktewater voor drinkwaterbereiding (gericht tot het drinkwaterbedrijf);120;mg/l;;;;;;;;
10139;n-hepteen;25339-56-4;;Milieu;Oppervlaktewater zoet;Landoppervlaktewateren Indicatief JG-MKN (opgelost);0,90;µg/l;OW;Oppervlaktewater;CONCTTE;(massa)Concentratie;nf;na filtratie (opgeloste fractie);JGM;Jaargemiddelde
10140;n-hepteen;25339-56-4;;Milieu;Oppervlaktewater zoet;Landoppervlaktewateren Indicatief JG-MKN (totaal);0,90;µg/l;OW;Oppervlaktewater;CONCTTE;(massa)Concentratie;NVT;Niet van toepassing;JGM;Jaargemiddelde
10141;n-hepteen;25339-56-4;;Milieu;Oppervlaktewater zoet;Landoppervlaktewateren Indicatief MAC-MKN (opgelost);9,0;µg/l;OW;Oppervlaktewater;CONCTTE;(massa)Concentratie;nf;na filtratie (opgeloste fractie);MAX;Maximum
10142;n-hepteen;25339-56-4;;Milieu;Oppervlaktewater zoet;Landoppervlaktewateren Indicatief MAC-MKN (totaal);9,0;µg/l;OW;Oppervlaktewater;CONCTTE;(massa)Concentratie;NVT;Niet van toepassing;MAX;Maximum
10143;n-hepteen;25339-56-4;;Milieu;Oppervlaktewater zout;Andere oppervlaktewateren Indicatief JG-MKN (opgelost);90;ng/l;OW;Oppervlaktewater;CONCTTE;(massa)Concentratie;nf;na filtratie (opgeloste fractie);JGM;Jaargemiddelde
10144;n-hepteen;25339-56-4;;Milieu;Oppervlaktewater zout;Andere oppervlaktewateren Indicatief JG-MKN (totaal);90;ng/l;OW;Oppervlaktewater;CONCTTE;(massa)Concentratie;NVT;Niet van toepassing;JGM;Jaargemiddelde
10145;n-hepteen;25339-56-4;;Milieu;Oppervlaktewater zout;Andere oppervlaktewateren Indicatief MAC-MKN (opgelost);0,90;µg/l;OW;Oppervlaktewateren;CONCTTE;(massa)Concentratie;nf;na filtratie (opgeloste fractie);MAX;Maximum
10146;n-hepteen;25339-56-4;;Milieu;Oppervlaktewater zout;Andere oppervlaktewateren Indicatief MAC-MKN (totaal);0,90;µg/l;OW;Oppervlaktewater;CONCTTE;(massa)Concentratie;NVT;Niet van toepassing;MAX;Maximum
10298;tetrachloormethaan;56-23-5;T4ClC1a;Milieu;Oppervlaktewater zoet;log Kp l/kg (zwevend stof);1,9;;OW;Oppervlaktewater;NVT;Niet van toepassing;NVT;Niet van toepassing;NVT;Niet van toepassing
10299;tetrachloormethaan;56-23-5;T4ClC1a;Milieu;Oppervlaktewater zoet;Landoppervlaktewateren wettelijk JG-MKN (totaal);12;µg/l;OW;Oppervlaktewater;CONCTTE;(massa)Concentratie;NVT;Niet van toepassing;JGM;Jaargemiddelde
10301;tetrachloormethaan;56-23-5;T4ClC1a;Milieu;Oppervlaktewater zout;Andere oppervlaktewateren wettelijk JG-MKN (totaal);12;µg/l;OW;Oppervlaktewater;CONCTTE;(massa)Concentratie;NVT;Niet van toepassing;JGM;Jaargemiddelde
10303;tetrachloormethaan;56-23-5;T4ClC1a;Milieu;Sediment;Sediment MTR (droge stof);1;mg/kg;BS;Bodem/Sediment;MASSFTE;Massafractie;dg;t.o.v. drooggewicht;;
10305;tetrachloormethaan;56-23-5;T4ClC1a;Milieu;Grondwater;Signaleringsparameter  beoordeling grondwatersanering (opgelost);10;µg/l;GW;Grondwater;CONCTTE;(massa)Concentratie;nf;na filtratie;Nee;
10323;tetrachloormethaan;56-23-5;T4ClC1a;Milieu;Grondwater;Standaardwaarden grondwater (inclusief AC) (opgelost);0,01;µg/l;GW;Grondwater;CONCTTE;(massa)Concentratie;nf;na filtratie;Nee;
10350;tetrahydrofuraan;109-99-9;T4Hfrn;Milieu;Grondwater;Signaleringsparameter  beoordeling grondwatersanering (opgelost);300;µg/l;GW;Grondwater;CONCTTE;(massa)Concentratie;nf;na filtratie;Nee;
10366;tetrahydrofuraan;109-99-9;T4Hfrn;Milieu;Grondwater;Standaardwaarden grondwater (inclusief AC) (opgelost);0,5;µg/l;GW;Grondwater;CONCTTE;(massa)Concentratie;nf;na filtratie;Nee;
10414;titanium;7440-32-6;Ti;Milieu;Oppervlaktewater zoet;log Kp l/kg (zwevend stof);3,62;;OW;Oppervlaktewater;NVT;Niet van toepassing;NVT;Niet van toepassing;NVT;Niet van toepassing
10415;titanium;7440-32-6;Ti;Milieu;Sediment;Sediment landelijke achtergrondconcentratie (droge stof);3465;mg/kg;BS;Bodem/Sediment;MASSFTE;Massafractie;dg;t.o.v. drooggewicht;;
10417;titanium;7440-32-6;Ti;Milieu;Oppervlaktewater zoet;Landoppervlaktewateren wettelijk JG-MKN (opgelost);20;µg/l;OW;Oppervlaktewater;CONCTTE;(massa)Concentratie;nf;na filtratie (opgeloste fractie);JGM;Jaargemiddelde
10535;kwikverbindingen (ZZS);;;Milieu;Oppervlaktewater zoet;Landoppervlaktewateren wettelijk JG-MKN (opgelost);0,00007;µg/l;OW;Oppervlaktewater;CONCTTE;(massa)Concentratie;nf;na filtratie (opgeloste fractie);JGM;Jaargemiddelde
10536;kwikverbindingen (ZZS);;;Milieu;Oppervlaktewater zoet;Landoppervlaktewateren wettelijk MAC-MKN (opgelost);0,07;µg/l;OW;Oppervlaktewater;CONCTTE;(massa)Concentratie;nf;na filtratie (opgeloste fractie);MAX;Maximum
10537;kwikverbindingen (ZZS);;;Milieu;Oppervlaktewater zout;Andere oppervlaktewateren wettelijk JG-MKN (opgelost);0,00007;µg/l;OW;Oppervlaktewater;CONCTTE;(massa)Concentratie;nf;na filtratie (opgeloste fractie);JGM;Jaargemiddelde
10538;kwikverbindingen (ZZS);;;Milieu;Oppervlaktewater zout;Andere oppervlaktewateren wettelijk MAC-MKN (opgelost);0,07;µg/l;OW;Oppervlaktewater;CONCTTE;(massa)Concentratie;nf;na filtratie (opgeloste fractie);MAX;Maximum
10550;cadmiumverbindingen (ZZS);;;Milieu;Oppervlaktewater zoet;Landoppervlaktewateren wettelijk JG-MKN (opgelost);zie onder i;;OW;Oppervlaktewater;CONCTTE;(massa)Concentratie;nf;na filtratie (opgeloste fractie);JGM;Jaargemiddelde
10551;cadmiumverbindingen (ZZS);;;Milieu;Oppervlaktewater zoet;Landoppervlaktewateren wettelijk MAC-MKN (opgelost);zie onder i;;OW;Oppervlaktewater;CONCTTE;(massa)Concentratie;nf;na filtratie (opgeloste fractie);MAX;Maximum
10552;cadmiumverbindingen (ZZS);;;Milieu;Oppervlaktewater zout;Andere oppervlaktewateren wettelijk JG-MKN (opgelost);0,2;µg/l;OW;Oppervlaktewater;CONCTTE;(massa)Concentratie;nf;na filtratie (opgeloste fractie);JGM;Jaargemiddelde
10553;cadmiumverbindingen (ZZS);;;Milieu;Oppervlaktewater zout;Andere oppervlaktewateren wettelijk MAC-MKN (opgelost);zie onder i;;OW;Oppervlaktewater;CONCTTE;(massa)Concentratie;nf;na filtratie (opgeloste fractie);MAX;Maximum
10556;dichlooranilines som;;;Milieu;Grondwater;Grondwater indicatief niveau voor ernstige verontreiniging (opgelost);100;µg/l;GW;Grondwater;CONCTTE;(massa)Concentratie;nf;na filtratie;Nee;
10562;bronopol;52-51-7;bronpl;Milieu;Oppervlaktewater zoet;Landoppervlaktewateren Indicatief MTR (opgelost);0,2;µg/l;OW;Oppervlaktewater;CONCTTE;(massa)Concentratie;nf;na filtratie (opgeloste fractie);P90;90-Percentiel
10739;2,3,5-trichlooraniline;18487-39-3;235TClAn;Milieu;Oppervlaktewater zoet;log Kp l/kg (zwevend stof);2,15;;OW;Oppervlaktewater;NVT;Niet van toepassing;NVT;Niet van toepassing;NVT;Niet van toepassing
10740;2,3,5-trichlooraniline;18487-39-3;235TClAn;Milieu;Oppervlaktewater zoet;Landoppervlaktewateren MTR (opgelost);6;µg/l;OW;Oppervlaktewater;CONCTTE;(massa)Concentratie;nf;na filtratie (opgeloste fractie);P90;90-Percentiel
10741;2,3,5-trichlooraniline;18487-39-3;235TClAn;Milieu;Oppervlaktewater zoet;Landoppervlaktewateren MTR (totaal);6;µg/l;OW;Oppervlaktewater;CONCTTE;(massa)Concentratie;NVT;Niet van toepassing;P90;90-Percentiel
10742;2,3,5-trichlooraniline;18487-39-3;235TClAn;Milieu;Sediment;Sediment MTR (droge stof);420;µg/kg;BS;Bodem/Sediment;MASSFTE;Massafractie;dg;t.o.v. drooggewicht;;
10743;nitraten;;;Milieu;Grondwater;Omgevingswaarde voor krw-verontreinigende stoffen (opgelost);50;µg/l;;;;;;;;
10744;bestrijdingsmiddelen;;;Milieu;Oppervlaktewater voor drinkwaterbereiding;Oppervlaktewater voor drinkwaterbereiding (gericht op waterbeheerder);0,1;µg/l;;;;;;;;
10746;bestrijdingsmiddelen;;;Milieu;Oppervlaktewater voor drinkwaterbereiding;Oppervlaktewater voor drinkwaterbereiding (gericht tot het drinkwaterbedrijf);0,1;µg/l;;;;;;;;
10747;bestrijdingsmiddelen;;;Milieu;Grondwater;Omgevingswaarde voor krw-verontreinigende stoffen (opgelost);0,1;µg/l;;;;;;;;
10749;bestrijdingsmiddelen totaal;;;Milieu;Oppervlaktewater voor drinkwaterbereiding;Oppervlaktewater voor drinkwaterbereiding (gericht tot het drinkwaterbedrijf);0,5;µg/l;;;;;;;;
10750;bestrijdingsmiddelen totaal;;;Milieu;Grondwater;Omgevingswaarde voor krw-verontreinigende stoffen (opgelost);0,5;µg/l;;;;;;;;
10751;2-chloor-5-methylaniline;95-81-8;2Cl5C1yAn;Milieu;Oppervlaktewater zoet;log Kp l/kg (zwevend stof);1,61;;OW;Oppervlaktewater;NVT;Niet van toepassing;NVT;Niet van toepassing;NVT;Niet van toepassing
10752;2-chloor-5-methylaniline;95-81-8;2Cl5C1yAn;Milieu;Sediment;Sediment MTR (droge stof);20;µg/kg;BS;Bodem/Sediment;MASSFTE;Massafractie;dg;t.o.v. drooggewicht;;
10753;2-chloor-5-methylaniline;95-81-8;2Cl5C1yAn;Milieu;Oppervlaktewater zoet;Landoppervlaktewateren MTR (opgelost);6,2;µg/l;OW;Oppervlaktewater;CONCTTE;(massa)Concentratie;nf;na filtratie (opgeloste fractie);P90;90-Percentiel
10754;2-chloor-6-methylaniline;87-63-8;2Cl6C1yAn;Milieu;Oppervlaktewater zoet;log Kp l/kg (zwevend stof);1,61;;OW;Oppervlaktewater;NVT;Niet van toepassing;NVT;Niet van toepassing;NVT;Niet van toepassing
10755;2-chloor-6-methylaniline;87-63-8;2Cl6C1yAn;Milieu;Sediment;Sediment MTR (droge stof);20;µg/kg;BS;Bodem/Sediment;MASSFTE;Massafractie;dg;t.o.v. drooggewicht;;
10756;2-chloor-6-methylaniline;87-63-8;2Cl6C1yAn;Milieu;Oppervlaktewater zoet;Landoppervlaktewateren MTR (opgelost);6,2;µg/l;OW;Oppervlaktewater;CONCTTE;(massa)Concentratie;nf;na filtratie (opgeloste fractie);P90;90-Percentiel
10757;3-chloor-2-methylaniline;87-60-5;3Cl2C1yAn;Milieu;Oppervlaktewater zoet;log Kp l/kg (zwevend stof);1,61;;OW;Oppervlaktewater;NVT;Niet van toepassing;NVT;Niet van toepassing;NVT;Niet van toepassing
10758;3-chloor-2-methylaniline;87-60-5;3Cl2C1yAn;Milieu;Sediment;Sediment MTR (droge stof);20;µg/kg;BS;Bodem/Sediment;MASSFTE;Massafractie;dg;t.o.v. drooggewicht;;
10759;3-chloor-2-methylaniline;87-60-5;3Cl2C1yAn;Milieu;Oppervlaktewater zoet;Landoppervlaktewateren MTR (opgelost);6,2;µg/l;OW;Oppervlaktewater;CONCTTE;(massa)Concentratie;nf;na filtratie (opgeloste fractie);P90;90-Percentiel
10760;5-chloor-2-methylaniline;95-79-4;5Cl2C1yAn;Milieu;Oppervlaktewater zoet;log Kp l/kg (zwevend stof);1,61;;OW;Oppervlaktewater;NVT;Niet van toepassing;NVT;Niet van toepassing;NVT;Niet van toepassing
10761;5-chloor-2-methylaniline;95-79-4;5Cl2C1yAn;Milieu;Sediment;Sediment MTR (droge stof);20;µg/kg;BS;Bodem/Sediment;MASSFTE;Massafractie;dg;t.o.v. drooggewicht;;
10762;5-chloor-2-methylaniline;95-79-4;5Cl2C1yAn;Milieu;Oppervlaktewater zoet;Landoppervlaktewateren MTR (opgelost);6,2;µg/l;OW;Oppervlaktewater;CONCTTE;(massa)Concentratie;nf;na filtratie (opgeloste fractie);P90;90-Percentiel
10763;4-chloor-N-methylaniline;932-96-7;4ClNC1yAn;Milieu;Oppervlaktewater zoet;log Kp l/kg (zwevend stof);1,61;;OW;Oppervlaktewater;NVT;Niet van toepassing;NVT;Niet van toepassing;NVT;Niet van toepassing
10764;4-chloor-N-methylaniline;932-96-7;4ClNC1yAn;Milieu;Sediment;Sediment MTR (droge stof);20;µg/kg;BS;Bodem/Sediment;MASSFTE;Massafractie;dg;t.o.v. drooggewicht;;
10765;4-chloor-N-methylaniline;932-96-7;4ClNC1yAn;Milieu;Oppervlaktewater zoet;Landoppervlaktewateren MTR (opgelost);6,2;µg/l;OW;Oppervlaktewater;CONCTTE;(massa)Concentratie;nf;na filtratie (opgeloste fractie);P90;90-Percentiel
10766;2,6-dichloor-3-methylaniline;64063-37-2;26DCl3C1yAn;Milieu;Oppervlaktewater zoet;log Kp l/kg (zwevend stof);1,61;;OW;Oppervlaktewater;NVT;Niet van toepassing;NVT;Niet van toepassing;NVT;Niet van toepassing
10767;2,6-dichloor-3-methylaniline;64063-37-2;26DCl3C1yAn;Milieu;Sediment;Sediment MTR (droge stof);20;µg/kg;BS;Bodem/Sediment;MASSFTE;Massafractie;dg;t.o.v. drooggewicht;;
10768;2,6-dichloor-3-methylaniline;64063-37-2;26DCl3C1yAn;Milieu;Oppervlaktewater zoet;Landoppervlaktewateren MTR (opgelost);6,2;µg/l;OW;Oppervlaktewater;CONCTTE;(massa)Concentratie;nf;na filtratie (opgeloste fractie);P90;90-Percentiel
10770;3,4,5-trimethylaniline;1639-31-2;345TC1yAn;Milieu;Oppervlaktewater zoet;log Kp l/kg (zwevend stof);1,54;;OW;Oppervlaktewater;NVT;Niet van toepassing;NVT;Niet van toepassing;NVT;Niet van toepassing
10771;3,4,5-trimethylaniline;1639-31-2;345TC1yAn;Milieu;Oppervlaktewater zoet;Landoppervlaktewateren MTR (opgelost);50;µg/l;OW;Oppervlaktewater;CONCTTE;(massa)Concentratie;nf;na filtratie (opgeloste fractie);P90;90-Percentiel
10772;3,4,5-trimethylaniline;1639-31-2;345TC1yAn;Milieu;Oppervlaktewater zoet;Landoppervlaktewateren MTR (totaal);50;µg/l;OW;Oppervlaktewater;CONCTTE;(massa)Concentratie;NVT;Niet van toepassing;P90;90-Percentiel
10773;3,4,5-trimethylaniline;1639-31-2;345TC1yAn;Milieu;Sediment;Sediment MTR (droge stof);870;µg/kg;BS;Bodem/Sediment;MASSFTE;Massafractie;dg;t.o.v. drooggewicht;;
10774;2,4,6-trimethylaniline;88-05-1;246TC1yAn;Milieu;Oppervlaktewater zoet;log Kp l/kg (zwevend stof);1,54;;OW;Oppervlaktewater;NVT;Niet van toepassing;NVT;Niet van toepassing;NVT;Niet van toepassing
10775;2,4,6-trimethylaniline;88-05-1;246TC1yAn;Milieu;Oppervlaktewater zoet;Landoppervlaktewateren MTR (opgelost);50;µg/l;OW;Oppervlaktewater;CONCTTE;(massa)Concentratie;nf;na filtratie (opgeloste fractie);P90;90-Percentiel
10776;2,4,6-trimethylaniline;88-05-1;246TC1yAn;Milieu;Oppervlaktewater zoet;Landoppervlaktewateren MTR (totaal);50;µg/l;OW;Oppervlaktewater;CONCTTE;(massa)Concentratie;NVT;Niet van toepassing;P90;90-Percentiel
10777;2,4,6-trimethylaniline;88-05-1;246TC1yAn;Milieu;Sediment;Sediment MTR (droge stof);870;µg/kg;BS;Bodem/Sediment;MASSFTE;Massafractie;dg;t.o.v. drooggewicht;;
10778;2,3,4-trimethylaniline;1467-35-2;234TC1yAn;Milieu;Oppervlaktewater zoet;log Kp l/kg (zwevend stof);1,54;;OW;Oppervlaktewater;NVT;Niet van toepassing;NVT;Niet van toepassing;NVT;Niet van toepassing
10779;2,3,4-trimethylaniline;1467-35-2;234TC1yAn;Milieu;Oppervlaktewater zoet;Landoppervlaktewateren MTR (opgelost);50;µg/l;OW;Oppervlaktewater;CONCTTE;(massa)Concentratie;nf;na filtratie (opgeloste fractie);P90;90-Percentiel
10780;2,3,4-trimethylaniline;1467-35-2;234TC1yAn;Milieu;Oppervlaktewater zoet;Landoppervlaktewateren MTR (totaal);50;µg/l;OW;Oppervlaktewater;CONCTTE;(massa)Concentratie;NVT;Niet van toepassing;P90;90-Percentiel
10781;2,3,4-trimethylaniline;1467-35-2;234TC1yAn;Milieu;Sediment;Sediment MTR (droge stof);870;µg/kg;BS;Bodem/Sediment;MASSFTE;Massafractie;dg;t.o.v. drooggewicht;;
10782;N,N,3-trimethylaniline;121-72-2;NN3TC1yAn;Milieu;Oppervlaktewater zoet;log Kp l/kg (zwevend stof);1,54;;OW;Oppervlaktewater;NVT;Niet van toepassing;NVT;Niet van toepassing;NVT;Niet van toepassing
10783;N,N,3-trimethylaniline;121-72-2;NN3TC1yAn;Milieu;Oppervlaktewater zoet;Landoppervlaktewateren MTR (opgelost);50;µg/l;OW;Oppervlaktewater;CONCTTE;(massa)Concentratie;nf;na filtratie (opgeloste fractie);P90;90-Percentiel
10784;N,N,3-trimethylaniline;121-72-2;NN3TC1yAn;Milieu;Oppervlaktewater zoet;Landoppervlaktewateren MTR (totaal);50;µg/l;OW;Oppervlaktewater;CONCTTE;(massa)Concentratie;NVT;Niet van toepassing;P90;90-Percentiel
10785;N,N,3-trimethylaniline;121-72-2;NN3TC1yAn;Milieu;Sediment;Sediment MTR (droge stof);870;µg/kg;BS;Bodem/Sediment;MASSFTE;Massafractie;dg;t.o.v. drooggewicht;;
10786;N,N,2-trimethylaniline;609-72-3;NN2TC1yAn;Milieu;Oppervlaktewater zoet;log Kp l/kg (zwevend stof);1,54;;OW;Oppervlaktewater;NVT;Niet van toepassing;NVT;Niet van toepassing;NVT;Niet van toepassing
10787;N,N,2-trimethylaniline;609-72-3;NN2TC1yAn;Milieu;Oppervlaktewater zoet;Landoppervlaktewateren MTR (opgelost);50;µg/l;OW;Oppervlaktewater;CONCTTE;(massa)Concentratie;nf;na filtratie (opgeloste fractie);P90;90-Percentiel
10788;N,N,2-trimethylaniline;609-72-3;NN2TC1yAn;Milieu;Oppervlaktewater zoet;Landoppervlaktewateren MTR (totaal);50;µg/l;OW;Oppervlaktewater;CONCTTE;(massa)Concentratie;NVT;Niet van toepassing;P90;90-Percentiel
10789;N,N,2-trimethylaniline;609-72-3;NN2TC1yAn;Milieu;Sediment;Sediment MTR (droge stof);870;µg/kg;BS;Bodem/Sediment;MASSFTE;Massafractie;dg;t.o.v. drooggewicht;;
10790;carbamazepine;298-46-4;carbmzpne;Milieu;Oppervlaktewater zoet;Landoppervlaktewateren JG-MKN (opgelost);0,50;µg/l;OW;Oppervlaktewater;CONCTTE;(massa)Concentratie;nf;na filtratie (opgeloste fractie);JGM;Jaargemiddelde
10791;carbamazepine;298-46-4;carbmzpne;Milieu;Oppervlaktewater zout;Andere oppervlaktewateren JG-MKN (opgelost);0,05;µg/l;OW;Oppervlaktewater;CONCTTE;(massa)Concentratie;nf;na filtratie (opgeloste fractie);JGM;Jaargemiddelde
10792;carbamazepine;298-46-4;carbmzpne;Milieu;Oppervlaktewater zoet;Landoppervlaktewateren MAC-MKN (opgelost);1600;µg/l;OW;Oppervlaktewater;CONCTTE;(massa)Concentratie;nf;na filtratie (opgeloste fractie);MAX;Maximum
10793;carbamazepine;298-46-4;carbmzpne;Milieu;Oppervlaktewater zout;Andere oppervlaktewateren MAC-MKN (opgelost);160;µg/l;OW;Oppervlaktewater;CONCTTE;(massa)Concentratie;nf;na filtratie (opgeloste fractie);MAX;Maximum
10796;metoprolol;51384-51-1;metpll;Milieu;Oppervlaktewater zoet;Landoppervlaktewateren JG-MKN (opgelost);62;µg/l;OW;Oppervlaktewater;CONCTTE;(massa)Concentratie;nf;na filtratie (opgeloste fractie);JGM;Jaargemiddelde
10797;metoprolol;51384-51-1;metpll;Milieu;Oppervlaktewater zoet;Landoppervlaktewateren MAC-MKN (opgelost);760;µg/l;OW;Oppervlaktewater;CONCTTE;(massa)Concentratie;nf;na filtratie (opgeloste fractie);MAX;Maximum
10798;metoprolol;51384-51-1;metpll;Milieu;Oppervlaktewater zout;Andere oppervlaktewateren JG-MKN (opgelost);6,2;µg/l;OW;Oppervlaktewater;CONCTTE;(massa)Concentratie;nf;na filtratie (opgeloste fractie);JGM;Jaargemiddelde
10799;metoprolol;51384-51-1;metpll;Milieu;Oppervlaktewater zout;Andere oppervlaktewateren MAC-MKN (opgelost);76;µg/l;OW;Oppervlaktewater;CONCTTE;(massa)Concentratie;nf;na filtratie (opgeloste fractie);MAX;Maximum
10802;metformine;657-24-9;metfmne;Milieu;Oppervlaktewater zoet;Landoppervlaktewateren JG-MKN (opgelost);780;µg/l;OW;Oppervlaktewater;CONCTTE;(massa)Concentratie;nf;na filtratie (opgeloste fractie);JGM;Jaargemiddelde
10803;metformine;657-24-9;metfmne;Milieu;Oppervlaktewater zoet;Landoppervlaktewateren MAC-MKN (opgelost);780;µg/l;OW;Oppervlaktewater;CONCTTE;(massa)Concentratie;nf;na filtratie (opgeloste fractie);MAX;Maximum
10804;metformine;657-24-9;metfmne;Milieu;Oppervlaktewater zout;Andere oppervlaktewateren JG-MKN (opgelost);78;µg/l;OW;Oppervlaktewater;CONCTTE;(massa)Concentratie;nf;na filtratie (opgeloste fractie);JGM;Jaargemiddelde
10805;metformine;657-24-9;metfmne;Milieu;Oppervlaktewater zout;Andere oppervlaktewateren MAC-MKN (opgelost);78;µg/l;OW;Oppervlaktewater;CONCTTE;(massa)Concentratie;nf;na filtratie (opgeloste fractie);MAX;Maximum
10808;2-chloor-4-nitroaniline;121-87-9;2Cl4NO2An;Milieu;Oppervlaktewater zoet;log Kp l/kg (zwevend stof);1,4;;OW;Oppervlaktewater;NVT;Niet van toepassing;NVT;Niet van toepassing;NVT;Niet van toepassing
10809;2-chloor-4-nitroaniline;121-87-9;2Cl4NO2An;Milieu;Oppervlaktewater zoet;Landoppervlaktewateren MTR (opgelost);3;µg/l;OW;Oppervlaktewater;CONCTTE;(massa)Concentratie;nf;na filtratie (opgeloste fractie);P90;90-Percentiel
10810;2-chloor-4-nitroaniline;121-87-9;2Cl4NO2An;Milieu;Oppervlaktewater zoet;Landoppervlaktewateren MTR (totaal);3;µg/l;OW;Oppervlaktewater;CONCTTE;(massa)Concentratie;NVT;Niet van toepassing;P90;90-Percentiel
10811;2-chloor-4-nitroaniline;121-87-9;2Cl4NO2An;Milieu;Sediment;Sediment MTR (droge stof);40;µg/kg;BS;Bodem/Sediment;MASSFTE;Massafractie;dg;t.o.v. drooggewicht;;
10812;2-chloor-5-nitroaniline;6283-25-6;2Cl5NO2An;Milieu;Oppervlaktewater zoet;log Kp l/kg (zwevend stof);1,4;;OW;Oppervlaktewater;NVT;Niet van toepassing;NVT;Niet van toepassing;NVT;Niet van toepassing
10813;2-chloor-5-nitroaniline;6283-25-6;2Cl5NO2An;Milieu;Oppervlaktewater zoet;Landoppervlaktewateren MTR (opgelost);3;µg/l;OW;Oppervlaktewater;CONCTTE;(massa)Concentratie;nf;na filtratie (opgeloste fractie);P90;90-Percentiel
10814;2-chloor-5-nitroaniline;6283-25-6;2Cl5NO2An;Milieu;Oppervlaktewater zoet;Landoppervlaktewateren MTR (totaal);3;µg/l;OW;Oppervlaktewater;CONCTTE;(massa)Concentratie;NVT;Niet van toepassing;P90;90-Percentiel
10815;2-chloor-5-nitroaniline;6283-25-6;2Cl5NO2An;Milieu;Sediment;Sediment MTR (droge stof);40;µg/kg;BS;Bodem/Sediment;MASSFTE;Massafractie;dg;t.o.v. drooggewicht;;
10816;2-chloor-6-nitroaniline;769-11-9;2Cl6NO2An;Milieu;Oppervlaktewater zoet;log Kp l/kg (zwevend stof);1,4;;OW;Oppervlaktewater;NVT;Niet van toepassing;NVT;Niet van toepassing;NVT;Niet van toepassing
10817;2-chloor-6-nitroaniline;769-11-9;2Cl6NO2An;Milieu;Oppervlaktewater zoet;Landoppervlaktewateren MTR (opgelost);3;µg/l;OW;Oppervlaktewater;CONCTTE;(massa)Concentratie;nf;na filtratie (opgeloste fractie);P90;90-Percentiel
10818;2-chloor-6-nitroaniline;769-11-9;2Cl6NO2An;Milieu;Oppervlaktewater zoet;Landoppervlaktewateren MTR (totaal);3;µg/l;OW;Oppervlaktewater;CONCTTE;(massa)Concentratie;NVT;Niet van toepassing;P90;90-Percentiel
10819;2-chloor-6-nitroaniline;769-11-9;2Cl6NO2An;Milieu;Sediment;Sediment MTR (droge stof);40;µg/kg;BS;Bodem/Sediment;MASSFTE;Massafractie;dg;t.o.v. drooggewicht;;
10820;3-chloor-2-nitroaniline;59483-54-4;3Cl2NO2An;Milieu;Oppervlaktewater zoet;log Kp l/kg (zwevend stof);1,4;;OW;Oppervlaktewater;NVT;Niet van toepassing;NVT;Niet van toepassing;NVT;Niet van toepassing
10821;3-chloor-2-nitroaniline;59483-54-4;3Cl2NO2An;Milieu;Oppervlaktewater zoet;Landoppervlaktewateren MTR (opgelost);3;µg/l;OW;Oppervlaktewater;CONCTTE;(massa)Concentratie;nf;na filtratie (opgeloste fractie);P90;90-Percentiel
10822;3-chloor-2-nitroaniline;59483-54-4;3Cl2NO2An;Milieu;Oppervlaktewater zoet;Landoppervlaktewateren MTR (totaal);3;µg/l;OW;Oppervlaktewater;CONCTTE;(massa)Concentratie;NVT;Niet van toepassing;P90;90-Percentiel
10823;3-chloor-2-nitroaniline;59483-54-4;3Cl2NO2An;Milieu;Sediment;Sediment MTR (droge stof);40;µg/kg;BS;Bodem/Sediment;MASSFTE;Massafractie;dg;t.o.v. drooggewicht;;
10824;5-chloor-2-nitroaniline;1635-61-6;5Cl2NO2An;Milieu;Oppervlaktewater zoet;log Kp l/kg (zwevend stof);1,4;;OW;Oppervlaktewater;NVT;Niet van toepassing;NVT;Niet van toepassing;NVT;Niet van toepassing
10825;5-chloor-2-nitroaniline;1635-61-6;5Cl2NO2An;Milieu;Oppervlaktewater zoet;Landoppervlaktewateren MTR (opgelost);3;µg/l;OW;Oppervlaktewater;CONCTTE;(massa)Concentratie;nf;na filtratie (opgeloste fractie);P90;90-Percentiel
10826;5-chloor-2-nitroaniline;1635-61-6;5Cl2NO2An;Milieu;Oppervlaktewater zoet;Landoppervlaktewateren MTR (totaal);3;µg/l;OW;Oppervlaktewater;CONCTTE;(massa)Concentratie;NVT;Niet van toepassing;P90;90-Percentiel
10827;5-chloor-2-nitroaniline;1635-61-6;5Cl2NO2An;Milieu;Sediment;Sediment MTR (droge stof);40;µg/kg;BS;Bodem/Sediment;MASSFTE;Massafractie;dg;t.o.v. drooggewicht;;
10828;4-chloor-3-nitroaniline;635-22-3;4Cl3NO2An;Milieu;Oppervlaktewater zoet;Landoppervlaktewateren MTR (opgelost);3;µg/l;OW;Oppervlaktewater;CONCTTE;(massa)Concentratie;nf;na filtratie (opgeloste fractie);P90;90-Percentiel
10829;4-chloor-3-nitroaniline;635-22-3;4Cl3NO2An;Milieu;Oppervlaktewater zoet;Landoppervlaktewateren MTR (totaal);3;µg/l;OW;Oppervlaktewater;CONCTTE;(massa)Concentratie;NVT;Niet van toepassing;P90;90-Percentiel
10830;4-chloor-3-nitroaniline;635-22-3;4Cl3NO2An;Milieu;Sediment;Sediment MTR (droge stof);40;µg/kg;BS;Bodem/Sediment;MASSFTE;Massafractie;dg;t.o.v. drooggewicht;;
10831;3,4-dimethylaniline;95-64-7;34DC1yAn;Milieu;Oppervlaktewater zoet;log Kp l/kg (zwevend stof);1,14;;OW;Oppervlaktewater;NVT;Niet van toepassing;NVT;Niet van toepassing;NVT;Niet van toepassing
10832;3,4-dimethylaniline;95-64-7;34DC1yAn;Milieu;Oppervlaktewater zoet;Landoppervlaktewateren MTR (opgelost);50;µg/l;OW;Oppervlaktewater;CONCTTE;(massa)Concentratie;nf;na filtratie (opgeloste fractie);P90;90-Percentiel
10833;3,4-dimethylaniline;95-64-7;34DC1yAn;Milieu;Oppervlaktewater zoet;Landoppervlaktewateren MTR (totaal);50;µg/l;OW;Oppervlaktewater;CONCTTE;(massa)Concentratie;NVT;Niet van toepassing;P90;90-Percentiel
10834;3,4-dimethylaniline;95-64-7;34DC1yAn;Milieu;Sediment;Sediment MTR (droge stof);350;µg/kg;BS;Bodem/Sediment;MASSFTE;Massafractie;dg;t.o.v. drooggewicht;;
10835;2,6-dimethylaniline;87-62-7;26xyldne;Milieu;Oppervlaktewater zoet;log Kp l/kg (zwevend stof);1,14;;OW;Oppervlaktewater;NVT;Niet van toepassing;NVT;Niet van toepassing;NVT;Niet van toepassing
10836;2,6-dimethylaniline;87-62-7;26xyldne;Milieu;Oppervlaktewater zoet;Landoppervlaktewateren MTR (opgelost);50;µg/l;OW;Oppervlaktewater;CONCTTE;(massa)Concentratie;nf;na filtratie (opgeloste fractie);P90;90-Percentiel
10837;2,6-dimethylaniline;87-62-7;26xyldne;Milieu;Oppervlaktewater zoet;Landoppervlaktewateren MTR (totaal);50;µg/l;OW;Oppervlaktewater;CONCTTE;(massa)Concentratie;NVT;Niet van toepassing;P90;90-Percentiel
10838;2,6-dimethylaniline;87-62-7;26xyldne;Milieu;Sediment;Sediment MTR (droge stof);350;µg/kg;BS;Bodem/Sediment;MASSFTE;Massafractie;dg;t.o.v. drooggewicht;;
10839;2,4-dimethylaniline;95-68-1;24xyldne;Milieu;Oppervlaktewater zoet;log Kp l/kg (zwevend stof);1,14;;OW;Oppervlaktewater;NVT;Niet van toepassing;NVT;Niet van toepassing;NVT;Niet van toepassing
10840;2,4-dimethylaniline;95-68-1;24xyldne;Milieu;Oppervlaktewater zoet;Landoppervlaktewateren MTR (opgelost);50;µg/l;OW;Oppervlaktewater;CONCTTE;(massa)Concentratie;nf;na filtratie (opgeloste fractie);P90;90-Percentiel
10841;2,4-dimethylaniline;95-68-1;24xyldne;Milieu;Oppervlaktewater zoet;Landoppervlaktewateren MTR (totaal);50;µg/l;OW;Oppervlaktewater;CONCTTE;(massa)Concentratie;NVT;Niet van toepassing;P90;90-Percentiel
10842;2,4-dimethylaniline;95-68-1;24xyldne;Milieu;Sediment;Sediment MTR (droge stof);350;µg/kg;BS;Bodem/Sediment;MASSFTE;Massafractie;dg;t.o.v. drooggewicht;;
10843;2,3-dimethylaniline;87-59-2;23xyldne;Milieu;Oppervlaktewater zoet;log Kp l/kg (zwevend stof);1,14;;OW;Oppervlaktewater;NVT;Niet van toepassing;NVT;Niet van toepassing;NVT;Niet van toepassing
10844;2,3-dimethylaniline;87-59-2;23xyldne;Milieu;Oppervlaktewater zoet;Landoppervlaktewateren MTR (opgelost);50;µg/l;OW;Oppervlaktewater;CONCTTE;(massa)Concentratie;nf;na filtratie (opgeloste fractie);P90;90-Percentiel
10845;2,3-dimethylaniline;87-59-2;23xyldne;Milieu;Oppervlaktewater zoet;Landoppervlaktewateren MTR (totaal);50;µg/l;OW;Oppervlaktewater;CONCTTE;(massa)Concentratie;NVT;Niet van toepassing;P90;90-Percentiel
10846;2,3-dimethylaniline;87-59-2;23xyldne;Milieu;Sediment;Sediment MTR (droge stof);350;µg/kg;BS;Bodem/Sediment;MASSFTE;Massafractie;dg;t.o.v. drooggewicht;;
10847;2,5-dimethylaniline;95-78-3;25xyldne;Milieu;Oppervlaktewater zoet;log Kp l/kg (zwevend stof);1,14;;OW;Oppervlaktewater;NVT;Niet van toepassing;NVT;Niet van toepassing;NVT;Niet van toepassing
10848;2,5-dimethylaniline;95-78-3;25xyldne;Milieu;Oppervlaktewater zoet;Landoppervlaktewateren MTR (opgelost);50;µg/l;OW;Oppervlaktewater;CONCTTE;(massa)Concentratie;nf;na filtratie (opgeloste fractie);P90;90-Percentiel
10849;2,5-dimethylaniline;95-78-3;25xyldne;Milieu;Oppervlaktewater zoet;Landoppervlaktewateren MTR (totaal);50;µg/l;OW;Oppervlaktewater;CONCTTE;(massa)Concentratie;NVT;Niet van toepassing;P90;90-Percentiel
10850;2,5-dimethylaniline;95-78-3;25xyldne;Milieu;Sediment;Sediment MTR (droge stof);350;µg/kg;BS;Bodem/Sediment;MASSFTE;Massafractie;dg;t.o.v. drooggewicht;;
10851;N,2-dimethylaniline;611-21-2;N2DC1yAn;Milieu;Oppervlaktewater zoet;log Kp l/kg (zwevend stof);1,14;;OW;Oppervlaktewater;NVT;Niet van toepassing;NVT;Niet van toepassing;NVT;Niet van toepassing
10852;N,2-dimethylaniline;611-21-2;N2DC1yAn;Milieu;Oppervlaktewater zoet;Landoppervlaktewateren MTR (opgelost);50;µg/l;OW;Oppervlaktewater;CONCTTE;(massa)Concentratie;nf;na filtratie (opgeloste fractie);P90;90-Percentiel
10853;N,2-dimethylaniline;611-21-2;N2DC1yAn;Milieu;Oppervlaktewater zoet;Landoppervlaktewateren MTR (totaal);50;µg/l;OW;Oppervlaktewater;CONCTTE;(massa)Concentratie;NVT;Niet van toepassing;P90;90-Percentiel
10854;N,2-dimethylaniline;611-21-2;N2DC1yAn;Milieu;Sediment;Sediment MTR (droge stof);350;µg/kg;BS;Bodem/Sediment;MASSFTE;Massafractie;dg;t.o.v. drooggewicht;;
10855;N,3-dimethylaniline;696-44-6;N3DC1yAn;Milieu;Oppervlaktewater zoet;log Kp l/kg (zwevend stof);1,14;;OW;Oppervlaktewater;NVT;Niet van toepassing;NVT;Niet van toepassing;NVT;Niet van toepassing
10856;N,3-dimethylaniline;696-44-6;N3DC1yAn;Milieu;Oppervlaktewater zoet;Landoppervlaktewateren MTR (opgelost);50;µg/l;OW;Oppervlaktewater;CONCTTE;(massa)Concentratie;nf;na filtratie (opgeloste fractie);P90;90-Percentiel
10857;N,3-dimethylaniline;696-44-6;N3DC1yAn;Milieu;Oppervlaktewater zoet;Landoppervlaktewateren MTR (totaal);50;µg/l;OW;Oppervlaktewater;CONCTTE;(massa)Concentratie;NVT;Niet van toepassing;P90;90-Percentiel
10858;N,3-dimethylaniline;696-44-6;N3DC1yAn;Milieu;Sediment;Sediment MTR (droge stof);350;µg/kg;BS;Bodem/Sediment;MASSFTE;Massafractie;dg;t.o.v. drooggewicht;;
10859;N,4-dimethylaniline;623-08-5;N4DC1yAn;Milieu;Oppervlaktewater zoet;log Kp l/kg (zwevend stof);1,14;;OW;Oppervlaktewater;NVT;Niet van toepassing;NVT;Niet van toepassing;NVT;Niet van toepassing
10860;N,4-dimethylaniline;623-08-5;N4DC1yAn;Milieu;Oppervlaktewater zoet;Landoppervlaktewateren MTR (opgelost);50;µg/l;OW;Oppervlaktewater;CONCTTE;(massa)Concentratie;nf;na filtratie (opgeloste fractie);P90;90-Percentiel
10861;N,4-dimethylaniline;623-08-5;N4DC1yAn;Milieu;Oppervlaktewater zoet;Landoppervlaktewateren MTR (totaal);50;µg/l;OW;Oppervlaktewater;CONCTTE;(massa)Concentratie;NVT;Niet van toepassing;P90;90-Percentiel
10862;N,4-dimethylaniline;623-08-5;N4DC1yAn;Milieu;Sediment;Sediment MTR (droge stof);350;µg/kg;BS;Bodem/Sediment;MASSFTE;Massafractie;dg;t.o.v. drooggewicht;;
10863;2,4-dichloor-6-nitroaniline;2683-43-4;24DCl6NO2An;Milieu;Oppervlaktewater zoet;log Kp l/kg (zwevend stof);1,81;;OW;Oppervlaktewater;NVT;Niet van toepassing;NVT;Niet van toepassing;NVT;Niet van toepassing
10864;2,4-dichloor-6-nitroaniline;2683-43-4;24DCl6NO2An;Milieu;Oppervlaktewater zoet;Landoppervlaktewateren MTR (opgelost);2;µg/l;OW;Oppervlaktewater;CONCTTE;(massa)Concentratie;nf;na filtratie (opgeloste fractie);P90;90-Percentiel
10865;2,4-dichloor-6-nitroaniline;2683-43-4;24DCl6NO2An;Milieu;Oppervlaktewater zoet;Landoppervlaktewateren MTR (totaal);2;µg/l;OW;Oppervlaktewater;CONCTTE;(massa)Concentratie;NVT;Niet van toepassing;P90;90-Percentiel
10866;2,4-dichloor-6-nitroaniline;2683-43-4;24DCl6NO2An;Milieu;Sediment;Sediment MTR (droge stof);60;µg/kg;BS;Bodem/Sediment;MASSFTE;Massafractie;dg;t.o.v. drooggewicht;;
10867;2,5-dichloor-4-nitroaniline;6627-34-5;25DCl4NO2An;Milieu;Oppervlaktewater zoet;log Kp l/kg (zwevend stof);1,81;;OW;Oppervlaktewater;NVT;Niet van toepassing;NVT;Niet van toepassing;NVT;Niet van toepassing
10868;2,5-dichloor-4-nitroaniline;6627-34-5;25DCl4NO2An;Milieu;Oppervlaktewater zoet;Landoppervlaktewateren MTR (opgelost);2;µg/l;OW;Oppervlaktewater;CONCTTE;(massa)Concentratie;nf;na filtratie (opgeloste fractie);P90;90-Percentiel
10869;2,5-dichloor-4-nitroaniline;6627-34-5;25DCl4NO2An;Milieu;Oppervlaktewater zoet;Landoppervlaktewateren MTR (totaal);2;µg/l;OW;Oppervlaktewater;CONCTTE;(massa)Concentratie;NVT;Niet van toepassing;P90;90-Percentiel
10870;2,5-dichloor-4-nitroaniline;6627-34-5;25DCl4NO2An;Milieu;Sediment;Sediment MTR (droge stof);60;µg/kg;BS;Bodem/Sediment;MASSFTE;Massafractie;dg;t.o.v. drooggewicht;;
10871;4,5-dichloor-2-nitroaniline;6641-64-1;45DCl2NO2An;Milieu;Oppervlaktewater zoet;log Kp l/kg (zwevend stof);1,81;;OW;Oppervlaktewater;NVT;Niet van toepassing;NVT;Niet van toepassing;NVT;Niet van toepassing
10872;4,5-dichloor-2-nitroaniline;6641-64-1;45DCl2NO2An;Milieu;Oppervlaktewater zoet;Landoppervlaktewateren MTR (opgelost);2;µg/l;OW;Oppervlaktewater;CONCTTE;(massa)Concentratie;nf;na filtratie (opgeloste fractie);P90;90-Percentiel
10873;4,5-dichloor-2-nitroaniline;6641-64-1;45DCl2NO2An;Milieu;Oppervlaktewater zoet;Landoppervlaktewateren MTR (totaal);2;µg/l;OW;Oppervlaktewater;CONCTTE;(massa)Concentratie;NVT;Niet van toepassing;P90;90-Percentiel
10874;4,5-dichloor-2-nitroaniline;6641-64-1;45DCl2NO2An;Milieu;Sediment;Sediment MTR (droge stof);60;µg/kg;BS;Bodem/Sediment;MASSFTE;Massafractie;dg;t.o.v. drooggewicht;;
10876;3,4,5-trichlooraniline;634-91-3;345TClAn;Milieu;Oppervlaktewater zoet;log Kp l/kg (zwevend stof);2,15;;OW;Oppervlaktewater;NVT;Niet van toepassing;NVT;Niet van toepassing;NVT;Niet van toepassing
10877;3,4,5-trichlooraniline;634-91-3;345TClAn;Milieu;Oppervlaktewater zoet;Landoppervlaktewateren MTR (opgelost);6;µg/l;OW;Oppervlaktewater;CONCTTE;(massa)Concentratie;nf;na filtratie (opgeloste fractie);P90;90-Percentiel
10878;3,4,5-trichlooraniline;634-91-3;345TClAn;Milieu;Oppervlaktewater zoet;Landoppervlaktewateren MTR (totaal);6;µg/l;OW;Oppervlaktewater;CONCTTE;(massa)Concentratie;NVT;Niet van toepassing;P90;90-Percentiel
10879;3,4,5-trichlooraniline;634-91-3;345TClAn;Milieu;Sediment;Sediment MTR (droge stof);420;µg/kg;BS;Bodem/Sediment;MASSFTE;Massafractie;dg;t.o.v. drooggewicht;;
11082;crotonaldehyde (ZZS);123-73-9;crotAh;Milieu;Oppervlaktewater zoet;Landoppervlaktewateren Indicatief MTR (opgelost);7,13E-01;µg/l;OW;Oppervlaktewater;CONCTTE;(massa)Concentratie;nf;na filtratie (opgeloste fractie);P90;90-Percentiel
11096;fluopicolide (ZZS);239110-15-7;fluopclde;Milieu;Oppervlaktewater zoet;Landoppervlaktewateren Indicatief JG-MKN (opgelost);0,71;µg/l;OW;Oppervlaktewater;CONCTTE;(massa)Concentratie;nf;na filtratie (opgeloste fractie);JGM;Jaargemiddelde
11097;fluopicolide (ZZS);239110-15-7;fluopclde;Milieu;Oppervlaktewater zoet;Landoppervlaktewateren Indicatief JG-MKN (totaal);0,71;µg/l;OW;Oppervlaktewater;CONCTTE;(massa)Concentratie;NVT;Niet van toepassing;JGM;Jaargemiddelde
11098;fluopicolide (ZZS);239110-15-7;fluopclde;Milieu;Oppervlaktewater zoet;Landoppervlaktewateren Indicatief MAC-MKN (opgelost);0,71;µg/l;OW;Oppervlaktewater;CONCTTE;(massa)Concentratie;nf;na filtratie (opgeloste fractie);MAX;Maximum
11099;fluopicolide (ZZS);239110-15-7;fluopclde;Milieu;Oppervlaktewater zoet;Landoppervlaktewateren Indicatief MAC-MKN (totaal);0,71;µg/l;OW;Oppervlaktewater;CONCTTE;(massa)Concentratie;NVT;Niet van toepassing;MAX;Maximum
11100;fluopicolide (ZZS);239110-15-7;fluopclde;Milieu;Oppervlaktewater zout;Andere oppervlaktewateren Indicatief JG-MKN (opgelost);0,071;µg/l;OW;Oppervlaktewater;CONCTTE;(massa)Concentratie;nf;na filtratie (opgeloste fractie);JGM;Jaargemiddelde
11101;fluopicolide (ZZS);239110-15-7;fluopclde;Milieu;Oppervlaktewater zout;Andere oppervlaktewateren Indicatief JG-MKN (totaal);0,071;µg/l;OW;Oppervlaktewater;CONCTTE;(massa)Concentratie;NVT;Niet van toepassing;JGM;Jaargemiddelde
11102;fluopicolide (ZZS);239110-15-7;fluopclde;Milieu;Oppervlaktewater zout;Andere oppervlaktewateren Indicatief MAC-MKN (opgelost);0,071;µg/l;OW;Oppervlaktewateren;CONCTTE;(massa)Concentratie;nf;na filtratie (opgeloste fractie);MAX;Maximum
11103;fluopicolide (ZZS);239110-15-7;fluopclde;Milieu;Oppervlaktewater zout;Andere oppervlaktewateren Indicatief MAC-MKN (totaal);0,071;µg/l;OW;Oppervlaktewater;CONCTTE;(massa)Concentratie;NVT;Niet van toepassing;MAX;Maximum
11104;mandipropamid;374726-62-2;mandppAd;Milieu;Oppervlaktewater zoet;Landoppervlaktewateren Indicatief JG-MKN (opgelost);7,6;µg/l;OW;Oppervlaktewater;CONCTTE;(massa)Concentratie;nf;na filtratie (opgeloste fractie);JGM;Jaargemiddelde
11105;mandipropamid;374726-62-2;mandppAd;Milieu;Oppervlaktewater zoet;Landoppervlaktewateren Indicatief JG-MKN (totaal);8,7;µg/l;OW;Oppervlaktewater;CONCTTE;(massa)Concentratie;NVT;Niet van toepassing;JGM;Jaargemiddelde
11106;mandipropamid;374726-62-2;mandppAd;Milieu;Oppervlaktewater zoet;Landoppervlaktewateren Indicatief MAC-MKN (opgelost);9,1;µg/l;OW;Oppervlaktewater;CONCTTE;(massa)Concentratie;nf;na filtratie (opgeloste fractie);MAX;Maximum
11107;mandipropamid;374726-62-2;mandppAd;Milieu;Oppervlaktewater zoet;Landoppervlaktewateren Indicatief MAC-MKN (totaal);10,5;µg/l;OW;Oppervlaktewater;CONCTTE;(massa)Concentratie;NVT;Niet van toepassing;MAX;Maximum
11108;mandipropamid;374726-62-2;mandppAd;Milieu;Oppervlaktewater zout;Andere oppervlaktewateren Indicatief JG-MKN (opgelost);0,76;µg/l;OW;Oppervlaktewater;CONCTTE;(massa)Concentratie;nf;na filtratie (opgeloste fractie);JGM;Jaargemiddelde
11109;mandipropamid;374726-62-2;mandppAd;Milieu;Oppervlaktewater zout;Andere oppervlaktewateren Indicatief JG-MKN (totaal);0,77;µg/l;OW;Oppervlaktewater;CONCTTE;(massa)Concentratie;NVT;Niet van toepassing;JGM;Jaargemiddelde
11110;mandipropamid;374726-62-2;mandppAd;Milieu;Oppervlaktewater zout;Andere oppervlaktewateren Indicatief MAC-MKN (opgelost);0,91;µg/l;OW;Oppervlaktewateren;CONCTTE;(massa)Concentratie;nf;na filtratie (opgeloste fractie);MAX;Maximum
11111;mandipropamid;374726-62-2;mandppAd;Milieu;Oppervlaktewater zout;Andere oppervlaktewateren Indicatief MAC-MKN (totaal);0,92;µg/l;OW;Oppervlaktewater;CONCTTE;(massa)Concentratie;NVT;Niet van toepassing;MAX;Maximum
11112;S-metolachloor;87392-12-9;SmtlCl;Milieu;Oppervlaktewater zoet;Landoppervlaktewateren wettelijk JG-MKN (totaal);0,4;µg/l;OW;Oppervlaktewater;CONCTTE;(massa)Concentratie;NVT;Niet van toepassing;JGM;Jaargemiddelde
11113;S-metolachloor;87392-12-9;SmtlCl;Milieu;Oppervlaktewater zoet;Landoppervlaktewateren wettelijk MAC-MKN (totaal);2,1;µg/l;OW;Oppervlaktewater;CONCTTE;(massa)Concentratie;NVT;Niet van toepassing;MAX;Maximum
11114;S-metolachloor;87392-12-9;SmtlCl;Milieu;Oppervlaktewater zoet;Landoppervlaktewateren JG-MKN (opgelost);0,4;µg/l;OW;Oppervlaktewater;CONCTTE;(massa)Concentratie;nf;na filtratie (opgeloste fractie);JGM;Jaargemiddelde
11115;S-metolachloor;87392-12-9;SmtlCl;Milieu;Oppervlaktewater zoet;Landoppervlaktewateren MAC-MKN (opgelost);2,1;µg/l;OW;Oppervlaktewater;CONCTTE;(massa)Concentratie;nf;na filtratie (opgeloste fractie);MAX;Maximum
11118;quizalofop-P-ethyl;100646-51-3;quizlfPC2y;Milieu;Oppervlaktewater zoet;Landoppervlaktewateren Indicatief JG-MKN (opgelost);0,17;µg/l;OW;Oppervlaktewater;CONCTTE;(massa)Concentratie;nf;na filtratie (opgeloste fractie);JGM;Jaargemiddelde
11119;quizalofop-P-ethyl;100646-51-3;quizlfPC2y;Milieu;Oppervlaktewater zoet;Landoppervlaktewateren Indicatief MAC-MKN (opgelost);0,98;µg/l;OW;Oppervlaktewater;CONCTTE;(massa)Concentratie;nf;na filtratie (opgeloste fractie);MAX;Maximum
11120;quizalofop-P-ethyl;100646-51-3;quizlfPC2y;Milieu;Oppervlaktewater zout;Andere oppervlaktewateren Indicatief JG-MKN (opgelost);0,098;µg/l;OW;Oppervlaktewater;CONCTTE;(massa)Concentratie;nf;na filtratie (opgeloste fractie);JGM;Jaargemiddelde
11121;quizalofop-P-ethyl;100646-51-3;quizlfPC2y;Milieu;Oppervlaktewater zout;Andere oppervlaktewateren Indicatief MAC-MKN (opgelost);0,098;µg/l;OW;Oppervlaktewateren;CONCTTE;(massa)Concentratie;nf;na filtratie (opgeloste fractie);MAX;Maximum
11122;(1R,4S,5S)-1,2,3,4,5,7,7-heptachloorbicyclo[2.2.1]hept-2-een (ZZS);2440-02-0;1234577HpClb;Milieu;Oppervlaktewater zoet;Landoppervlaktewateren Indicatief MTR (opgelost);2,58E-02;µg/l;OW;Oppervlaktewater;CONCTTE;(massa)Concentratie;nf;na filtratie (opgeloste fractie);P90;90-Percentiel
11127;diquat dibromide;85-00-7;DqBr;Milieu;Oppervlaktewater zoet;Landoppervlaktewateren Indicatief MTR (opgelost);1;µg/l;OW;Oppervlaktewater;CONCTTE;(massa)Concentratie;nf;na filtratie (opgeloste fractie);P90;90-Percentiel
11130;benzotriazool;95-14-7;123benztazl;Milieu;Oppervlaktewater zoet;Landoppervlaktewateren Indicatief JG-MKN (opgelost);19;µg/l;OW;Oppervlaktewater;CONCTTE;(massa)Concentratie;nf;na filtratie (opgeloste fractie);JGM;Jaargemiddelde
11131;benzotriazool;95-14-7;123benztazl;Milieu;Oppervlaktewater zout;Andere oppervlaktewateren Indicatief JG-MKN (opgelost);1,9;µg/l;OW;Oppervlaktewater;CONCTTE;(massa)Concentratie;nf;na filtratie (opgeloste fractie);JGM;Jaargemiddelde
11132;benzotriazool;95-14-7;123benztazl;Milieu;Oppervlaktewater zoet;Landoppervlaktewateren Indicatief MAC-MKN (opgelost);160;µg/l;OW;Oppervlaktewater;CONCTTE;(massa)Concentratie;nf;na filtratie (opgeloste fractie);MAX;Maximum
11133;benzotriazool;95-14-7;123benztazl;Milieu;Oppervlaktewater zout;Andere oppervlaktewateren Indicatief MAC-MKN (opgelost);16;µg/l;OW;Oppervlaktewateren;CONCTTE;(massa)Concentratie;nf;na filtratie (opgeloste fractie);MAX;Maximum
11140;dimethenamid;87674-68-8;DmtAd;Milieu;Oppervlaktewater zoet;Landoppervlaktewateren wettelijk JG-MKN (totaal);0,13;µg/l;OW;Oppervlaktewater;CONCTTE;(massa)Concentratie;NVT;Niet van toepassing;JGM;Jaargemiddelde
11141;dimethenamid;87674-68-8;DmtAd;Milieu;Oppervlaktewater zoet;Landoppervlaktewateren wettelijk MAC-MKN (totaal);1,6;µg/l;OW;Oppervlaktewater;CONCTTE;(massa)Concentratie;NVT;Niet van toepassing;MAX;Maximum
11142;dimethenamid;87674-68-8;DmtAd;Milieu;Oppervlaktewater zoet;Landoppervlaktewateren JG-MKN (opgelost);0,13;µg/l;OW;Oppervlaktewater;CONCTTE;(massa)Concentratie;nf;na filtratie (opgeloste fractie);JGM;Jaargemiddelde
11143;dimethenamid;87674-68-8;DmtAd;Milieu;Oppervlaktewater zoet;Landoppervlaktewateren MAC-MKN (opgelost);1,6;µg/l;OW;Oppervlaktewater;CONCTTE;(massa)Concentratie;nf;na filtratie (opgeloste fractie);MAX;Maximum
11146;propoxycarbazon;145026-81-9;propxcbzn;Milieu;Oppervlaktewater zoet;Landoppervlaktewateren Indicatief MTR (opgelost);50;µg/l;OW;Oppervlaktewater;CONCTTE;(massa)Concentratie;nf;na filtratie (opgeloste fractie);P90;90-Percentiel
11152;2-methyl-2-propanol;75-65-0;ttC4ol;Milieu;Oppervlaktewater zoet;Landoppervlaktewateren Indicatief JG-MKN (opgelost);8,4;mg/l;OW;Oppervlaktewater;CONCTTE;(massa)Concentratie;nf;na filtratie (opgeloste fractie);JGM;Jaargemiddelde
11153;2-methyl-2-propanol;75-65-0;ttC4ol;Milieu;Oppervlaktewater zoet;Landoppervlaktewateren Indicatief MAC-MKN (opgelost);10;mg/l;OW;Oppervlaktewater;CONCTTE;(massa)Concentratie;nf;na filtratie (opgeloste fractie);MAX;Maximum
11154;2-methyl-2-propanol;75-65-0;ttC4ol;Milieu;Oppervlaktewater zout;Andere oppervlaktewateren Indicatief JG-MKN (opgelost);1,0;mg/l;OW;Oppervlaktewater;CONCTTE;(massa)Concentratie;nf;na filtratie (opgeloste fractie);JGM;Jaargemiddelde
11155;2-methyl-2-propanol;75-65-0;ttC4ol;Milieu;Oppervlaktewater zout;Andere oppervlaktewateren Indicatief MAC-MKN (opgelost);1,0;mg/l;OW;Oppervlaktewateren;CONCTTE;(massa)Concentratie;nf;na filtratie (opgeloste fractie);MAX;Maximum
11226;melamine (ZZS);108-78-1;135Tazn246TA;Milieu;Oppervlaktewater zoet;Landoppervlaktewateren JG-MKN (opgelost);525;µg/l;OW;Oppervlaktewater;CONCTTE;(massa)Concentratie;nf;na filtratie (opgeloste fractie);JGM;Jaargemiddelde
11227;melamine (ZZS);108-78-1;135Tazn246TA;Milieu;Oppervlaktewater zout;Andere oppervlaktewateren JG-MKN (opgelost);52,5;µg/l;OW;Oppervlaktewater;CONCTTE;(massa)Concentratie;nf;na filtratie (opgeloste fractie);JGM;Jaargemiddelde
11228;melamine (ZZS);108-78-1;135Tazn246TA;Milieu;Oppervlaktewater zoet;Landoppervlaktewateren MAC-MKN (opgelost);6000;µg/l;OW;Oppervlaktewater;CONCTTE;(massa)Concentratie;nf;na filtratie (opgeloste fractie);MAX;Maximum
11229;melamine (ZZS);108-78-1;135Tazn246TA;Milieu;Oppervlaktewater zout;Andere oppervlaktewateren MAC-MKN (opgelost);600;µg/l;OW;Oppervlaktewater;CONCTTE;(massa)Concentratie;nf;na filtratie (opgeloste fractie);MAX;Maximum
11254;fenylethanol;98-85-1;;Milieu;Oppervlaktewater zoet;Landoppervlaktewateren Indicatief JG-MKN (opgelost);33;µg/l;OW;Oppervlaktewater;CONCTTE;(massa)Concentratie;nf;na filtratie (opgeloste fractie);JGM;Jaargemiddelde
11255;fenylethanol;98-85-1;;Milieu;Oppervlaktewater zoet;Landoppervlaktewateren Indicatief MAC-MKN (opgelost);1000;µg/l;OW;Oppervlaktewater;CONCTTE;(massa)Concentratie;nf;na filtratie (opgeloste fractie);MAX;Maximum
11256;fenylethanol;98-85-1;;Milieu;Oppervlaktewater zoet;Landoppervlaktewateren Indicatief MAC-MKN (totaal);1000;µg/l;OW;Oppervlaktewater;CONCTTE;(massa)Concentratie;NVT;Niet van toepassing;MAX;Maximum
11257;fenylethanol;98-85-1;;Milieu;Oppervlaktewater zout;Andere oppervlaktewateren Indicatief JG-MKN (opgelost);10;µg/l;OW;Oppervlaktewater;CONCTTE;(massa)Concentratie;nf;na filtratie (opgeloste fractie);JGM;Jaargemiddelde
11258;fenylethanol;98-85-1;;Milieu;Oppervlaktewater zout;Andere oppervlaktewateren Indicatief JG-MKN (totaal);10;µg/l;OW;Oppervlaktewater;CONCTTE;(massa)Concentratie;NVT;Niet van toepassing;JGM;Jaargemiddelde
11259;fenylethanol;98-85-1;;Milieu;Oppervlaktewater zout;Andere oppervlaktewateren Indicatief MAC-MKN (opgelost);100;µg/l;OW;Oppervlaktewateren;CONCTTE;(massa)Concentratie;nf;na filtratie (opgeloste fractie);MAX;Maximum
11260;fenylethanol;98-85-1;;Milieu;Oppervlaktewater zout;Andere oppervlaktewateren Indicatief MAC-MKN (totaal);100;µg/l;OW;Oppervlaktewater;CONCTTE;(massa)Concentratie;NVT;Niet van toepassing;MAX;Maximum
11261;fenylethanol;98-85-1;;Milieu;Oppervlaktewater zoet;Landoppervlaktewateren Indicatief JG-MKN (totaal);33;µg/l;OW;Oppervlaktewater;CONCTTE;(massa)Concentratie;NVT;Niet van toepassing;JGM;Jaargemiddelde
11276;fluopyram (ZZS);658066-35-4;fluoprm;Milieu;Oppervlaktewater zoet;Landoppervlaktewateren JG-MKN (opgelost);2,7;µg/l;OW;Oppervlaktewater;CONCTTE;(massa)Concentratie;nf;na filtratie (opgeloste fractie);JGM;Jaargemiddelde
11277;fluopyram (ZZS);658066-35-4;fluoprm;Milieu;Oppervlaktewater zoet;Landoppervlaktewateren MAC-MKN (opgelost);32;µg/l;OW;Oppervlaktewater;CONCTTE;(massa)Concentratie;nf;na filtratie (opgeloste fractie);MAX;Maximum
11278;fluopyram (ZZS);658066-35-4;fluoprm;Milieu;Oppervlaktewater zout;Andere oppervlaktewateren JG-MKN (opgelost);0,27;µg/l;OW;Oppervlaktewater;CONCTTE;(massa)Concentratie;nf;na filtratie (opgeloste fractie);JGM;Jaargemiddelde
11279;fluopyram (ZZS);658066-35-4;fluoprm;Milieu;Oppervlaktewater zout;Andere oppervlaktewateren MAC-MKN (opgelost);3,2;µg/l;OW;Oppervlaktewater;CONCTTE;(massa)Concentratie;nf;na filtratie (opgeloste fractie);MAX;Maximum
11284;fluazifop-P-butyl (ZZS);79241-46-6;fluazfPC4y;Milieu;Oppervlaktewater zoet;Landoppervlaktewateren Indicatief JG-MKN (opgelost);1,7;µg/l;OW;Oppervlaktewater;CONCTTE;(massa)Concentratie;nf;na filtratie (opgeloste fractie);JGM;Jaargemiddelde
11285;fluazifop-P-butyl (ZZS);79241-46-6;fluazfPC4y;Milieu;Oppervlaktewater zoet;Landoppervlaktewateren Indicatief JG-MKN (totaal);1,7;µg/l;OW;Oppervlaktewater;CONCTTE;(massa)Concentratie;NVT;Niet van toepassing;JGM;Jaargemiddelde
11286;fluazifop-P-butyl (ZZS);79241-46-6;fluazfPC4y;Milieu;Oppervlaktewater zoet;Landoppervlaktewateren Indicatief MAC-MKN (opgelost);1,7;µg/l;OW;Oppervlaktewater;CONCTTE;(massa)Concentratie;nf;na filtratie (opgeloste fractie);MAX;Maximum
11287;fluazifop-P-butyl (ZZS);79241-46-6;fluazfPC4y;Milieu;Oppervlaktewater zoet;Landoppervlaktewateren Indicatief MAC-MKN (totaal);1,7;µg/l;OW;Oppervlaktewater;CONCTTE;(massa)Concentratie;NVT;Niet van toepassing;MAX;Maximum
11288;fluazifop-P-butyl (ZZS);79241-46-6;fluazfPC4y;Milieu;Oppervlaktewater zout;Andere oppervlaktewateren Indicatief JG-MKN (opgelost);0,17;µg/l;OW;Oppervlaktewater;CONCTTE;(massa)Concentratie;nf;na filtratie (opgeloste fractie);JGM;Jaargemiddelde
11289;fluazifop-P-butyl (ZZS);79241-46-6;fluazfPC4y;Milieu;Oppervlaktewater zout;Andere oppervlaktewateren Indicatief JG-MKN (totaal);0,17;µg/l;OW;Oppervlaktewater;CONCTTE;(massa)Concentratie;NVT;Niet van toepassing;JGM;Jaargemiddelde
11290;fluazifop-P-butyl (ZZS);79241-46-6;fluazfPC4y;Milieu;Oppervlaktewater zout;Andere oppervlaktewateren Indicatief MAC-MKN (opgelost);0,17;µg/l;OW;Oppervlaktewateren;CONCTTE;(massa)Concentratie;nf;na filtratie (opgeloste fractie);MAX;Maximum
11291;fluazifop-P-butyl (ZZS);79241-46-6;fluazfPC4y;Milieu;Oppervlaktewater zout;Andere oppervlaktewateren Indicatief MAC-MKN (totaal);0,17;µg/l;OW;Oppervlaktewater;CONCTTE;(massa)Concentratie;NVT;Niet van toepassing;MAX;Maximum
11292;spirotetramat;203313-25-1;spirttmt;Milieu;Oppervlaktewater zoet;Landoppervlaktewateren Indicatief JG-MKN (opgelost);1;µg/l;OW;Oppervlaktewater;CONCTTE;(massa)Concentratie;nf;na filtratie (opgeloste fractie);JGM;Jaargemiddelde
11293;spirotetramat;203313-25-1;spirttmt;Milieu;Oppervlaktewater zoet;Landoppervlaktewateren Indicatief JG-MKN (totaal);1;µg/l;OW;Oppervlaktewater;CONCTTE;(massa)Concentratie;NVT;Niet van toepassing;JGM;Jaargemiddelde
11294;spirotetramat;203313-25-1;spirttmt;Milieu;Oppervlaktewater zoet;Landoppervlaktewateren Indicatief MAC-MKN (opgelost);1;µg/l;OW;Oppervlaktewater;CONCTTE;(massa)Concentratie;nf;na filtratie (opgeloste fractie);MAX;Maximum
11295;spirotetramat;203313-25-1;spirttmt;Milieu;Oppervlaktewater zoet;Landoppervlaktewateren Indicatief MAC-MKN (totaal);1;µg/l;OW;Oppervlaktewater;CONCTTE;(massa)Concentratie;NVT;Niet van toepassing;MAX;Maximum
11296;tembotrion (ZZS);335104-84-2;tembtone;Milieu;Oppervlaktewater zoet;Landoppervlaktewateren Indicatief JG-MKN (opgelost);0,32;µg/l;OW;Oppervlaktewater;CONCTTE;(massa)Concentratie;nf;na filtratie (opgeloste fractie);JGM;Jaargemiddelde
11297;tembotrion (ZZS);335104-84-2;tembtone;Milieu;Oppervlaktewater zoet;Landoppervlaktewateren Indicatief JG-MKN (totaal);0,32;µg/l;OW;Oppervlaktewater;CONCTTE;(massa)Concentratie;NVT;Niet van toepassing;JGM;Jaargemiddelde
11298;tembotrion (ZZS);335104-84-2;tembtone;Milieu;Oppervlaktewater zoet;Landoppervlaktewateren Indicatief MAC-MKN (opgelost);0,32;µg/l;OW;Oppervlaktewater;CONCTTE;(massa)Concentratie;nf;na filtratie (opgeloste fractie);MAX;Maximum
11299;tembotrion (ZZS);335104-84-2;tembtone;Milieu;Oppervlaktewater zoet;Landoppervlaktewateren Indicatief MAC-MKN (totaal);0,32;µg/l;OW;Oppervlaktewater;CONCTTE;(massa)Concentratie;NVT;Niet van toepassing;MAX;Maximum
11300;tembotrion (ZZS);335104-84-2;tembtone;Milieu;Oppervlaktewater zout;Andere oppervlaktewateren Indicatief JG-MKN (opgelost);0,032;µg/l;OW;Oppervlaktewater;CONCTTE;(massa)Concentratie;nf;na filtratie (opgeloste fractie);JGM;Jaargemiddelde
11301;tembotrion (ZZS);335104-84-2;tembtone;Milieu;Oppervlaktewater zout;Andere oppervlaktewateren Indicatief JG-MKN (totaal);0,032;µg/l;OW;Oppervlaktewater;CONCTTE;(massa)Concentratie;NVT;Niet van toepassing;JGM;Jaargemiddelde
11302;tembotrion (ZZS);335104-84-2;tembtone;Milieu;Oppervlaktewater zout;Andere oppervlaktewateren Indicatief MAC-MKN (opgelost);0,032;µg/l;OW;Oppervlaktewateren;CONCTTE;(massa)Concentratie;nf;na filtratie (opgeloste fractie);MAX;Maximum
11303;tembotrion (ZZS);335104-84-2;tembtone;Milieu;Oppervlaktewater zout;Andere oppervlaktewateren Indicatief MAC-MKN (totaal);0,032;µg/l;OW;Oppervlaktewater;CONCTTE;(massa)Concentratie;NVT;Niet van toepassing;MAX;Maximum
11304;pinoxaden;243973-20-8;pinadn;Milieu;Oppervlaktewater zoet;Landoppervlaktewateren Indicatief JG-MKN (opgelost);0,046;µg/l;OW;Oppervlaktewater;CONCTTE;(massa)Concentratie;nf;na filtratie (opgeloste fractie);JGM;Jaargemiddelde
11305;pinoxaden;243973-20-8;pinadn;Milieu;Oppervlaktewater zoet;Landoppervlaktewateren Indicatief JG-MKN (totaal);0,046;µg/l;OW;Oppervlaktewater;CONCTTE;(massa)Concentratie;NVT;Niet van toepassing;JGM;Jaargemiddelde
11306;pinoxaden;243973-20-8;pinadn;Milieu;Oppervlaktewater zoet;Landoppervlaktewateren Indicatief MAC-MKN (opgelost);4,0;µg/l;OW;Oppervlaktewater;CONCTTE;(massa)Concentratie;nf;na filtratie (opgeloste fractie);MAX;Maximum
11307;pinoxaden;243973-20-8;pinadn;Milieu;Oppervlaktewater zoet;Landoppervlaktewateren Indicatief MAC-MKN (totaal);4,0;µg/l;OW;Oppervlaktewater;CONCTTE;(massa)Concentratie;NVT;Niet van toepassing;MAX;Maximum
11308;pinoxaden;243973-20-8;pinadn;Milieu;Oppervlaktewater zout;Andere oppervlaktewateren Indicatief JG-MKN (opgelost);0,0046;µg/l;OW;Oppervlaktewater;CONCTTE;(massa)Concentratie;nf;na filtratie (opgeloste fractie);JGM;Jaargemiddelde
11309;pinoxaden;243973-20-8;pinadn;Milieu;Oppervlaktewater zout;Andere oppervlaktewateren Indicatief JG-MKN (totaal);0,0046;µg/l;OW;Oppervlaktewater;CONCTTE;(massa)Concentratie;NVT;Niet van toepassing;JGM;Jaargemiddelde
11310;pinoxaden;243973-20-8;pinadn;Milieu;Oppervlaktewater zout;Andere oppervlaktewateren Indicatief MAC-MKN (opgelost);0,40;µg/l;OW;Oppervlaktewateren;CONCTTE;(massa)Concentratie;nf;na filtratie (opgeloste fractie);MAX;Maximum
11311;pinoxaden;243973-20-8;pinadn;Milieu;Oppervlaktewater zout;Andere oppervlaktewateren Indicatief MAC-MKN (totaal);0,40;µg/l;OW;Oppervlaktewater;CONCTTE;(massa)Concentratie;NVT;Niet van toepassing;MAX;Maximum
11313;aromatische aminen;;;Milieu;Oppervlaktewater voor drinkwaterbereiding;Oppervlaktewater voor drinkwaterbereiding (gericht tot het drinkwaterbedrijf) - Signaleringsparameter;1;µg/l;;;;;;;;
11315;ethyl tert-butyl ether;637-92-3;2C2ox2C1yC3a;Milieu;Oppervlaktewater zoet;Landoppervlaktewateren Indicatief JG-MKN (opgelost);15;µg/l;OW;Oppervlaktewater;CONCTTE;(massa)Concentratie;nf;na filtratie (opgeloste fractie);JGM;Jaargemiddelde
11316;ethyl tert-butyl ether;637-92-3;2C2ox2C1yC3a;Milieu;Oppervlaktewater zoet;Landoppervlaktewateren Indicatief JG-MKN (totaal);15;µg/l;OW;Oppervlaktewater;CONCTTE;(massa)Concentratie;NVT;Niet van toepassing;JGM;Jaargemiddelde
11317;ethyl tert-butyl ether;637-92-3;2C2ox2C1yC3a;Milieu;Oppervlaktewater zoet;Landoppervlaktewateren Indicatief MAC-MKN (opgelost);370;µg/l;OW;Oppervlaktewater;CONCTTE;(massa)Concentratie;nf;na filtratie (opgeloste fractie);MAX;Maximum
11318;ethyl tert-butyl ether;637-92-3;2C2ox2C1yC3a;Milieu;Oppervlaktewater zoet;Landoppervlaktewateren Indicatief MAC-MKN (totaal);370;µg/l;OW;Oppervlaktewater;CONCTTE;(massa)Concentratie;NVT;Niet van toepassing;MAX;Maximum
11319;ethyl tert-butyl ether;637-92-3;2C2ox2C1yC3a;Milieu;Oppervlaktewater zout;Andere oppervlaktewateren Indicatief JG-MKN (opgelost);1,5;µg/l;OW;Oppervlaktewater;CONCTTE;(massa)Concentratie;nf;na filtratie (opgeloste fractie);JGM;Jaargemiddelde
11320;ethyl tert-butyl ether;637-92-3;2C2ox2C1yC3a;Milieu;Oppervlaktewater zout;Andere oppervlaktewateren Indicatief JG-MKN (totaal);1,5;µg/l;OW;Oppervlaktewater;CONCTTE;(massa)Concentratie;NVT;Niet van toepassing;JGM;Jaargemiddelde
11321;ethyl tert-butyl ether;637-92-3;2C2ox2C1yC3a;Milieu;Oppervlaktewater zout;Andere oppervlaktewateren Indicatief MAC-MKN (opgelost);37;µg/l;OW;Oppervlaktewateren;CONCTTE;(massa)Concentratie;nf;na filtratie (opgeloste fractie);MAX;Maximum
11322;ethyl tert-butyl ether;637-92-3;2C2ox2C1yC3a;Milieu;Oppervlaktewater zout;Andere oppervlaktewateren Indicatief MAC-MKN (totaal);37;µg/l;OW;Oppervlaktewater;CONCTTE;(massa)Concentratie;NVT;Niet van toepassing;MAX;Maximum
11323;ethyl tert-butyl ether;637-92-3;2C2ox2C1yC3a;Milieu;Oppervlaktewater voor drinkwaterbereiding;Oppervlaktewater voor drinkwaterbereiding (gericht tot het drinkwaterbedrijf) - Signaleringsparameter;1;µg/l;;;;;;;;
11326;gehalogeneerde monocyclische koolwaterstoffen;;;Milieu;Oppervlaktewater voor drinkwaterbereiding;Oppervlaktewater voor drinkwaterbereiding (gericht tot het drinkwaterbedrijf) - Signaleringsparameter;1;µg/l;;;;;;;;
11328;gehalogeneerde alifatische koolwaterstoffen;;;Milieu;Oppervlaktewater voor drinkwaterbereiding;Oppervlaktewater voor drinkwaterbereiding (gericht tot het drinkwaterbedrijf) - Signaleringsparameter;1;µg/l;;;;;;;;
11329;monocyclische koolwaterstoffen/aromaten;;;Milieu;Oppervlaktewater voor drinkwaterbereiding;Oppervlaktewater voor drinkwaterbereiding (gericht tot het drinkwaterbedrijf);1;µg/l;;;;;;;;
11331;monocyclische koolwaterstoffen/aromaten;;;Milieu;Oppervlaktewater voor drinkwaterbereiding;Oppervlaktewater voor drinkwaterbereiding (gericht tot het drinkwaterbedrijf) - Signaleringsparameter;1;µg/l;;;;;;;;
11381;didecyl dimethyl ammonium chloride;7173-51-5;DDMAC;Milieu;Oppervlaktewater zoet;Landoppervlaktewateren Indicatief JG-MKN (opgelost);1,0;µg/l;OW;Oppervlaktewater;CONCTTE;(massa)Concentratie;nf;na filtratie (opgeloste fractie);JGM;Jaargemiddelde
11382;didecyl dimethyl ammonium chloride;7173-51-5;DDMAC;Milieu;Oppervlaktewater zoet;Landoppervlaktewateren Indicatief JG-MKN (totaal);3,1;µg/l;OW;Oppervlaktewater;CONCTTE;(massa)Concentratie;NVT;Niet van toepassing;JGM;Jaargemiddelde
11383;didecyl dimethyl ammonium chloride;7173-51-5;DDMAC;Milieu;Oppervlaktewater zoet;Landoppervlaktewateren Indicatief MAC-MKN (opgelost);1,0;µg/l;OW;Oppervlaktewater;CONCTTE;(massa)Concentratie;nf;na filtratie (opgeloste fractie);MAX;Maximum
11384;didecyl dimethyl ammonium chloride;7173-51-5;DDMAC;Milieu;Oppervlaktewater zoet;Landoppervlaktewateren Indicatief MAC-MKN (totaal);3,1;µg/l;OW;Oppervlaktewater;CONCTTE;(massa)Concentratie;NVT;Niet van toepassing;MAX;Maximum
11385;didecyl dimethyl ammonium chloride;7173-51-5;DDMAC;Milieu;Oppervlaktewater zout;Andere oppervlaktewateren wettelijk JG-MKN (opgelost);0,10;µg/l;OW;Oppervlaktewater;CONCTTE;(massa)Concentratie;nf;na filtratie (opgeloste fractie);JGM;Jaargemiddelde
11386;didecyl dimethyl ammonium chloride;7173-51-5;DDMAC;Milieu;Oppervlaktewater zout;Andere oppervlaktewateren wettelijk JG-MKN (totaal);0,31;µg/l;OW;Oppervlaktewater;CONCTTE;(massa)Concentratie;NVT;Niet van toepassing;JGM;Jaargemiddelde
11387;didecyl dimethyl ammonium chloride;7173-51-5;DDMAC;Milieu;Oppervlaktewater zout;Andere oppervlaktewateren wettelijk MAC-MKN (opgelost);0,10;µg/l;OW;Oppervlaktewater;CONCTTE;(massa)Concentratie;nf;na filtratie (opgeloste fractie);MAX;Maximum
11388;didecyl dimethyl ammonium chloride;7173-51-5;DDMAC;Milieu;Oppervlaktewater zout;Andere oppervlaktewateren wettelijk MAC-MKN (totaal);0,31;µg/l;OW;Oppervlaktewater;CONCTTE;(massa)Concentratie;NVT;Niet van toepassing;MAX;Maximum
11390;quarternaire ammoniumverbindingen, C12-C16;68424-85-1;C12C16akbzDC;Milieu;Oppervlaktewater zoet;Landoppervlaktewateren Indicatief JG-MKN (opgelost);0,42;µg/l;OW;Oppervlaktewater;CONCTTE;(massa)Concentratie;nf;na filtratie (opgeloste fractie);JGM;Jaargemiddelde
11391;quarternaire ammoniumverbindingen, C12-C16;68424-85-1;C12C16akbzDC;Milieu;Oppervlaktewater zoet;Landoppervlaktewateren Indicatief JG-MKN (totaal);1,4;µg/l;OW;Oppervlaktewater;CONCTTE;(massa)Concentratie;NVT;Niet van toepassing;JGM;Jaargemiddelde
11392;quarternaire ammoniumverbindingen, C12-C16;68424-85-1;C12C16akbzDC;Milieu;Oppervlaktewater zoet;Landoppervlaktewateren Indicatief MAC-MKN (opgelost);0,42;µg/l;OW;Oppervlaktewater;CONCTTE;(massa)Concentratie;nf;na filtratie (opgeloste fractie);MAX;Maximum
11393;quarternaire ammoniumverbindingen, C12-C16;68424-85-1;C12C16akbzDC;Milieu;Oppervlaktewater zoet;Landoppervlaktewateren Indicatief MAC-MKN (totaal);1,4;µg/l;OW;Oppervlaktewater;CONCTTE;(massa)Concentratie;NVT;Niet van toepassing;MAX;Maximum
11394;quarternaire ammoniumverbindingen, C12-C16;68424-85-1;C12C16akbzDC;Milieu;Oppervlaktewater zout;Andere oppervlaktewateren Indicatief JG-MKN (opgelost);0,042;µg/l;OW;Oppervlaktewater;CONCTTE;(massa)Concentratie;nf;na filtratie (opgeloste fractie);JGM;Jaargemiddelde
11395;quarternaire ammoniumverbindingen, C12-C16;68424-85-1;C12C16akbzDC;Milieu;Oppervlaktewater zout;Andere oppervlaktewateren Indicatief JG-MKN (totaal);0,12;µg/l;OW;Oppervlaktewater;CONCTTE;(massa)Concentratie;NVT;Niet van toepassing;JGM;Jaargemiddelde
11396;quarternaire ammoniumverbindingen, C12-C16;68424-85-1;C12C16akbzDC;Milieu;Oppervlaktewater zout;Andere oppervlaktewateren Indicatief MAC-MKN (opgelost);0,042;µg/l;OW;Oppervlaktewateren;CONCTTE;(massa)Concentratie;nf;na filtratie (opgeloste fractie);MAX;Maximum
11397;quarternaire ammoniumverbindingen, C12-C16;68424-85-1;C12C16akbzDC;Milieu;Oppervlaktewater zout;Andere oppervlaktewateren Indicatief MAC-MKN (totaal);0,12;µg/l;OW;Oppervlaktewater;CONCTTE;(massa)Concentratie;NVT;Niet van toepassing;MAX;Maximum
11399;butoxypopyproyleen glycol;9003-13-8;C4OxplC3yegc;Milieu;Oppervlaktewater zoet;Landoppervlaktewateren Indicatief JG-MKN (opgelost);3,4;µg/l;OW;Oppervlaktewater;CONCTTE;(massa)Concentratie;nf;na filtratie (opgeloste fractie);JGM;Jaargemiddelde
11400;butoxypopyproyleen glycol;9003-13-8;C4OxplC3yegc;Milieu;Oppervlaktewater zoet;Landoppervlaktewateren Indicatief MAC-MKN (opgelost);57;µg/l;OW;Oppervlaktewater;CONCTTE;(massa)Concentratie;nf;na filtratie (opgeloste fractie);MAX;Maximum
11404;polysorbaat 60;9005-67-8;;Milieu;Oppervlaktewater zoet;Landoppervlaktewateren Indicatief JG-MKN (opgelost);5,0;µg/l;OW;Oppervlaktewater;CONCTTE;(massa)Concentratie;nf;na filtratie (opgeloste fractie);JGM;Jaargemiddelde
11405;polysorbaat 60;9005-67-8;;Milieu;Oppervlaktewater zoet;Landoppervlaktewateren Indicatief MAC-MKN (opgelost);50;µg/l;OW;Oppervlaktewater;CONCTTE;(massa)Concentratie;nf;na filtratie (opgeloste fractie);MAX;Maximum
11408;2,5-furaandicarbonzuur;3238-40-2;;Milieu;Oppervlaktewater zoet;Landoppervlaktewateren Indicatief JG-MKN (opgelost);100;µg/l;OW;Oppervlaktewater;CONCTTE;(massa)Concentratie;nf;na filtratie (opgeloste fractie);JGM;Jaargemiddelde
11409;2,5-furaandicarbonzuur;3238-40-2;;Milieu;Oppervlaktewater zoet;Landoppervlaktewateren Indicatief MAC-MKN (opgelost);1000;µg/l;OW;Oppervlaktewater;CONCTTE;(massa)Concentratie;nf;na filtratie (opgeloste fractie);MAX;Maximum
11412;natrium carboxymethylcellulose;9004-32-4;;Milieu;Oppervlaktewater zoet;Landoppervlaktewateren Indicatief JG-MKN (opgelost);500;µg/l;OW;Oppervlaktewater;CONCTTE;(massa)Concentratie;nf;na filtratie (opgeloste fractie);JGM;Jaargemiddelde
11413;natrium carboxymethylcellulose;9004-32-4;;Milieu;Oppervlaktewater zoet;Landoppervlaktewateren Indicatief MAC-MKN (opgelost);5000;µg/l;OW;Oppervlaktewater;CONCTTE;(massa)Concentratie;nf;na filtratie (opgeloste fractie);MAX;Maximum
11415;2,3,3,3-tetrafluor-2-(heptafluorpropoxy)propaanzuur (ZZS);13252-13-6;13252-13-6;Milieu;Oppervlaktewater zoet;Landoppervlaktewateren Indicatief JG-MKN (opgelost);118;ng/l;OW;Oppervlaktewater;CONCTTE;(massa)Concentratie;nf;na filtratie (opgeloste fractie);JGM;Jaargemiddelde
11418;pyrazool;288-13-1;pyrzl;Milieu;Oppervlaktewater voor drinkwaterbereiding;Oppervlaktewater voor drinkwaterbereiding (gericht tot het drinkwaterbedrijf);3;µg/l;;;;;;;;
11426;1,2-benzisothiazool-3(2H)-on;2634-33-5;12benztaz3o;Milieu;Oppervlaktewater zoet;Landoppervlaktewateren Indicatief JG-MKN (opgelost);2,6;µg/l;OW;Oppervlaktewater;CONCTTE;(massa)Concentratie;nf;na filtratie (opgeloste fractie);JGM;Jaargemiddelde
11427;1,2-benzisothiazool-3(2H)-on;2634-33-5;12benztaz3o;Milieu;Oppervlaktewater zoet;Landoppervlaktewateren Indicatief JG-MKN (totaal);2,6;µg/l;OW;Oppervlaktewater;CONCTTE;(massa)Concentratie;NVT;Niet van toepassing;JGM;Jaargemiddelde
11428;1,2-benzisothiazool-3(2H)-on;2634-33-5;12benztaz3o;Milieu;Oppervlaktewater zoet;Landoppervlaktewateren Indicatief MAC-MKN (opgelost);11;µg/l;OW;Oppervlaktewater;CONCTTE;(massa)Concentratie;nf;na filtratie (opgeloste fractie);MAX;Maximum
11429;1,2-benzisothiazool-3(2H)-on;2634-33-5;12benztaz3o;Milieu;Oppervlaktewater zoet;Landoppervlaktewateren Indicatief MAC-MKN (totaal);11;µg/l;OW;Oppervlaktewater;CONCTTE;(massa)Concentratie;NVT;Niet van toepassing;MAX;Maximum
11430;1,2-benzisothiazool-3(2H)-on;2634-33-5;12benztaz3o;Milieu;Oppervlaktewater zout;Andere oppervlaktewateren Indicatief JG-MKN (opgelost);0,26;µg/l;OW;Oppervlaktewater;CONCTTE;(massa)Concentratie;nf;na filtratie (opgeloste fractie);JGM;Jaargemiddelde
11431;1,2-benzisothiazool-3(2H)-on;2634-33-5;12benztaz3o;Milieu;Oppervlaktewater zout;Andere oppervlaktewateren Indicatief JG-MKN (totaal);0,26;µg/l;OW;Oppervlaktewater;CONCTTE;(massa)Concentratie;NVT;Niet van toepassing;JGM;Jaargemiddelde
11432;1,2-benzisothiazool-3(2H)-on;2634-33-5;12benztaz3o;Milieu;Oppervlaktewater zout;Andere oppervlaktewateren Indicatief MAC-MKN (opgelost);1,1;µg/l;OW;Oppervlaktewateren;CONCTTE;(massa)Concentratie;nf;na filtratie (opgeloste fractie);MAX;Maximum
11433;1,2-benzisothiazool-3(2H)-on;2634-33-5;12benztaz3o;Milieu;Oppervlaktewater zout;Andere oppervlaktewateren Indicatief MAC-MKN (totaal);1,1;µg/l;OW;Oppervlaktewater;CONCTTE;(massa)Concentratie;NVT;Niet van toepassing;MAX;Maximum
11437;acequinocyl;57960-19-7;acqncl;Milieu;Oppervlaktewater zoet;Landoppervlaktewateren Indicatief JG-MKN (opgelost);0,0011;µg/l;OW;Oppervlaktewater;CONCTTE;(massa)Concentratie;nf;na filtratie (opgeloste fractie);JGM;Jaargemiddelde
11438;acequinocyl;57960-19-7;acqncl;Milieu;Oppervlaktewater zoet;Landoppervlaktewateren Indicatief JG-MKN (totaal);0,0011;µg/l;OW;Oppervlaktewater;CONCTTE;(massa)Concentratie;NVT;Niet van toepassing;JGM;Jaargemiddelde
11439;acequinocyl;57960-19-7;acqncl;Milieu;Oppervlaktewater zoet;Landoppervlaktewateren Indicatief MAC-MKN (opgelost);0,0059;µg/l;OW;Oppervlaktewater;CONCTTE;(massa)Concentratie;nf;na filtratie (opgeloste fractie);MAX;Maximum
11440;acequinocyl;57960-19-7;acqncl;Milieu;Oppervlaktewater zoet;Landoppervlaktewateren Indicatief MAC-MKN (totaal);0,0059;µg/l;OW;Oppervlaktewater;CONCTTE;(massa)Concentratie;NVT;Niet van toepassing;MAX;Maximum
11441;acequinocyl;57960-19-7;acqncl;Milieu;Oppervlaktewater zout;Andere oppervlaktewateren Indicatief JG-MKN (opgelost);0,00011;µg/l;OW;Oppervlaktewater;CONCTTE;(massa)Concentratie;nf;na filtratie (opgeloste fractie);JGM;Jaargemiddelde
11442;acequinocyl;57960-19-7;acqncl;Milieu;Oppervlaktewater zout;Andere oppervlaktewateren Indicatief JG-MKN (totaal);0,00011;µg/l;OW;Oppervlaktewater;CONCTTE;(massa)Concentratie;NVT;Niet van toepassing;JGM;Jaargemiddelde
11443;acequinocyl;57960-19-7;acqncl;Milieu;Oppervlaktewater zout;Andere oppervlaktewateren Indicatief MAC-MKN (opgelost);0,00059;µg/l;OW;Oppervlaktewateren;CONCTTE;(massa)Concentratie;nf;na filtratie (opgeloste fractie);MAX;Maximum
11444;acequinocyl;57960-19-7;acqncl;Milieu;Oppervlaktewater zout;Andere oppervlaktewateren Indicatief MAC-MKN (totaal);0,00059;µg/l;OW;Oppervlaktewater;CONCTTE;(massa)Concentratie;NVT;Niet van toepassing;MAX;Maximum
11445;azadirachtine-A;11141-17-6;azdrtn;Milieu;Oppervlaktewater zoet;Landoppervlaktewateren Indicatief JG-MKN (opgelost);0,16;µg/l;OW;Oppervlaktewater;CONCTTE;(massa)Concentratie;nf;na filtratie (opgeloste fractie);JGM;Jaargemiddelde
11446;azadirachtine-A;11141-17-6;azdrtn;Milieu;Oppervlaktewater zoet;Landoppervlaktewateren Indicatief JG-MKN (totaal);0,16;µg/l;OW;Oppervlaktewater;CONCTTE;(massa)Concentratie;NVT;Niet van toepassing;JGM;Jaargemiddelde
11447;azadirachtine-A;11141-17-6;azdrtn;Milieu;Oppervlaktewater zoet;Landoppervlaktewateren Indicatief MAC-MKN (opgelost);0,48;µg/l;OW;Oppervlaktewater;CONCTTE;(massa)Concentratie;nf;na filtratie (opgeloste fractie);MAX;Maximum
11448;azadirachtine-A;11141-17-6;azdrtn;Milieu;Oppervlaktewater zoet;Landoppervlaktewateren Indicatief MAC-MKN (totaal);0,48;µg/l;OW;Oppervlaktewater;CONCTTE;(massa)Concentratie;NVT;Niet van toepassing;MAX;Maximum
11449;azadirachtine-A;11141-17-6;azdrtn;Milieu;Oppervlaktewater zout;Andere oppervlaktewateren Indicatief JG-MKN (opgelost);0,016;µg/l;OW;Oppervlaktewater;CONCTTE;(massa)Concentratie;nf;na filtratie (opgeloste fractie);JGM;Jaargemiddelde
11450;azadirachtine-A;11141-17-6;azdrtn;Milieu;Oppervlaktewater zout;Andere oppervlaktewateren Indicatief JG-MKN (totaal);0,016;µg/l;OW;Oppervlaktewater;CONCTTE;(massa)Concentratie;NVT;Niet van toepassing;JGM;Jaargemiddelde
11451;azadirachtine-A;11141-17-6;azdrtn;Milieu;Oppervlaktewater zout;Andere oppervlaktewateren Indicatief MAC-MKN (opgelost);0,048;µg/l;OW;Oppervlaktewateren;CONCTTE;(massa)Concentratie;nf;na filtratie (opgeloste fractie);MAX;Maximum
11452;azadirachtine-A;11141-17-6;azdrtn;Milieu;Oppervlaktewater zout;Andere oppervlaktewateren Indicatief MAC-MKN (totaal);0,048;mg/l;OW;Oppervlaktewater;CONCTTE;(massa)Concentratie;NVT;Niet van toepassing;MAX;Maximum
11453;benalaxyl-M;98243-83-5;benlxlM;Milieu;Oppervlaktewater zoet;Landoppervlaktewateren Indicatief JG-MKN (opgelost);3,0;µg/l;OW;Oppervlaktewater;CONCTTE;(massa)Concentratie;nf;na filtratie (opgeloste fractie);JGM;Jaargemiddelde
11454;benalaxyl-M;98243-83-5;benlxlM;Milieu;Oppervlaktewater zoet;Landoppervlaktewateren Indicatief JG-MKN (totaal);3,0;µg/l;OW;Oppervlaktewater;CONCTTE;(massa)Concentratie;NVT;Niet van toepassing;JGM;Jaargemiddelde
11455;benalaxyl-M;98243-83-5;benlxlM;Milieu;Oppervlaktewater zoet;Landoppervlaktewateren Indicatief MAC-MKN (opgelost);5,9;µg/l;OW;Oppervlaktewater;CONCTTE;(massa)Concentratie;nf;na filtratie (opgeloste fractie);MAX;Maximum
11456;benalaxyl-M;98243-83-5;benlxlM;Milieu;Oppervlaktewater zoet;Landoppervlaktewateren Indicatief MAC-MKN (totaal);5,9;µg/l;OW;Oppervlaktewater;CONCTTE;(massa)Concentratie;NVT;Niet van toepassing;MAX;Maximum
11457;benalaxyl-M;98243-83-5;benlxlM;Milieu;Oppervlaktewater zout;Andere oppervlaktewateren Indicatief JG-MKN (opgelost);0,30;µg/l;OW;Oppervlaktewater;CONCTTE;(massa)Concentratie;nf;na filtratie (opgeloste fractie);JGM;Jaargemiddelde
11458;benalaxyl-M;98243-83-5;benlxlM;Milieu;Oppervlaktewater zout;Andere oppervlaktewateren Indicatief JG-MKN (totaal);0,30;µg/l;OW;Oppervlaktewater;CONCTTE;(massa)Concentratie;NVT;Niet van toepassing;JGM;Jaargemiddelde
11459;benalaxyl-M;98243-83-5;benlxlM;Milieu;Oppervlaktewater zout;Andere oppervlaktewateren Indicatief MAC-MKN (opgelost);0,59;µg/l;OW;Oppervlaktewateren;CONCTTE;(massa)Concentratie;nf;na filtratie (opgeloste fractie);MAX;Maximum
11460;benalaxyl-M;98243-83-5;benlxlM;Milieu;Oppervlaktewater zout;Andere oppervlaktewateren Indicatief MAC-MKN (totaal);0,59;µg/l;OW;Oppervlaktewater;CONCTTE;(massa)Concentratie;NVT;Niet van toepassing;MAX;Maximum
11463;benthiavalicarb-isopropyl (ZZS);177406-68-7;bentavlcbiC3;Milieu;Oppervlaktewater zoet;Landoppervlaktewateren Indicatief JG-MKN (opgelost);100;µg/l;OW;Oppervlaktewater;CONCTTE;(massa)Concentratie;nf;na filtratie (opgeloste fractie);JGM;Jaargemiddelde
11464;benthiavalicarb-isopropyl (ZZS);177406-68-7;bentavlcbiC3;Milieu;Oppervlaktewater zoet;Landoppervlaktewateren Indicatief JG-MKN (totaal);100;µg/l;OW;Oppervlaktewater;CONCTTE;(massa)Concentratie;NVT;Niet van toepassing;JGM;Jaargemiddelde
11465;benthiavalicarb-isopropyl (ZZS);177406-68-7;bentavlcbiC3;Milieu;Oppervlaktewater zoet;Landoppervlaktewateren Indicatief MAC-MKN (opgelost);100;µg/l;OW;Oppervlaktewater;CONCTTE;(massa)Concentratie;nf;na filtratie (opgeloste fractie);MAX;Maximum
11466;benthiavalicarb-isopropyl (ZZS);177406-68-7;bentavlcbiC3;Milieu;Oppervlaktewater zoet;Landoppervlaktewateren Indicatief MAC-MKN (totaal);100;µg/l;OW;Oppervlaktewater;CONCTTE;(massa)Concentratie;NVT;Niet van toepassing;MAX;Maximum
11467;benthiavalicarb-isopropyl (ZZS);177406-68-7;bentavlcbiC3;Milieu;Oppervlaktewater zout;Andere oppervlaktewateren Indicatief JG-MKN (opgelost);10;µg/l;OW;Oppervlaktewater;CONCTTE;(massa)Concentratie;nf;na filtratie (opgeloste fractie);JGM;Jaargemiddelde
11468;benthiavalicarb-isopropyl (ZZS);177406-68-7;bentavlcbiC3;Milieu;Oppervlaktewater zout;Andere oppervlaktewateren Indicatief JG-MKN (totaal);10;µg/l;OW;Oppervlaktewater;CONCTTE;(massa)Concentratie;NVT;Niet van toepassing;JGM;Jaargemiddelde
11469;benthiavalicarb-isopropyl (ZZS);177406-68-7;bentavlcbiC3;Milieu;Oppervlaktewater zout;Andere oppervlaktewateren Indicatief MAC-MKN (opgelost);10;µg/l;OW;Oppervlaktewateren;CONCTTE;(massa)Concentratie;nf;na filtratie (opgeloste fractie);MAX;Maximum
11470;benthiavalicarb-isopropyl (ZZS);177406-68-7;bentavlcbiC3;Milieu;Oppervlaktewater zout;Andere oppervlaktewateren Indicatief MAC-MKN (totaal);10;µg/l;OW;Oppervlaktewater;CONCTTE;(massa)Concentratie;NVT;Niet van toepassing;MAX;Maximum
11471;benzyladenine;1214-39-7;benzadnne;Milieu;Oppervlaktewater zoet;Landoppervlaktewateren Indicatief JG-MKN (opgelost);0,70;µg/l;OW;Oppervlaktewater;CONCTTE;(massa)Concentratie;nf;na filtratie (opgeloste fractie);JGM;Jaargemiddelde
11472;benzyladenine;1214-39-7;benzadnne;Milieu;Oppervlaktewater zoet;Landoppervlaktewateren Indicatief JG-MKN (totaal);0,70;µg/l;OW;Oppervlaktewater;CONCTTE;(massa)Concentratie;NVT;Niet van toepassing;JGM;Jaargemiddelde
11473;benzyladenine;1214-39-7;benzadnne;Milieu;Oppervlaktewater zoet;Landoppervlaktewateren Indicatief MAC-MKN (opgelost);2,6;µg/l;OW;Oppervlaktewater;CONCTTE;(massa)Concentratie;nf;na filtratie (opgeloste fractie);MAX;Maximum
11474;benzyladenine;1214-39-7;benzadnne;Milieu;Oppervlaktewater zoet;Landoppervlaktewateren Indicatief MAC-MKN (totaal);2,6;µg/l;OW;Oppervlaktewater;CONCTTE;(massa)Concentratie;NVT;Niet van toepassing;MAX;Maximum
11475;benzyladenine;1214-39-7;benzadnne;Milieu;Oppervlaktewater zout;Andere oppervlaktewateren Indicatief JG-MKN (opgelost);0,070;µg/l;OW;Oppervlaktewater;CONCTTE;(massa)Concentratie;nf;na filtratie (opgeloste fractie);JGM;Jaargemiddelde
11476;benzyladenine;1214-39-7;benzadnne;Milieu;Oppervlaktewater zout;Andere oppervlaktewateren Indicatief JG-MKN (totaal);0,070;µg/l;OW;Oppervlaktewater;CONCTTE;(massa)Concentratie;NVT;Niet van toepassing;JGM;Jaargemiddelde
11477;benzyladenine;1214-39-7;benzadnne;Milieu;Oppervlaktewater zout;Andere oppervlaktewateren Indicatief MAC-MKN (opgelost);0,26;µg/l;OW;Oppervlaktewateren;CONCTTE;(massa)Concentratie;nf;na filtratie (opgeloste fractie);MAX;Maximum
11478;benzyladenine;1214-39-7;benzadnne;Milieu;Oppervlaktewater zout;Andere oppervlaktewateren Indicatief MAC-MKN (totaal);0,26;µg/l;OW;Oppervlaktewater;CONCTTE;(massa)Concentratie;NVT;Niet van toepassing;MAX;Maximum
11479;bifenazaat;149877-41-8;bifnzt;Milieu;Oppervlaktewater zoet;Landoppervlaktewateren Indicatief JG-MKN (opgelost);0,17;µg/l;OW;Oppervlaktewater;CONCTTE;(massa)Concentratie;nf;na filtratie (opgeloste fractie);JGM;Jaargemiddelde
11480;bifenazaat;149877-41-8;bifnzt;Milieu;Oppervlaktewater zoet;Landoppervlaktewateren Indicatief JG-MKN (totaal);0,17;µg/l;OW;Oppervlaktewater;CONCTTE;(massa)Concentratie;NVT;Niet van toepassing;JGM;Jaargemiddelde
11481;bifenazaat;149877-41-8;bifnzt;Milieu;Oppervlaktewater zoet;Landoppervlaktewateren Indicatief MAC-MKN (opgelost);2,3;µg/l;OW;Oppervlaktewater;CONCTTE;(massa)Concentratie;nf;na filtratie (opgeloste fractie);MAX;Maximum
11482;bifenazaat;149877-41-8;bifnzt;Milieu;Oppervlaktewater zoet;Landoppervlaktewateren Indicatief MAC-MKN (totaal);2,3;µg/l;OW;Oppervlaktewater;CONCTTE;(massa)Concentratie;NVT;Niet van toepassing;MAX;Maximum
11483;bifenazaat;149877-41-8;bifnzt;Milieu;Oppervlaktewater zout;Andere oppervlaktewateren Indicatief JG-MKN (opgelost);0,017;µg/l;OW;Oppervlaktewater;CONCTTE;(massa)Concentratie;nf;na filtratie (opgeloste fractie);JGM;Jaargemiddelde
11484;bifenazaat;149877-41-8;bifnzt;Milieu;Oppervlaktewater zout;Andere oppervlaktewateren Indicatief JG-MKN (totaal);0,017;µg/l;OW;Oppervlaktewater;CONCTTE;(massa)Concentratie;NVT;Niet van toepassing;JGM;Jaargemiddelde
11485;bifenazaat;149877-41-8;bifnzt;Milieu;Oppervlaktewater zout;Andere oppervlaktewateren Indicatief MAC-MKN (opgelost);0,23;µg/l;OW;Oppervlaktewateren;CONCTTE;(massa)Concentratie;nf;na filtratie (opgeloste fractie);MAX;Maximum
11486;bifenazaat;149877-41-8;bifnzt;Milieu;Oppervlaktewater zout;Andere oppervlaktewateren Indicatief MAC-MKN (totaal);0,23;µg/l;OW;Oppervlaktewater;CONCTTE;(massa)Concentratie;NVT;Niet van toepassing;MAX;Maximum
11487;bixafen;581809-46-3;bixfn;Milieu;Oppervlaktewater zoet;Landoppervlaktewateren Indicatief JG-MKN (opgelost);0,44;µg/l;OW;Oppervlaktewater;CONCTTE;(massa)Concentratie;nf;na filtratie (opgeloste fractie);JGM;Jaargemiddelde
11488;bixafen;581809-46-3;bixfn;Milieu;Oppervlaktewater zoet;Landoppervlaktewateren Indicatief JG-MKN (totaal);0,44;µg/l;OW;Oppervlaktewater;CONCTTE;(massa)Concentratie;NVT;Niet van toepassing;JGM;Jaargemiddelde
11489;bixafen;581809-46-3;bixfn;Milieu;Oppervlaktewater zoet;Landoppervlaktewateren Indicatief MAC-MKN (opgelost);0,95;µg/l;OW;Oppervlaktewater;CONCTTE;(massa)Concentratie;nf;na filtratie (opgeloste fractie);MAX;Maximum
11490;bixafen;581809-46-3;bixfn;Milieu;Oppervlaktewater zoet;Landoppervlaktewateren Indicatief MAC-MKN (totaal);0,95;µg/l;OW;Oppervlaktewater;CONCTTE;(massa)Concentratie;NVT;Niet van toepassing;MAX;Maximum
11491;bixafen;581809-46-3;bixfn;Milieu;Oppervlaktewater zout;Andere oppervlaktewateren Indicatief JG-MKN (opgelost);0,044;µg/l;OW;Oppervlaktewater;CONCTTE;(massa)Concentratie;nf;na filtratie (opgeloste fractie);JGM;Jaargemiddelde
11492;bixafen;581809-46-3;bixfn;Milieu;Oppervlaktewater zout;Andere oppervlaktewateren Indicatief JG-MKN (totaal);0,044;µg/l;OW;Oppervlaktewater;CONCTTE;(massa)Concentratie;NVT;Niet van toepassing;JGM;Jaargemiddelde
11493;bixafen;581809-46-3;bixfn;Milieu;Oppervlaktewater zout;Andere oppervlaktewateren Indicatief MAC-MKN (opgelost);0,0950;µg/l;OW;Oppervlaktewateren;CONCTTE;(massa)Concentratie;nf;na filtratie (opgeloste fractie);MAX;Maximum
11494;bixafen;581809-46-3;bixfn;Milieu;Oppervlaktewater zout;Andere oppervlaktewateren Indicatief MAC-MKN (totaal);0,0950;µg/l;OW;Oppervlaktewater;CONCTTE;(massa)Concentratie;NVT;Niet van toepassing;MAX;Maximum
11495;clethodim;99129-21-2;cletdm;Milieu;Oppervlaktewater zoet;Landoppervlaktewateren Indicatief JG-MKN (opgelost);1,0;µg/l;OW;Oppervlaktewater;CONCTTE;(massa)Concentratie;nf;na filtratie (opgeloste fractie);JGM;Jaargemiddelde
11496;clethodim;99129-21-2;cletdm;Milieu;Oppervlaktewater zoet;Landoppervlaktewateren Indicatief JG-MKN (totaal);1,0;µg/l;OW;Oppervlaktewater;CONCTTE;(massa)Concentratie;NVT;Niet van toepassing;JGM;Jaargemiddelde
11497;clethodim;99129-21-2;cletdm;Milieu;Oppervlaktewater zoet;Landoppervlaktewateren Indicatief MAC-MKN (opgelost);13;µg/l;OW;Oppervlaktewater;CONCTTE;(massa)Concentratie;nf;na filtratie (opgeloste fractie);MAX;Maximum
11498;clethodim;99129-21-2;cletdm;Milieu;Oppervlaktewater zoet;Landoppervlaktewateren Indicatief MAC-MKN (totaal);13;µg/l;OW;Oppervlaktewater;CONCTTE;(massa)Concentratie;NVT;Niet van toepassing;MAX;Maximum
11499;clethodim;99129-21-2;cletdm;Milieu;Oppervlaktewater zout;Andere oppervlaktewateren Indicatief JG-MKN (opgelost);0,10;µg/l;OW;Oppervlaktewater;CONCTTE;(massa)Concentratie;nf;na filtratie (opgeloste fractie);JGM;Jaargemiddelde
11500;clethodim;99129-21-2;cletdm;Milieu;Oppervlaktewater zout;Andere oppervlaktewateren Indicatief JG-MKN (totaal);0,10;µg/l;OW;Oppervlaktewater;CONCTTE;(massa)Concentratie;NVT;Niet van toepassing;JGM;Jaargemiddelde
11501;clethodim;99129-21-2;cletdm;Milieu;Oppervlaktewater zout;Andere oppervlaktewateren Indicatief MAC-MKN (opgelost);1,3;µg/l;OW;Oppervlaktewateren;CONCTTE;(massa)Concentratie;nf;na filtratie (opgeloste fractie);MAX;Maximum
11502;clethodim;99129-21-2;cletdm;Milieu;Oppervlaktewater zout;Andere oppervlaktewateren Indicatief MAC-MKN (totaal);1,3;µg/l;OW;Oppervlaktewater;CONCTTE;(massa)Concentratie;NVT;Niet van toepassing;MAX;Maximum
11503;cyflufenamide (ZZS);180409-60-3;cyffAd;Milieu;Oppervlaktewater zoet;Landoppervlaktewateren Indicatief JG-MKN (opgelost);2,4;µg/l;OW;Oppervlaktewater;CONCTTE;(massa)Concentratie;nf;na filtratie (opgeloste fractie);JGM;Jaargemiddelde
11504;cyflufenamide (ZZS);180409-60-3;cyffAd;Milieu;Oppervlaktewater zoet;Landoppervlaktewateren Indicatief JG-MKN (totaal);2,4;µg/l;OW;Oppervlaktewater;CONCTTE;(massa)Concentratie;NVT;Niet van toepassing;JGM;Jaargemiddelde
11505;cyflufenamide (ZZS);180409-60-3;cyffAd;Milieu;Oppervlaktewater zoet;Landoppervlaktewateren Indicatief MAC-MKN (opgelost);10;µg/l;OW;Oppervlaktewater;CONCTTE;(massa)Concentratie;nf;na filtratie (opgeloste fractie);MAX;Maximum
11506;cyflufenamide (ZZS);180409-60-3;cyffAd;Milieu;Oppervlaktewater zoet;Landoppervlaktewateren Indicatief MAC-MKN (totaal);10;µg/l;OW;Oppervlaktewater;CONCTTE;(massa)Concentratie;NVT;Niet van toepassing;MAX;Maximum
11507;cyflufenamide (ZZS);180409-60-3;cyffAd;Milieu;Oppervlaktewater zout;Andere oppervlaktewateren Indicatief JG-MKN (opgelost);0,24;µg/l;OW;Oppervlaktewater;CONCTTE;(massa)Concentratie;nf;na filtratie (opgeloste fractie);JGM;Jaargemiddelde
11508;cyflufenamide (ZZS);180409-60-3;cyffAd;Milieu;Oppervlaktewater zout;Andere oppervlaktewateren Indicatief JG-MKN (totaal);0,24;µg/l;OW;Oppervlaktewater;CONCTTE;(massa)Concentratie;NVT;Niet van toepassing;JGM;Jaargemiddelde
11509;cyflufenamide (ZZS);180409-60-3;cyffAd;Milieu;Oppervlaktewater zout;Andere oppervlaktewateren Indicatief MAC-MKN (opgelost);1,0;µg/l;OW;Oppervlaktewateren;CONCTTE;(massa)Concentratie;nf;na filtratie (opgeloste fractie);MAX;Maximum
11510;cyflufenamide (ZZS);180409-60-3;cyffAd;Milieu;Oppervlaktewater zout;Andere oppervlaktewateren Indicatief MAC-MKN (totaal);1,0;µg/l;OW;Oppervlaktewater;CONCTTE;(massa)Concentratie;NVT;Niet van toepassing;MAX;Maximum
11511;cyflumetofen (ZZS);400882-07-7;cyfmtfn;Milieu;Oppervlaktewater zoet;Landoppervlaktewateren Indicatief JG-MKN (opgelost);10;µg/l;OW;Oppervlaktewater;CONCTTE;(massa)Concentratie;nf;na filtratie (opgeloste fractie);JGM;Jaargemiddelde
11512;cyflumetofen (ZZS);400882-07-7;cyfmtfn;Milieu;Oppervlaktewater zoet;Landoppervlaktewateren Indicatief MAC-MKN (opgelost);10;µg/l;OW;Oppervlaktewater;CONCTTE;(massa)Concentratie;nf;na filtratie (opgeloste fractie);MAX;Maximum
11513;cyflumetofen (ZZS);400882-07-7;cyfmtfn;Milieu;Oppervlaktewater zoet;Landoppervlaktewateren Indicatief JG-MKN (totaal);12;µg/l;OW;Oppervlaktewater;CONCTTE;(massa)Concentratie;NVT;Niet van toepassing;JGM;Jaargemiddelde
11514;cyflumetofen (ZZS);400882-07-7;cyfmtfn;Milieu;Oppervlaktewater zoet;Landoppervlaktewateren Indicatief MAC-MKN (totaal);12;µg/l;OW;Oppervlaktewater;CONCTTE;(massa)Concentratie;NVT;Niet van toepassing;MAX;Maximum
11515;fenpyrazamine;473798-59-3;fenprAe;Milieu;Oppervlaktewater zoet;Landoppervlaktewateren Indicatief JG-MKN (opgelost);19;µg/l;OW;Oppervlaktewater;CONCTTE;(massa)Concentratie;nf;na filtratie (opgeloste fractie);JGM;Jaargemiddelde
11516;fenpyrazamine;473798-59-3;fenprAe;Milieu;Oppervlaktewater zoet;Landoppervlaktewateren Indicatief JG-MKN (totaal);19;µg/l;OW;Oppervlaktewater;CONCTTE;(massa)Concentratie;NVT;Niet van toepassing;JGM;Jaargemiddelde
11517;fenpyrazamine;473798-59-3;fenprAe;Milieu;Oppervlaktewater zoet;Landoppervlaktewateren Indicatief MAC-MKN (opgelost);19;µg/l;OW;Oppervlaktewater;CONCTTE;(massa)Concentratie;nf;na filtratie (opgeloste fractie);MAX;Maximum
11518;fenpyrazamine;473798-59-3;fenprAe;Milieu;Oppervlaktewater zoet;Landoppervlaktewateren Indicatief MAC-MKN (totaal);19;µg/l;OW;Oppervlaktewater;CONCTTE;(massa)Concentratie;NVT;Niet van toepassing;MAX;Maximum
11519;fenpyrazamine;473798-59-3;fenprAe;Milieu;Oppervlaktewater zout;Andere oppervlaktewateren Indicatief JG-MKN (opgelost);1,9;µg/l;OW;Oppervlaktewater;CONCTTE;(massa)Concentratie;nf;na filtratie (opgeloste fractie);JGM;Jaargemiddelde
11520;fenpyrazamine;473798-59-3;fenprAe;Milieu;Oppervlaktewater zout;Andere oppervlaktewateren Indicatief JG-MKN (totaal);1,9;µg/l;OW;Oppervlaktewater;CONCTTE;(massa)Concentratie;NVT;Niet van toepassing;JGM;Jaargemiddelde
11521;fenpyrazamine;473798-59-3;fenprAe;Milieu;Oppervlaktewater zout;Andere oppervlaktewateren Indicatief MAC-MKN (opgelost);1,9;µg/l;OW;Oppervlaktewateren;CONCTTE;(massa)Concentratie;nf;na filtratie (opgeloste fractie);MAX;Maximum
11522;fenpyrazamine;473798-59-3;fenprAe;Milieu;Oppervlaktewater zout;Andere oppervlaktewateren Indicatief MAC-MKN (totaal);1,9;µg/l;OW;Oppervlaktewater;CONCTTE;(massa)Concentratie;NVT;Niet van toepassing;MAX;Maximum
11523;fluxapyroxad;907204-31-3;fluxprxd;Milieu;Oppervlaktewater zoet;Landoppervlaktewateren Indicatief JG-MKN (opgelost);3,6;µg/l;OW;Oppervlaktewater;CONCTTE;(massa)Concentratie;nf;na filtratie (opgeloste fractie);JGM;Jaargemiddelde
11524;fluxapyroxad;907204-31-3;fluxprxd;Milieu;Oppervlaktewater zoet;Landoppervlaktewateren Indicatief JG-MKN (totaal);3,6;µg/l;OW;Oppervlaktewater;CONCTTE;(massa)Concentratie;NVT;Niet van toepassing;JGM;Jaargemiddelde
11525;fluxapyroxad;907204-31-3;fluxprxd;Milieu;Oppervlaktewater zoet;Landoppervlaktewateren Indicatief MAC-MKN (opgelost);3,6;µg/l;OW;Oppervlaktewater;CONCTTE;(massa)Concentratie;nf;na filtratie (opgeloste fractie);MAX;Maximum
11526;fluxapyroxad;907204-31-3;fluxprxd;Milieu;Oppervlaktewater zoet;Landoppervlaktewateren Indicatief MAC-MKN (totaal);3,6;µg/l;OW;Oppervlaktewater;CONCTTE;(massa)Concentratie;NVT;Niet van toepassing;MAX;Maximum
11527;fluxapyroxad;907204-31-3;fluxprxd;Milieu;Oppervlaktewater zout;Andere oppervlaktewateren Indicatief JG-MKN (opgelost);0,36;µg/l;OW;Oppervlaktewater;CONCTTE;(massa)Concentratie;nf;na filtratie (opgeloste fractie);JGM;Jaargemiddelde
11528;fluxapyroxad;907204-31-3;fluxprxd;Milieu;Oppervlaktewater zout;Andere oppervlaktewateren Indicatief JG-MKN (totaal);0,36;µg/l;OW;Oppervlaktewater;CONCTTE;(massa)Concentratie;NVT;Niet van toepassing;JGM;Jaargemiddelde
11529;fluxapyroxad;907204-31-3;fluxprxd;Milieu;Oppervlaktewater zout;Andere oppervlaktewateren Indicatief MAC-MKN (opgelost);0,36;µg/l;OW;Oppervlaktewateren;CONCTTE;(massa)Concentratie;nf;na filtratie (opgeloste fractie);MAX;Maximum
11530;fluxapyroxad;907204-31-3;fluxprxd;Milieu;Oppervlaktewater zout;Andere oppervlaktewateren Indicatief MAC-MKN (totaal);0,36;µg/l;OW;Oppervlaktewater;CONCTTE;(massa)Concentratie;NVT;Niet van toepassing;MAX;Maximum
11531;foramsulfuron;173159-57-4;forasfrn;Milieu;Oppervlaktewater zoet;Landoppervlaktewateren Indicatief JG-MKN (opgelost);0,036;µg/l;OW;Oppervlaktewater;CONCTTE;(massa)Concentratie;nf;na filtratie (opgeloste fractie);JGM;Jaargemiddelde
11532;foramsulfuron;173159-57-4;forasfrn;Milieu;Oppervlaktewater zoet;Landoppervlaktewateren Indicatief JG-MKN (totaal);0,036;µg/l;OW;Oppervlaktewater;CONCTTE;(massa)Concentratie;NVT;Niet van toepassing;JGM;Jaargemiddelde
11533;foramsulfuron;173159-57-4;forasfrn;Milieu;Oppervlaktewater zoet;Landoppervlaktewateren Indicatief MAC-MKN (opgelost);0,036;µg/l;OW;Oppervlaktewater;CONCTTE;(massa)Concentratie;nf;na filtratie (opgeloste fractie);MAX;Maximum
11534;foramsulfuron;173159-57-4;forasfrn;Milieu;Oppervlaktewater zoet;Landoppervlaktewateren Indicatief MAC-MKN (totaal);0,036;µg/l;OW;Oppervlaktewater;CONCTTE;(massa)Concentratie;NVT;Niet van toepassing;MAX;Maximum
11535;foramsulfuron;173159-57-4;forasfrn;Milieu;Oppervlaktewater zout;Andere oppervlaktewateren Indicatief JG-MKN (opgelost);0,0036;µg/l;OW;Oppervlaktewater;CONCTTE;(massa)Concentratie;nf;na filtratie (opgeloste fractie);JGM;Jaargemiddelde
11536;foramsulfuron;173159-57-4;forasfrn;Milieu;Oppervlaktewater zout;Andere oppervlaktewateren Indicatief JG-MKN (totaal);0,0036;µg/l;OW;Oppervlaktewater;CONCTTE;(massa)Concentratie;NVT;Niet van toepassing;JGM;Jaargemiddelde
11537;foramsulfuron;173159-57-4;forasfrn;Milieu;Oppervlaktewater zout;Andere oppervlaktewateren Indicatief MAC-MKN (opgelost);0,0036;µg/l;OW;Oppervlaktewateren;CONCTTE;(massa)Concentratie;nf;na filtratie (opgeloste fractie);MAX;Maximum
11538;foramsulfuron;173159-57-4;forasfrn;Milieu;Oppervlaktewater zout;Andere oppervlaktewateren Indicatief MAC-MKN (totaal);0,0036;µg/l;OW;Oppervlaktewater;CONCTTE;(massa)Concentratie;NVT;Niet van toepassing;MAX;Maximum
11539;formetanaat-hydrochloride;23422-53-9;formtnHCl;Milieu;Oppervlaktewater zoet;Landoppervlaktewateren Indicatief JG-MKN (opgelost);0,11;µg/l;OW;Oppervlaktewater;CONCTTE;(massa)Concentratie;nf;na filtratie (opgeloste fractie);JGM;Jaargemiddelde
11540;formetanaat-hydrochloride;23422-53-9;formtnHCl;Milieu;Oppervlaktewater zoet;Landoppervlaktewateren Indicatief JG-MKN (totaal);0,11;µg/l;OW;Oppervlaktewater;CONCTTE;(massa)Concentratie;NVT;Niet van toepassing;JGM;Jaargemiddelde
11541;formetanaat-hydrochloride;23422-53-9;formtnHCl;Milieu;Oppervlaktewater zoet;Landoppervlaktewateren Indicatief MAC-MKN (opgelost);0,11;µg/l;OW;Oppervlaktewater;CONCTTE;(massa)Concentratie;nf;na filtratie (opgeloste fractie);MAX;Maximum
11542;formetanaat-hydrochloride;23422-53-9;formtnHCl;Milieu;Oppervlaktewater zoet;Landoppervlaktewateren Indicatief MAC-MKN (totaal);0,11;µg/l;OW;Oppervlaktewater;CONCTTE;(massa)Concentratie;NVT;Niet van toepassing;MAX;Maximum
11543;formetanaat-hydrochloride;23422-53-9;formtnHCl;Milieu;Oppervlaktewater zout;Andere oppervlaktewateren Indicatief JG-MKN (opgelost);0,011;µg/l;OW;Oppervlaktewater;CONCTTE;(massa)Concentratie;nf;na filtratie (opgeloste fractie);JGM;Jaargemiddelde
11544;formetanaat-hydrochloride;23422-53-9;formtnHCl;Milieu;Oppervlaktewater zout;Andere oppervlaktewateren Indicatief JG-MKN (totaal);0,011;µg/l;OW;Oppervlaktewater;CONCTTE;(massa)Concentratie;NVT;Niet van toepassing;JGM;Jaargemiddelde
11545;formetanaat-hydrochloride;23422-53-9;formtnHCl;Milieu;Oppervlaktewater zout;Andere oppervlaktewateren Indicatief MAC-MKN (opgelost);0,011;µg/l;OW;Oppervlaktewateren;CONCTTE;(massa)Concentratie;nf;na filtratie (opgeloste fractie);MAX;Maximum
11546;formetanaat-hydrochloride;23422-53-9;formtnHCl;Milieu;Oppervlaktewater zout;Andere oppervlaktewateren Indicatief MAC-MKN (totaal);0,011;µg/l;OW;Oppervlaktewater;CONCTTE;(massa)Concentratie;NVT;Niet van toepassing;MAX;Maximum
11547;isopyrazam (ZZS);881685-58-1;isprzm;Milieu;Oppervlaktewater zoet;Landoppervlaktewateren Indicatief JG-MKN (opgelost);0,29;µg/l;OW;Oppervlaktewater;CONCTTE;(massa)Concentratie;nf;na filtratie (opgeloste fractie);JGM;Jaargemiddelde
11548;isopyrazam (ZZS);881685-58-1;isprzm;Milieu;Oppervlaktewater zoet;Landoppervlaktewateren Indicatief JG-MKN (totaal);0,29;µg/l;OW;Oppervlaktewater;CONCTTE;(massa)Concentratie;NVT;Niet van toepassing;JGM;Jaargemiddelde
11549;isopyrazam (ZZS);881685-58-1;isprzm;Milieu;Oppervlaktewater zoet;Landoppervlaktewateren Indicatief MAC-MKN (opgelost);0,29;µg/l;OW;Oppervlaktewater;CONCTTE;(massa)Concentratie;nf;na filtratie (opgeloste fractie);MAX;Maximum
11550;isopyrazam (ZZS);881685-58-1;isprzm;Milieu;Oppervlaktewater zoet;Landoppervlaktewateren Indicatief MAC-MKN (totaal);0,29;µg/l;OW;Oppervlaktewater;CONCTTE;(massa)Concentratie;NVT;Niet van toepassing;MAX;Maximum
11551;isopyrazam (ZZS);881685-58-1;isprzm;Milieu;Oppervlaktewater zout;Andere oppervlaktewateren Indicatief JG-MKN (opgelost);0,029;µg/l;OW;Oppervlaktewater;CONCTTE;(massa)Concentratie;nf;na filtratie (opgeloste fractie);JGM;Jaargemiddelde
11552;isopyrazam (ZZS);881685-58-1;isprzm;Milieu;Oppervlaktewater zout;Andere oppervlaktewateren Indicatief JG-MKN (totaal);0,029;µg/l;OW;Oppervlaktewater;CONCTTE;(massa)Concentratie;NVT;Niet van toepassing;JGM;Jaargemiddelde
11553;isopyrazam (ZZS);881685-58-1;isprzm;Milieu;Oppervlaktewater zout;Andere oppervlaktewateren Indicatief MAC-MKN (opgelost);0,029;µg/l;OW;Oppervlaktewateren;CONCTTE;(massa)Concentratie;nf;na filtratie (opgeloste fractie);MAX;Maximum
11554;isopyrazam (ZZS);881685-58-1;isprzm;Milieu;Oppervlaktewater zout;Andere oppervlaktewateren Indicatief MAC-MKN (totaal);0,029;µg/l;OW;Oppervlaktewater;CONCTTE;(massa)Concentratie;NVT;Niet van toepassing;MAX;Maximum
11555;mepiquatchloride;24307-26-4;mepqCl;Milieu;Oppervlaktewater zoet;Landoppervlaktewateren Indicatief JG-MKN (opgelost);1,0;µg/l;OW;Oppervlaktewater;CONCTTE;(massa)Concentratie;nf;na filtratie (opgeloste fractie);JGM;Jaargemiddelde
11556;mepiquatchloride;24307-26-4;mepqCl;Milieu;Oppervlaktewater zoet;Landoppervlaktewateren Indicatief JG-MKN (totaal);1,0;µg/l;OW;Oppervlaktewater;CONCTTE;(massa)Concentratie;NVT;Niet van toepassing;JGM;Jaargemiddelde
11557;mepiquatchloride;24307-26-4;mepqCl;Milieu;Oppervlaktewater zoet;Landoppervlaktewateren Indicatief MAC-MKN (opgelost);130;µg/l;OW;Oppervlaktewater;CONCTTE;(massa)Concentratie;nf;na filtratie (opgeloste fractie);MAX;Maximum
11558;mepiquatchloride;24307-26-4;mepqCl;Milieu;Oppervlaktewater zoet;Landoppervlaktewateren Indicatief MAC-MKN (totaal);130;µg/l;OW;Oppervlaktewater;CONCTTE;(massa)Concentratie;NVT;Niet van toepassing;MAX;Maximum
11559;mepiquatchloride;24307-26-4;mepqCl;Milieu;Oppervlaktewater zout;Andere oppervlaktewateren Indicatief JG-MKN (opgelost);0,10;µg/l;OW;Oppervlaktewater;CONCTTE;(massa)Concentratie;nf;na filtratie (opgeloste fractie);JGM;Jaargemiddelde
11560;mepiquatchloride;24307-26-4;mepqCl;Milieu;Oppervlaktewater zout;Andere oppervlaktewateren Indicatief JG-MKN (totaal);0,10;µg/l;OW;Oppervlaktewater;CONCTTE;(massa)Concentratie;NVT;Niet van toepassing;JGM;Jaargemiddelde
11561;mepiquatchloride;24307-26-4;mepqCl;Milieu;Oppervlaktewater zout;Andere oppervlaktewateren Indicatief MAC-MKN (opgelost);13;µg/l;OW;Oppervlaktewateren;CONCTTE;(massa)Concentratie;nf;na filtratie (opgeloste fractie);MAX;Maximum
11562;mepiquatchloride;24307-26-4;mepqCl;Milieu;Oppervlaktewater zout;Andere oppervlaktewateren Indicatief MAC-MKN (totaal);13;µg/l;OW;Oppervlaktewater;CONCTTE;(massa)Concentratie;NVT;Niet van toepassing;MAX;Maximum
11563;mesosulfuron-methyl;208465-21-8;messfrnC1y;Milieu;Oppervlaktewater zoet;Landoppervlaktewateren Indicatief JG-MKN (opgelost);0,026;µg/l;OW;Oppervlaktewater;CONCTTE;(massa)Concentratie;nf;na filtratie (opgeloste fractie);JGM;Jaargemiddelde
11564;mesosulfuron-methyl;208465-21-8;messfrnC1y;Milieu;Oppervlaktewater zoet;Landoppervlaktewateren Indicatief JG-MKN (totaal);0,026;µg/l;OW;Oppervlaktewater;CONCTTE;(massa)Concentratie;NVT;Niet van toepassing;JGM;Jaargemiddelde
11565;mesosulfuron-methyl;208465-21-8;messfrnC1y;Milieu;Oppervlaktewater zoet;Landoppervlaktewateren Indicatief MAC-MKN (opgelost);0,026;µg/l;OW;Oppervlaktewater;CONCTTE;(massa)Concentratie;nf;na filtratie (opgeloste fractie);MAX;Maximum
11566;mesosulfuron-methyl;208465-21-8;messfrnC1y;Milieu;Oppervlaktewater zoet;Landoppervlaktewateren Indicatief MAC-MKN (totaal);0,026;µg/l;OW;Oppervlaktewater;CONCTTE;(massa)Concentratie;NVT;Niet van toepassing;MAX;Maximum
11567;mesosulfuron-methyl;208465-21-8;messfrnC1y;Milieu;Oppervlaktewater zout;Andere oppervlaktewateren Indicatief JG-MKN (opgelost);0,0026;µg/l;OW;Oppervlaktewater;CONCTTE;(massa)Concentratie;nf;na filtratie (opgeloste fractie);JGM;Jaargemiddelde
11568;mesosulfuron-methyl;208465-21-8;messfrnC1y;Milieu;Oppervlaktewater zout;Andere oppervlaktewateren Indicatief JG-MKN (totaal);0,0026;µg/l;OW;Oppervlaktewater;CONCTTE;(massa)Concentratie;NVT;Niet van toepassing;JGM;Jaargemiddelde
11569;mesosulfuron-methyl;208465-21-8;messfrnC1y;Milieu;Oppervlaktewater zout;Andere oppervlaktewateren Indicatief MAC-MKN (opgelost);0,0026;µg/l;OW;Oppervlaktewateren;CONCTTE;(massa)Concentratie;nf;na filtratie (opgeloste fractie);MAX;Maximum
11570;mesosulfuron-methyl;208465-21-8;messfrnC1y;Milieu;Oppervlaktewater zout;Andere oppervlaktewateren Indicatief MAC-MKN (totaal);0,0026;µg/l;OW;Oppervlaktewater;CONCTTE;(massa)Concentratie;NVT;Niet van toepassing;MAX;Maximum
11571;pyraflufen-ethyl;129630-19-9;pyrffnC2y;Milieu;Oppervlaktewater zout;Andere oppervlaktewateren Indicatief JG-MKN (opgelost);0,00012;µg/l;OW;Oppervlaktewater;CONCTTE;(massa)Concentratie;nf;na filtratie (opgeloste fractie);JGM;Jaargemiddelde
11572;pyraflufen-ethyl;129630-19-9;pyrffnC2y;Milieu;Oppervlaktewater zout;Andere oppervlaktewateren Indicatief JG-MKN (totaal);0,00012;µg/l;OW;Oppervlaktewater;CONCTTE;(massa)Concentratie;NVT;Niet van toepassing;JGM;Jaargemiddelde
11573;pyraflufen-ethyl;129630-19-9;pyrffnC2y;Milieu;Oppervlaktewater zout;Andere oppervlaktewateren Indicatief MAC-MKN (opgelost);0,00026;µg/l;OW;Oppervlaktewateren;CONCTTE;(massa)Concentratie;nf;na filtratie (opgeloste fractie);MAX;Maximum
11574;pyraflufen-ethyl;129630-19-9;pyrffnC2y;Milieu;Oppervlaktewater zout;Andere oppervlaktewateren Indicatief MAC-MKN (totaal);0,00026;µg/l;OW;Oppervlaktewater;CONCTTE;(massa)Concentratie;NVT;Niet van toepassing;MAX;Maximum
11575;pyraflufen-ethyl;129630-19-9;pyrffnC2y;Milieu;Oppervlaktewater zoet;Landoppervlaktewateren Indicatief JG-MKN (opgelost);0,0012;µg/l;OW;Oppervlaktewater;CONCTTE;(massa)Concentratie;nf;na filtratie (opgeloste fractie);JGM;Jaargemiddelde
11576;pyraflufen-ethyl;129630-19-9;pyrffnC2y;Milieu;Oppervlaktewater zoet;Landoppervlaktewateren Indicatief JG-MKN (totaal);0,0012;µg/l;OW;Oppervlaktewater;CONCTTE;(massa)Concentratie;NVT;Niet van toepassing;JGM;Jaargemiddelde
11577;pyraflufen-ethyl;129630-19-9;pyrffnC2y;Milieu;Oppervlaktewater zoet;Landoppervlaktewateren Indicatief MAC-MKN (opgelost);0,0026;µg/l;OW;Oppervlaktewater;CONCTTE;(massa)Concentratie;nf;na filtratie (opgeloste fractie);MAX;Maximum
11578;pyraflufen-ethyl;129630-19-9;pyrffnC2y;Milieu;Oppervlaktewater zoet;Landoppervlaktewateren Indicatief MAC-MKN (totaal);0,0026;µg/l;OW;Oppervlaktewater;CONCTTE;(massa)Concentratie;NVT;Niet van toepassing;MAX;Maximum
11579;pyraflufen;129630-17-7;pyrffn;Milieu;Oppervlaktewater zoet;Landoppervlaktewateren Indicatief JG-MKN (opgelost);0,084;µg/l;OW;Oppervlaktewater;CONCTTE;(massa)Concentratie;nf;na filtratie (opgeloste fractie);JGM;Jaargemiddelde
11580;pyraflufen;129630-17-7;pyrffn;Milieu;Oppervlaktewater zoet;Landoppervlaktewateren Indicatief JG-MKN (totaal);0,084;µg/l;OW;Oppervlaktewater;CONCTTE;(massa)Concentratie;NVT;Niet van toepassing;JGM;Jaargemiddelde
11581;pyraflufen;129630-17-7;pyrffn;Milieu;Oppervlaktewater zoet;Landoppervlaktewateren Indicatief MAC-MKN (opgelost);0,084;µg/l;OW;Oppervlaktewater;CONCTTE;(massa)Concentratie;nf;na filtratie (opgeloste fractie);MAX;Maximum
11582;pyraflufen;129630-17-7;pyrffn;Milieu;Oppervlaktewater zoet;Landoppervlaktewateren Indicatief MAC-MKN (totaal);0,084;µg/l;OW;Oppervlaktewater;CONCTTE;(massa)Concentratie;NVT;Niet van toepassing;MAX;Maximum
11583;pyraflufen;129630-17-7;pyrffn;Milieu;Oppervlaktewater zout;Andere oppervlaktewateren Indicatief JG-MKN (opgelost);0,0084;µg/l;OW;Oppervlaktewater;CONCTTE;(massa)Concentratie;nf;na filtratie (opgeloste fractie);JGM;Jaargemiddelde
11584;pyraflufen;129630-17-7;pyrffn;Milieu;Oppervlaktewater zout;Andere oppervlaktewateren Indicatief JG-MKN (totaal);0,0084;µg/l;OW;Oppervlaktewater;CONCTTE;(massa)Concentratie;NVT;Niet van toepassing;JGM;Jaargemiddelde
11585;pyraflufen;129630-17-7;pyrffn;Milieu;Oppervlaktewater zout;Andere oppervlaktewateren Indicatief MAC-MKN (opgelost);0,0084;µg/l;OW;Oppervlaktewateren;CONCTTE;(massa)Concentratie;nf;na filtratie (opgeloste fractie);MAX;Maximum
11586;pyraflufen;129630-17-7;pyrffn;Milieu;Oppervlaktewater zout;Andere oppervlaktewateren Indicatief MAC-MKN (totaal);0,0084;µg/l;OW;Oppervlaktewater;CONCTTE;(massa)Concentratie;NVT;Niet van toepassing;MAX;Maximum
11587;pyridalyl (ZZS);179101-81-6;pyrdll;Milieu;Oppervlaktewater zoet;Landoppervlaktewateren Indicatief JG-MKN (opgelost);0,0034;µg/l;OW;Oppervlaktewater;CONCTTE;(massa)Concentratie;nf;na filtratie (opgeloste fractie);JGM;Jaargemiddelde
11588;pyridalyl (ZZS);179101-81-6;pyrdll;Milieu;Oppervlaktewater zoet;Landoppervlaktewateren Indicatief MAC-MKN (opgelost);0,0034;µg/l;OW;Oppervlaktewater;CONCTTE;(massa)Concentratie;nf;na filtratie (opgeloste fractie);MAX;Maximum
11589;pyridalyl (ZZS);179101-81-6;pyrdll;Milieu;Oppervlaktewater zoet;Landoppervlaktewateren Indicatief JG-MKN (totaal);0,0095;µg/l;OW;Oppervlaktewater;CONCTTE;(massa)Concentratie;NVT;Niet van toepassing;JGM;Jaargemiddelde
11590;pyridalyl (ZZS);179101-81-6;pyrdll;Milieu;Oppervlaktewater zoet;Landoppervlaktewateren Indicatief MAC-MKN (totaal);0,0095;µg/l;OW;Oppervlaktewater;CONCTTE;(massa)Concentratie;NVT;Niet van toepassing;MAX;Maximum
11591;pyridalyl (ZZS);179101-81-6;pyrdll;Milieu;Oppervlaktewater zout;Andere oppervlaktewateren Indicatief JG-MKN (opgelost);0,00034;µg/l;OW;Oppervlaktewater;CONCTTE;(massa)Concentratie;nf;na filtratie (opgeloste fractie);JGM;Jaargemiddelde
11592;pyridalyl (ZZS);179101-81-6;pyrdll;Milieu;Oppervlaktewater zout;Andere oppervlaktewateren Indicatief MAC-MKN (opgelost);0,00034;µg/l;OW;Oppervlaktewateren;CONCTTE;(massa)Concentratie;nf;na filtratie (opgeloste fractie);MAX;Maximum
11593;pyridalyl (ZZS);179101-81-6;pyrdll;Milieu;Oppervlaktewater zout;Andere oppervlaktewateren Indicatief JG-MKN (totaal);0,00046;µg/l;OW;Oppervlaktewater;CONCTTE;(massa)Concentratie;NVT;Niet van toepassing;JGM;Jaargemiddelde
11594;pyridalyl (ZZS);179101-81-6;pyrdll;Milieu;Oppervlaktewater zout;Andere oppervlaktewateren Indicatief MAC-MKN (totaal);0,00046;µg/l;OW;Oppervlaktewater;CONCTTE;(massa)Concentratie;NVT;Niet van toepassing;MAX;Maximum
11595;pyroxsulam (ZZS);422556-08-9;pyrslm;Milieu;Oppervlaktewater zoet;Landoppervlaktewateren Indicatief JG-MKN (opgelost);0,070;µg/l;OW;Oppervlaktewater;CONCTTE;(massa)Concentratie;nf;na filtratie (opgeloste fractie);JGM;Jaargemiddelde
11596;pyroxsulam (ZZS);422556-08-9;pyrslm;Milieu;Oppervlaktewater zoet;Landoppervlaktewateren Indicatief JG-MKN (totaal);0,070;µg/l;OW;Oppervlaktewater;CONCTTE;(massa)Concentratie;NVT;Niet van toepassing;JGM;Jaargemiddelde
11597;pyroxsulam (ZZS);422556-08-9;pyrslm;Milieu;Oppervlaktewater zoet;Landoppervlaktewateren Indicatief MAC-MKN (opgelost);0,070;µg/l;OW;Oppervlaktewater;CONCTTE;(massa)Concentratie;nf;na filtratie (opgeloste fractie);MAX;Maximum
11598;pyroxsulam (ZZS);422556-08-9;pyrslm;Milieu;Oppervlaktewater zoet;Landoppervlaktewateren Indicatief MAC-MKN (totaal);0,070;µg/l;OW;Oppervlaktewater;CONCTTE;(massa)Concentratie;NVT;Niet van toepassing;MAX;Maximum
11599;pyroxsulam (ZZS);422556-08-9;pyrslm;Milieu;Oppervlaktewater zout;Andere oppervlaktewateren Indicatief JG-MKN (opgelost);0,0070;µg/l;OW;Oppervlaktewater;CONCTTE;(massa)Concentratie;nf;na filtratie (opgeloste fractie);JGM;Jaargemiddelde
11600;pyroxsulam (ZZS);422556-08-9;pyrslm;Milieu;Oppervlaktewater zout;Andere oppervlaktewateren Indicatief JG-MKN (totaal);0,0070;µg/l;OW;Oppervlaktewater;CONCTTE;(massa)Concentratie;NVT;Niet van toepassing;JGM;Jaargemiddelde
11601;pyroxsulam (ZZS);422556-08-9;pyrslm;Milieu;Oppervlaktewater zout;Andere oppervlaktewateren Indicatief MAC-MKN (opgelost);0,0070;µg/l;OW;Oppervlaktewateren;CONCTTE;(massa)Concentratie;nf;na filtratie (opgeloste fractie);MAX;Maximum
11602;pyroxsulam (ZZS);422556-08-9;pyrslm;Milieu;Oppervlaktewater zout;Andere oppervlaktewateren Indicatief MAC-MKN (totaal);0,0070;µg/l;OW;Oppervlaktewater;CONCTTE;(massa)Concentratie;NVT;Niet van toepassing;MAX;Maximum
11603;silthiofam;175217-20-6;siltofm;Milieu;Oppervlaktewater zoet;Landoppervlaktewateren Indicatief JG-MKN (opgelost);47;µg/l;OW;Oppervlaktewater;CONCTTE;(massa)Concentratie;nf;na filtratie (opgeloste fractie);JGM;Jaargemiddelde
11604;silthiofam;175217-20-6;siltofm;Milieu;Oppervlaktewater zoet;Landoppervlaktewateren Indicatief JG-MKN (totaal);47;µg/l;OW;Oppervlaktewater;CONCTTE;(massa)Concentratie;NVT;Niet van toepassing;JGM;Jaargemiddelde
11605;silthiofam;175217-20-6;siltofm;Milieu;Oppervlaktewater zoet;Landoppervlaktewateren Indicatief MAC-MKN (opgelost);110;µg/l;OW;Oppervlaktewater;CONCTTE;(massa)Concentratie;nf;na filtratie (opgeloste fractie);MAX;Maximum
11606;silthiofam;175217-20-6;siltofm;Milieu;Oppervlaktewater zoet;Landoppervlaktewateren Indicatief MAC-MKN (totaal);110;µg/l;OW;Oppervlaktewater;CONCTTE;(massa)Concentratie;NVT;Niet van toepassing;MAX;Maximum
11607;silthiofam;175217-20-6;siltofm;Milieu;Oppervlaktewater zout;Andere oppervlaktewateren Indicatief JG-MKN (opgelost);4,7;µg/l;OW;Oppervlaktewater;CONCTTE;(massa)Concentratie;nf;na filtratie (opgeloste fractie);JGM;Jaargemiddelde
11608;silthiofam;175217-20-6;siltofm;Milieu;Oppervlaktewater zout;Andere oppervlaktewateren Indicatief JG-MKN (totaal);4,7;µg/l;OW;Oppervlaktewater;CONCTTE;(massa)Concentratie;NVT;Niet van toepassing;JGM;Jaargemiddelde
11609;silthiofam;175217-20-6;siltofm;Milieu;Oppervlaktewater zout;Andere oppervlaktewateren Indicatief MAC-MKN (opgelost);11;µg/l;OW;Oppervlaktewateren;CONCTTE;(massa)Concentratie;nf;na filtratie (opgeloste fractie);MAX;Maximum
11610;silthiofam;175217-20-6;siltofm;Milieu;Oppervlaktewater zout;Andere oppervlaktewateren Indicatief MAC-MKN (totaal);11;µg/l;OW;Oppervlaktewater;CONCTTE;(massa)Concentratie;NVT;Niet van toepassing;MAX;Maximum
11611;tribenuronmethyl;101200-48-0;TbnrC1y;Milieu;Oppervlaktewater zoet;Landoppervlaktewateren Indicatief JG-MKN (opgelost);0,024;µg/l;OW;Oppervlaktewater;CONCTTE;(massa)Concentratie;nf;na filtratie (opgeloste fractie);JGM;Jaargemiddelde
11612;tribenuronmethyl;101200-48-0;TbnrC1y;Milieu;Oppervlaktewater zoet;Landoppervlaktewateren Indicatief JG-MKN (totaal);0,024;µg/l;OW;Oppervlaktewater;CONCTTE;(massa)Concentratie;NVT;Niet van toepassing;JGM;Jaargemiddelde
11613;tribenuronmethyl;101200-48-0;TbnrC1y;Milieu;Oppervlaktewater zoet;Landoppervlaktewateren Indicatief MAC-MKN (opgelost);0,030;µg/l;OW;Oppervlaktewater;CONCTTE;(massa)Concentratie;nf;na filtratie (opgeloste fractie);MAX;Maximum
11614;tribenuronmethyl;101200-48-0;TbnrC1y;Milieu;Oppervlaktewater zoet;Landoppervlaktewateren Indicatief MAC-MKN (totaal);0,030;µg/l;OW;Oppervlaktewater;CONCTTE;(massa)Concentratie;NVT;Niet van toepassing;MAX;Maximum
11615;tribenuronmethyl;101200-48-0;TbnrC1y;Milieu;Oppervlaktewater zout;Andere oppervlaktewateren Indicatief JG-MKN (opgelost);0,0024;µg/l;OW;Oppervlaktewater;CONCTTE;(massa)Concentratie;nf;na filtratie (opgeloste fractie);JGM;Jaargemiddelde
11616;tribenuronmethyl;101200-48-0;TbnrC1y;Milieu;Oppervlaktewater zout;Andere oppervlaktewateren Indicatief JG-MKN (totaal);0,0024;µg/l;OW;Oppervlaktewater;CONCTTE;(massa)Concentratie;NVT;Niet van toepassing;JGM;Jaargemiddelde
11617;tribenuronmethyl;101200-48-0;TbnrC1y;Milieu;Oppervlaktewater zout;Andere oppervlaktewateren Indicatief MAC-MKN (opgelost);0,0030;µg/l;OW;Oppervlaktewateren;CONCTTE;(massa)Concentratie;nf;na filtratie (opgeloste fractie);MAX;Maximum
11618;tribenuronmethyl;101200-48-0;TbnrC1y;Milieu;Oppervlaktewater zout;Andere oppervlaktewateren Indicatief MAC-MKN (totaal);0,0030;µg/l;OW;Oppervlaktewater;CONCTTE;(massa)Concentratie;NVT;Niet van toepassing;MAX;Maximum
11619;tritosulfuron (ZZS);142469-14-5;tritsfrn;Milieu;Oppervlaktewater zoet;Landoppervlaktewateren Indicatief JG-MKN (opgelost);0,75;µg/l;OW;Oppervlaktewater;CONCTTE;(massa)Concentratie;nf;na filtratie (opgeloste fractie);JGM;Jaargemiddelde
11620;tritosulfuron (ZZS);142469-14-5;tritsfrn;Milieu;Oppervlaktewater zoet;Landoppervlaktewateren Indicatief JG-MKN (totaal);0,75;µg/l;OW;Oppervlaktewater;CONCTTE;(massa)Concentratie;NVT;Niet van toepassing;JGM;Jaargemiddelde
11621;tritosulfuron (ZZS);142469-14-5;tritsfrn;Milieu;Oppervlaktewater zoet;Landoppervlaktewateren Indicatief MAC-MKN (opgelost);0,75;µg/l;OW;Oppervlaktewater;CONCTTE;(massa)Concentratie;nf;na filtratie (opgeloste fractie);MAX;Maximum
11622;tritosulfuron (ZZS);142469-14-5;tritsfrn;Milieu;Oppervlaktewater zoet;Landoppervlaktewateren Indicatief MAC-MKN (totaal);0,75;µg/l;OW;Oppervlaktewater;CONCTTE;(massa)Concentratie;NVT;Niet van toepassing;MAX;Maximum
11623;tritosulfuron (ZZS);142469-14-5;tritsfrn;Milieu;Oppervlaktewater zout;Andere oppervlaktewateren Indicatief JG-MKN (opgelost);0,075;µg/l;OW;Oppervlaktewater;CONCTTE;(massa)Concentratie;nf;na filtratie (opgeloste fractie);JGM;Jaargemiddelde
11624;tritosulfuron (ZZS);142469-14-5;tritsfrn;Milieu;Oppervlaktewater zout;Andere oppervlaktewateren Indicatief JG-MKN (totaal);0,075;µg/l;OW;Oppervlaktewater;CONCTTE;(massa)Concentratie;NVT;Niet van toepassing;JGM;Jaargemiddelde
11625;tritosulfuron (ZZS);142469-14-5;tritsfrn;Milieu;Oppervlaktewater zout;Andere oppervlaktewateren Indicatief MAC-MKN (opgelost);0,075;µg/l;OW;Oppervlaktewateren;CONCTTE;(massa)Concentratie;nf;na filtratie (opgeloste fractie);MAX;Maximum
11626;tritosulfuron (ZZS);142469-14-5;tritsfrn;Milieu;Oppervlaktewater zout;Andere oppervlaktewateren Indicatief MAC-MKN (totaal);0,075;µg/l;OW;Oppervlaktewater;CONCTTE;(massa)Concentratie;NVT;Niet van toepassing;MAX;Maximum
11627;fluazifop (ZZS);69335-91-7;fluazfp;Milieu;Oppervlaktewater zoet;Landoppervlaktewateren Indicatief JG-MKN (opgelost);3,8;µg/l;OW;Oppervlaktewater;CONCTTE;(massa)Concentratie;nf;na filtratie (opgeloste fractie);JGM;Jaargemiddelde
11628;fluazifop (ZZS);69335-91-7;fluazfp;Milieu;Oppervlaktewater zoet;Landoppervlaktewateren Indicatief JG-MKN (totaal);3,8;µg/l;OW;Oppervlaktewater;CONCTTE;(massa)Concentratie;NVT;Niet van toepassing;JGM;Jaargemiddelde
11629;fluazifop (ZZS);69335-91-7;fluazfp;Milieu;Oppervlaktewater zoet;Landoppervlaktewateren Indicatief MAC-MKN (opgelost);160;µg/l;OW;Oppervlaktewater;CONCTTE;(massa)Concentratie;nf;na filtratie (opgeloste fractie);MAX;Maximum
11630;fluazifop (ZZS);69335-91-7;fluazfp;Milieu;Oppervlaktewater zoet;Landoppervlaktewateren Indicatief MAC-MKN (totaal);160;µg/l;OW;Oppervlaktewater;CONCTTE;(massa)Concentratie;NVT;Niet van toepassing;MAX;Maximum
11631;fluazifop (ZZS);69335-91-7;fluazfp;Milieu;Oppervlaktewater zout;Andere oppervlaktewateren Indicatief JG-MKN (opgelost);1,4;µg/l;OW;Oppervlaktewater;CONCTTE;(massa)Concentratie;nf;na filtratie (opgeloste fractie);JGM;Jaargemiddelde
11632;fluazifop (ZZS);69335-91-7;fluazfp;Milieu;Oppervlaktewater zout;Andere oppervlaktewateren Indicatief JG-MKN (totaal);1,4;µg/l;OW;Oppervlaktewater;CONCTTE;(massa)Concentratie;NVT;Niet van toepassing;JGM;Jaargemiddelde
11633;fluazifop (ZZS);69335-91-7;fluazfp;Milieu;Oppervlaktewater zout;Andere oppervlaktewateren Indicatief MAC-MKN (opgelost);16;µg/l;OW;Oppervlaktewateren;CONCTTE;(massa)Concentratie;nf;na filtratie (opgeloste fractie);MAX;Maximum
11634;fluazifop (ZZS);69335-91-7;fluazfp;Milieu;Oppervlaktewater zout;Andere oppervlaktewateren Indicatief MAC-MKN (totaal);16;µg/l;OW;Oppervlaktewater;CONCTTE;(massa)Concentratie;NVT;Niet van toepassing;MAX;Maximum
11638;dibenzo[a,i]pyreen (ZZS);189-55-9;DBalP;Milieu;Oppervlaktewater zoet;Landoppervlaktewateren Indicatief MTR (opgelost);1,99E-06;µg/l;OW;Oppervlaktewater;CONCTTE;(massa)Concentratie;nf;na filtratie (opgeloste fractie);P90;90-Percentiel
11641;desfenylchloridazon;6339-19-1;desFyClidzn;Milieu;Oppervlaktewater voor drinkwaterbereiding;Oppervlaktewater voor drinkwaterbereiding (gericht tot het drinkwaterbedrijf);1,0;µg/l;;;;;;;;
11643;dimethenamide-ESA;205939-58-8;DmtnmdC2asfz;Milieu;Oppervlaktewater voor drinkwaterbereiding;Oppervlaktewater voor drinkwaterbereiding (gericht tot het drinkwaterbedrijf);1,0;µg/l;;;;;;;;
11645;dimethenamide-OA;380412-59-9;DmtnmdOoHac;Milieu;Oppervlaktewater voor drinkwaterbereiding;Oppervlaktewater voor drinkwaterbereiding (gericht tot het drinkwaterbedrijf);1,0;µg/l;;;;;;;;
11647;metazachloor ESA;172960-62-2;metzClC2asfz;Milieu;Oppervlaktewater voor drinkwaterbereiding;Oppervlaktewater voor drinkwaterbereiding (gericht tot het drinkwaterbedrijf);1,0;µg/l;;;;;;;;
11649;metazachloor-zuur;1231244-60-2;metzClOoHac;Milieu;Oppervlaktewater voor drinkwaterbereiding;Oppervlaktewater voor drinkwaterbereiding (gericht tot het drinkwaterbedrijf);1,0;µg/l;;;;;;;;
11651;methyl-desfenyl-chloridazon;17254-80-7;C1ydesFyClid;Milieu;Oppervlaktewater voor drinkwaterbereiding;Oppervlaktewater voor drinkwaterbereiding (gericht tot het drinkwaterbedrijf);1,0;µg/l;;;;;;;;
11653;metolachloor-ESA;171118-09-5;metlClC2asfz;Milieu;Oppervlaktewater voor drinkwaterbereiding;Oppervlaktewater voor drinkwaterbereiding (gericht tot het drinkwaterbedrijf);1,0;µg/l;;;;;;;;
11655;metolachloor-zuur;152019-73-3;metlClOoHac;Milieu;Oppervlaktewater voor drinkwaterbereiding;Oppervlaktewater voor drinkwaterbereiding (gericht tot het drinkwaterbedrijf);1,0;µg/l;;;;;;;;
11657;propachloor ESA;123732-85-4;;Milieu;Oppervlaktewater voor drinkwaterbereiding;Oppervlaktewater voor drinkwaterbereiding (gericht tot het drinkwaterbedrijf);1,0;µg/l;;;;;;;;
11664;alkyl alcohol ethoxylaat;69011-36-5;;Milieu;Oppervlaktewater zoet;Landoppervlaktewateren Indicatief JG-MKN (opgelost);1,5;µg/l;OW;Oppervlaktewater;CONCTTE;(massa)Concentratie;nf;na filtratie (opgeloste fractie);JGM;Jaargemiddelde
11665;alkyl alcohol ethoxylaat;69011-36-5;;Milieu;Oppervlaktewater zoet;Landoppervlaktewateren Indicatief JG-MKN (totaal);1,5;µg/l;OW;Oppervlaktewater;CONCTTE;(massa)Concentratie;NVT;Niet van toepassing;JGM;Jaargemiddelde
11666;alkyl alcohol ethoxylaat;69011-36-5;;Milieu;Oppervlaktewater zoet;Landoppervlaktewateren Indicatief MAC-MKN (opgelost);15;µg/l;OW;Oppervlaktewater;CONCTTE;(massa)Concentratie;nf;na filtratie (opgeloste fractie);MAX;Maximum
11667;alkyl alcohol ethoxylaat;69011-36-5;;Milieu;Oppervlaktewater zoet;Landoppervlaktewateren Indicatief MAC-MKN (totaal);15;µg/l;OW;Oppervlaktewater;CONCTTE;(massa)Concentratie;NVT;Niet van toepassing;MAX;Maximum
11674;naftaleen-1,5-disulfonaat zuur;81-04-9;;Milieu;Oppervlaktewater zoet;Landoppervlaktewateren Indicatief JG-MKN (opgelost);0,10;mg/l;OW;Oppervlaktewater;CONCTTE;(massa)Concentratie;nf;na filtratie (opgeloste fractie);JGM;Jaargemiddelde
11675;naftaleen-1,5-disulfonaat zuur;81-04-9;;Milieu;Oppervlaktewater zoet;Landoppervlaktewateren Indicatief JG-MKN (totaal);0,10;mg/l;OW;Oppervlaktewater;CONCTTE;(massa)Concentratie;NVT;Niet van toepassing;JGM;Jaargemiddelde
11676;naftaleen-1,5-disulfonaat zuur;81-04-9;;Milieu;Oppervlaktewater zoet;Landoppervlaktewateren Indicatief MAC-MKN (opgelost);1,0;mg/l;OW;Oppervlaktewater;CONCTTE;(massa)Concentratie;nf;na filtratie (opgeloste fractie);MAX;Maximum
11677;naftaleen-1,5-disulfonaat zuur;81-04-9;;Milieu;Oppervlaktewater zoet;Landoppervlaktewateren Indicatief MAC-MKN (totaal);1,0;mg/l;OW;Oppervlaktewater;CONCTTE;(massa)Concentratie;NVT;Niet van toepassing;MAX;Maximum
11678;naftaleen-1,5-disulfonaat zuur;81-04-9;;Milieu;Oppervlaktewater zout;Andere oppervlaktewateren Indicatief JG-MKN (opgelost);0,010;mg/l;OW;Oppervlaktewater;CONCTTE;(massa)Concentratie;nf;na filtratie (opgeloste fractie);JGM;Jaargemiddelde
11679;naftaleen-1,5-disulfonaat zuur;81-04-9;;Milieu;Oppervlaktewater zout;Andere oppervlaktewateren Indicatief JG-MKN (totaal);0,010;mg/l;OW;Oppervlaktewater;CONCTTE;(massa)Concentratie;NVT;Niet van toepassing;JGM;Jaargemiddelde
11680;naftaleen-1,5-disulfonaat zuur;81-04-9;;Milieu;Oppervlaktewater zout;Andere oppervlaktewateren Indicatief MAC-MKN (opgelost);0,10;mg/l;OW;Oppervlaktewateren;CONCTTE;(massa)Concentratie;nf;na filtratie (opgeloste fractie);MAX;Maximum
11681;naftaleen-1,5-disulfonaat zuur;81-04-9;;Milieu;Oppervlaktewater zout;Andere oppervlaktewateren Indicatief MAC-MKN (totaal);0,10;mg/l;OW;Oppervlaktewater;CONCTTE;(massa)Concentratie;NVT;Niet van toepassing;MAX;Maximum
11699;polyacrylzuur;9003-04-7;;Milieu;Oppervlaktewater zoet;Landoppervlaktewateren Indicatief JG-MKN (opgelost);0,56;mg/l;OW;Oppervlaktewater;CONCTTE;(massa)Concentratie;nf;na filtratie (opgeloste fractie);JGM;Jaargemiddelde
11700;polyacrylzuur;9003-04-7;;Milieu;Oppervlaktewater zoet;Landoppervlaktewateren Indicatief JG-MKN (totaal);0,56;mg/l;OW;Oppervlaktewater;CONCTTE;(massa)Concentratie;NVT;Niet van toepassing;JGM;Jaargemiddelde
11701;polyacrylzuur;9003-04-7;;Milieu;Oppervlaktewater zoet;Landoppervlaktewateren Indicatief MAC-MKN (opgelost);4,0;mg/l;OW;Oppervlaktewater;CONCTTE;(massa)Concentratie;nf;na filtratie (opgeloste fractie);MAX;Maximum
11702;polyacrylzuur;9003-04-7;;Milieu;Oppervlaktewater zoet;Landoppervlaktewateren Indicatief MAC-MKN (totaal);4,0;mg/l;OW;Oppervlaktewater;CONCTTE;(massa)Concentratie;NVT;Niet van toepassing;MAX;Maximum
11703;polyacrylzuur;9003-04-7;;Milieu;Oppervlaktewater zout;Andere oppervlaktewateren Indicatief JG-MKN (opgelost);0,056;mg/l;OW;Oppervlaktewater;CONCTTE;(massa)Concentratie;nf;na filtratie (opgeloste fractie);JGM;Jaargemiddelde
11704;polyacrylzuur;9003-04-7;;Milieu;Oppervlaktewater zout;Andere oppervlaktewateren Indicatief JG-MKN (totaal);0,056;mg/l;OW;Oppervlaktewater;CONCTTE;(massa)Concentratie;NVT;Niet van toepassing;JGM;Jaargemiddelde
11705;polyacrylzuur;9003-04-7;;Milieu;Oppervlaktewater zout;Andere oppervlaktewateren Indicatief MAC-MKN (opgelost);0,40;mg/l;OW;Oppervlaktewateren;CONCTTE;(massa)Concentratie;nf;na filtratie (opgeloste fractie);MAX;Maximum
11706;polyacrylzuur;9003-04-7;;Milieu;Oppervlaktewater zout;Andere oppervlaktewateren Indicatief MAC-MKN (totaal);0,40;mg/l;OW;Oppervlaktewater;CONCTTE;(massa)Concentratie;NVT;Niet van toepassing;MAX;Maximum
11740;ethoxypropylacetaat;98516-30-4;;Milieu;Oppervlaktewater zoet;Landoppervlaktewateren Indicatief JG-MKN (opgelost);7,4;µg/l;OW;Oppervlaktewater;CONCTTE;(massa)Concentratie;nf;na filtratie (opgeloste fractie);JGM;Jaargemiddelde
11741;ethoxypropylacetaat;98516-30-4;;Milieu;Oppervlaktewater zoet;Landoppervlaktewateren Indicatief JG-MKN (totaal);7,4;µg/l;OW;Oppervlaktewater;CONCTTE;(massa)Concentratie;NVT;Niet van toepassing;JGM;Jaargemiddelde
11742;ethoxypropylacetaat;98516-30-4;;Milieu;Oppervlaktewater zoet;Landoppervlaktewateren Indicatief MAC-MKN (opgelost);74;µg/l;OW;Oppervlaktewater;CONCTTE;(massa)Concentratie;nf;na filtratie (opgeloste fractie);MAX;Maximum
11743;ethoxypropylacetaat;98516-30-4;;Milieu;Oppervlaktewater zoet;Landoppervlaktewateren Indicatief MAC-MKN (totaal);74;µg/l;OW;Oppervlaktewater;CONCTTE;(massa)Concentratie;NVT;Niet van toepassing;MAX;Maximum
11744;ethoxypropylacetaat;98516-30-4;;Milieu;Oppervlaktewater zout;Andere oppervlaktewateren Indicatief JG-MKN (opgelost);0,74;µg/l;OW;Oppervlaktewater;CONCTTE;(massa)Concentratie;nf;na filtratie (opgeloste fractie);JGM;Jaargemiddelde
11745;ethoxypropylacetaat;98516-30-4;;Milieu;Oppervlaktewater zout;Andere oppervlaktewateren Indicatief JG-MKN (totaal);0,74;µg/l;OW;Oppervlaktewater;CONCTTE;(massa)Concentratie;NVT;Niet van toepassing;JGM;Jaargemiddelde
11746;ethoxypropylacetaat;98516-30-4;;Milieu;Oppervlaktewater zout;Andere oppervlaktewateren Indicatief MAC-MKN (opgelost);7,4;µg/l;OW;Oppervlaktewateren;CONCTTE;(massa)Concentratie;nf;na filtratie (opgeloste fractie);MAX;Maximum
11747;ethoxypropylacetaat;98516-30-4;;Milieu;Oppervlaktewater zout;Andere oppervlaktewateren Indicatief MAC-MKN (totaal);7,4;µg/l;OW;Oppervlaktewater;CONCTTE;(massa)Concentratie;NVT;Niet van toepassing;MAX;Maximum
11748;dibutyltin (kation)  (ZZS);14488-53-0;;Milieu;Oppervlaktewater zoet;Landoppervlaktewateren wettelijk JG-MKN (totaal);0,13;µg/l;OW;Oppervlaktewater;CONCTTE;(massa)Concentratie;NVT;Niet van toepassing;JGM;Jaargemiddelde
11749;dibutyltin (kation)  (ZZS);14488-53-0;;Milieu;Oppervlaktewater zoet;Landoppervlaktewateren wettelijk MAC-MKN (totaal);0,28;µg/l;OW;Oppervlaktewater;CONCTTE;(massa)Concentratie;NVT;Niet van toepassing;MAX;Maximum
11750;dibutyltin (kation)  (ZZS);14488-53-0;;Milieu;Oppervlaktewater zout;Andere oppervlaktewateren wettelijk JG-MKN (totaal);0,09;µg/l;OW;Oppervlaktewater;CONCTTE;(massa)Concentratie;NVT;Niet van toepassing;JGM;Jaargemiddelde
11751;dibutyltin (kation)  (ZZS);14488-53-0;;Milieu;Oppervlaktewater zout;Andere oppervlaktewateren wettelijk MAC-MKN (totaal);0,21;µg/l;OW;Oppervlaktewater;CONCTTE;(massa)Concentratie;NVT;Niet van toepassing;MAX;Maximum
11752;trifenyltin (kation) (ZZS);668-34-8;;Milieu;Oppervlaktewater zoet;Landoppervlaktewateren wettelijk JG-MKN (totaal);0,00024;µg/l;OW;Oppervlaktewater;CONCTTE;(massa)Concentratie;NVT;Niet van toepassing;JGM;Jaargemiddelde
11753;trifenyltin (kation) (ZZS);668-34-8;;Milieu;Oppervlaktewater zoet;Landoppervlaktewateren wettelijk MAC-MKN (totaal);0,49;µg/l;OW;Oppervlaktewater;CONCTTE;(massa)Concentratie;NVT;Niet van toepassing;MAX;Maximum
11754;trifenyltin (kation) (ZZS);668-34-8;;Milieu;Oppervlaktewater zoet;Landoppervlaktewateren JG-MKN (opgelost);0,00023;µg/l;OW;Oppervlaktewater;CONCTTE;(massa)Concentratie;nf;na filtratie (opgeloste fractie);JGM;Jaargemiddelde
11755;trifenyltin (kation) (ZZS);668-34-8;;Milieu;Oppervlaktewater zoet;Landoppervlaktewateren MAC-MKN (opgelost);0,47;µg/l;OW;Oppervlaktewater;CONCTTE;(massa)Concentratie;nf;na filtratie (opgeloste fractie);MAX;Maximum
11756;trifenyltin (kation) (ZZS);668-34-8;;Milieu;Oppervlaktewater zout;Andere oppervlaktewateren wettelijk JG-MKN (totaal);0,00023;µg/l;OW;Oppervlaktewater;CONCTTE;(massa)Concentratie;NVT;Niet van toepassing;JGM;Jaargemiddelde
11757;trifenyltin (kation) (ZZS);668-34-8;;Milieu;Oppervlaktewater zout;Andere oppervlaktewateren wettelijk MAC-MKN (totaal);0,47;µg/l;OW;Oppervlaktewater;CONCTTE;(massa)Concentratie;NVT;Niet van toepassing;MAX;Maximum
11758;trifenyltin (kation) (ZZS);668-34-8;;Milieu;Oppervlaktewater zout;Andere oppervlaktewateren JG-MKN (opgelost);0,00023;µg/l;OW;Oppervlaktewater;CONCTTE;(massa)Concentratie;nf;na filtratie (opgeloste fractie);JGM;Jaargemiddelde
11759;trifenyltin (kation) (ZZS);668-34-8;;Milieu;Oppervlaktewater zout;Andere oppervlaktewateren MAC-MKN (opgelost);0,47;µg/l;OW;Oppervlaktewater;CONCTTE;(massa)Concentratie;nf;na filtratie (opgeloste fractie);MAX;Maximum
